municipio,uf,estado,regiao,populacao,renda_media_mensal,pib_anual_mil_reais,pib_per_capita_reais
Municipio GO-011,GO,Goiás,Centro-Oeste,2501,1022.39,37094.78,14831.98
Municipio PI-065,PI,Piauí,Nordeste,3538,1262.4,78123.23,22081.18
Municipio PR-335,PR,Paraná,Sul,9232,1239.93,129020.14,13975.32
Municipio MG-650,MG,Minas Gerais,Sudeste,6456,1978.73,189022.43,29278.57
Municipio RS-187,RS,Rio Grande do Sul,Sul,12129,2496.68,497633.93,41028.44
Municipio SC-068,SC,Santa Catarina,Sul,6645,2268.12,204401.78,30760.24
Municipio BA-287,BA,Bahia,Nordeste,11575,1220.75,161235.07,13929.6
Municipio SP-210,SP,São Paulo,Sudeste,95585,2410.44,2532805.08,26497.93
Municipio SC-074,SC,Santa Catarina,Sul,11376,2516.32,474562.44,41716.11
Municipio MG-229,MG,Minas Gerais,Sudeste,5485,1335.65,103683.48,18903.1
Municipio MG-695,MG,Minas Gerais,Sudeste,15012,1782.24,500894.85,33366.3
Municipio MG-408,MG,Minas Gerais,Sudeste,13632,1696.3,416660.36,30564.87
Municipio RR-007,RR,Roraima,Norte,5809,1223.17,126824.47,21832.41
Municipio GO-049,GO,Goiás,Centro-Oeste,5767,1106.61,109569.14,18999.33
Municipio MG-068,MG,Minas Gerais,Sudeste,31274,2278.59,938148.79,29997.72
Municipio SP-555,SP,São Paulo,Sudeste,13954,1398.91,316225.71,22662.01
Municipio MT-136,MT,Mato Grosso,Centro-Oeste,9505,1478.32,171502.01,18043.35
Municipio BA-035,BA,Bahia,Nordeste,5408,618.53,38119.2,7048.67
Municipio GO-168,GO,Goiás,Centro-Oeste,27424,1606.78,744076.26,27132.3
Municipio SP-509,SP,São Paulo,Sudeste,21154,2070.97,609486.23,28811.87
Municipio BA-052,BA,Bahia,Nordeste,19115,940.41,310947.11,16267.18
Municipio PB-074,PB,Paraíba,Nordeste,12527,1187.69,259155.83,20687.78
Municipio MG-443,MG,Minas Gerais,Sudeste,1545,1747.2,42359.33,27417.04
Municipio BA-172,BA,Bahia,Nordeste,17803,610.98,166849.5,9371.99
Municipio SC-089,SC,Santa Catarina,Sul,780,1083.05,15015.44,19250.56
Municipio RS-085,RS,Rio Grande do Sul,Sul,13654,1525.3,304162.78,22276.46
Municipio SP-013,SP,São Paulo,Sudeste,102916,2365.52,4262957.62,41421.72
Municipio RS-259,RS,Rio Grande do Sul,Sul,20096,2205.21,782114.85,38918.93
Municipio MG-805,MG,Minas Gerais,Sudeste,3243,1695.98,67348.04,20767.2
Municipio MG-840,MG,Minas Gerais,Sudeste,22646,1138.88,429639.41,18971.98
Municipio PI-032,PI,Piauí,Nordeste,6304,942.81,72024.7,11425.24
Municipio MS-036,MS,Mato Grosso do Sul,Centro-Oeste,101765,2328.33,3299169.02,32419.49
Municipio PB-137,PB,Paraíba,Nordeste,34816,624.86,266714.23,7660.68
Municipio PR-001,PR,Paraná,Sul,130287,1047.65,1938195.75,14876.36
Municipio RS-375,RS,Rio Grande do Sul,Sul,40594,1431.92,828346.03,20405.63
Municipio MT-029,MT,Mato Grosso,Centro-Oeste,22059,1733.97,727440.92,32977.06
Municipio PR-125,PR,Paraná,Sul,4274,1626.2,107643.1,25185.56
Municipio RN-150,RN,Rio Grande do Norte,Nordeste,7204,647.95,63789.41,8854.72
Municipio PR-031,PR,Paraná,Sul,50957,1324.62,907985.34,17818.66
Municipio SP-379,SP,São Paulo,Sudeste,16736,1114.65,207896.66,12422.12
Municipio PR-387,PR,Paraná,Sul,8293,1933.74,228907.83,27602.54
Municipio PI-103,PI,Piauí,Nordeste,50626,1104.05,686408.23,13558.41
Municipio PI-166,PI,Piauí,Nordeste,30037,714.76,319361.33,10632.26
Municipio AP-014,AP,Amapá,Norte,6873,951.58,116213.51,16908.7
Municipio MG-028,MG,Minas Gerais,Sudeste,12952,2345.82,566177.4,43713.51
Municipio PR-378,PR,Paraná,Sul,82421,1817.81,2821634.5,34234.41
Municipio MG-375,MG,Minas Gerais,Sudeste,20183,1821.2,660302.95,32715.8
Municipio GO-188,GO,Goiás,Centro-Oeste,14237,2229.82,514286.31,36123.22
Municipio SE-035,SE,Sergipe,Nordeste,56910,570.82,372673.82,6548.48
Municipio PB-186,PB,Paraíba,Nordeste,27160,886.46,383060.31,14103.84
Municipio PI-105,PI,Piauí,Nordeste,11095,1032.38,142390.24,12833.73
Municipio AM-022,AM,Amazonas,Norte,6908,969.47,80266.53,11619.36
Municipio GO-128,GO,Goiás,Centro-Oeste,12807,2211.77,326790.21,25516.53
Municipio RS-303,RS,Rio Grande do Sul,Sul,6207,1449.53,110081.83,17735.11
Municipio PE-108,PE,Pernambuco,Nordeste,206185,694.13,2174520.64,10546.45
Municipio RS-283,RS,Rio Grande do Sul,Sul,52876,1058.34,1001915.4,18948.4
Municipio BA-320,BA,Bahia,Nordeste,35143,758.56,447217.31,12725.64
Municipio RN-071,RN,Rio Grande do Norte,Nordeste,18286,1222.9,302465.12,16540.8
Municipio MS-016,MS,Mato Grosso do Sul,Centro-Oeste,2531,1039.08,50402.85,19914.2
Municipio MG-560,MG,Minas Gerais,Sudeste,51926,2423.8,1747076.67,33645.51
Municipio RO-028,RO,Rondônia,Norte,9096,1270.56,217858.99,23951.08
Municipio SP-404,SP,São Paulo,Sudeste,8153,2069.71,196070.49,24048.88
Municipio SE-007,SE,Sergipe,Nordeste,7738,1287.13,117829.09,15227.33
Municipio PB-163,PB,Paraíba,Nordeste,5755,944.24,79174.5,13757.52
Municipio SC-149,SC,Santa Catarina,Sul,98932,1122.64,1604666.47,16219.89
Municipio SP-110,SP,São Paulo,Sudeste,15729,1021.79,195361.97,12420.5
Municipio MT-040,MT,Mato Grosso,Centro-Oeste,37343,1129.43,456632.98,12228.07
Municipio CE-089,CE,Ceará,Nordeste,13754,1319.06,329818.84,23979.85
Municipio MG-267,MG,Minas Gerais,Sudeste,10943,2207.69,439272.8,40141.9
Municipio RN-021,RN,Rio Grande do Norte,Nordeste,2998,1149.4,64536.75,21526.6
Municipio GO-062,GO,Goiás,Centro-Oeste,15970,1437.29,433485.15,27143.72
Municipio PB-222,PB,Paraíba,Nordeste,9459,1291.0,165508.5,17497.46
Municipio SC-121,SC,Santa Catarina,Sul,18449,1306.71,295931.06,16040.49
Municipio RS-154,RS,Rio Grande do Sul,Sul,8638,1222.25,181593.88,21022.68
Municipio SP-618,SP,São Paulo,Sudeste,51273,1281.67,929681.72,18131.99
Municipio CE-105,CE,Ceará,Nordeste,10040,725.58,101884.59,10147.87
Municipio MG-242,MG,Minas Gerais,Sudeste,1782,2019.32,42068.67,23607.56
Municipio MS-013,MS,Mato Grosso do Sul,Centro-Oeste,16176,1944.13,516281.06,31916.48
Municipio PB-156,PB,Paraíba,Nordeste,19787,783.74,243799.3,12321.19
Municipio PA-031,PA,Pará,Norte,43701,1337.12,858820.9,19652.2
Municipio PR-174,PR,Paraná,Sul,1617,2208.95,54567.37,33746.05
Municipio GO-235,GO,Goiás,Centro-Oeste,11451,2050.34,311758.34,27225.42
Municipio RJ-081,RJ,Rio de Janeiro,Sudeste,2130,1851.65,71514.79,33575.02
Municipio RN-069,RN,Rio Grande do Norte,Nordeste,1382,825.4,16307.35,11799.82
Municipio RN-116,RN,Rio Grande do Norte,Nordeste,12395,1317.26,269507.75,21743.26
Municipio PI-076,PI,Piauí,Nordeste,22701,1201.98,386392.9,17020.96
Municipio RO-037,RO,Rondônia,Norte,11391,893.89,188431.24,16542.12
Municipio PR-300,PR,Paraná,Sul,140229,1400.61,2847400.21,20305.36
Municipio MS-031,MS,Mato Grosso do Sul,Centro-Oeste,5075,2041.69,158727.24,31276.3
Municipio MG-528,MG,Minas Gerais,Sudeste,6053,998.22,101639.25,16791.55
Municipio MT-060,MT,Mato Grosso,Centro-Oeste,34594,1555.09,669796.05,19361.62
Municipio SP-100,SP,São Paulo,Sudeste,3190,2030.56,116738.37,36595.1
Municipio AM-060,AM,Amazonas,Norte,9392,641.77,93390.45,9943.62
Municipio BA-249,BA,Bahia,Nordeste,22310,630.9,192644.05,8634.87
Municipio MG-082,MG,Minas Gerais,Sudeste,17536,1380.29,326096.11,18595.81
Municipio SP-223,SP,São Paulo,Sudeste,33081,1977.91,1141338.82,34501.34
Municipio PR-225,PR,Paraná,Sul,36105,2340.23,1385521.62,38374.79
Municipio SC-008,SC,Santa Catarina,Sul,3939,1689.91,104532.9,26537.93
Municipio MG-256,MG,Minas Gerais,Sudeste,3567,1789.49,105642.32,29616.57
Municipio MS-010,MS,Mato Grosso do Sul,Centro-Oeste,8122,1153.01,134738.54,16589.33
Municipio TO-124,TO,Tocantins,Norte,71271,979.0,1064501.81,14935.97
Municipio RS-060,RS,Rio Grande do Sul,Sul,13237,1495.58,292261.81,22079.16
Municipio PR-217,PR,Paraná,Sul,18138,1745.63,387782.18,21379.54
Municipio PE-175,PE,Pernambuco,Nordeste,58680,825.15,659280.91,11235.19
Municipio SP-485,SP,São Paulo,Sudeste,57137,1500.12,929571.73,16269.17
Municipio PR-377,PR,Paraná,Sul,21660,1163.21,415540.34,19184.69
Municipio MG-837,MG,Minas Gerais,Sudeste,9346,2113.61,363603.23,38904.69
Municipio MG-003,MG,Minas Gerais,Sudeste,9022,1458.62,153117.33,16971.55
Municipio SC-087,SC,Santa Catarina,Sul,4298,1451.28,84570.76,19676.77
Municipio RS-123,RS,Rio Grande do Sul,Sul,3565,1722.94,112947.43,31682.31
Municipio SP-635,SP,São Paulo,Sudeste,42709,1870.68,1425307.45,33372.53
Municipio MG-394,MG,Minas Gerais,Sudeste,19910,2476.92,643111.29,32300.92
Municipio CE-009,CE,Ceará,Nordeste,3863,947.81,65261.91,16894.1
Municipio BA-205,BA,Bahia,Nordeste,6845,1131.41,115612.5,16890.07
Municipio CE-017,CE,Ceará,Nordeste,3643,1051.44,71543.1,19638.51
Municipio MG-231,MG,Minas Gerais,Sudeste,5295,1745.48,149967.62,28322.5
Municipio PE-051,PE,Pernambuco,Nordeste,49201,546.79,314339.65,6388.89
Municipio PB-042,PB,Paraíba,Nordeste,53096,843.45,820828.79,15459.33
Municipio GO-023,GO,Goiás,Centro-Oeste,17969,2109.01,492771.82,27423.44
Municipio BA-271,BA,Bahia,Nordeste,15903,1122.28,217069.37,13649.59
Municipio PB-187,PB,Paraíba,Nordeste,20135,916.89,235549.44,11698.51
Municipio TO-115,TO,Tocantins,Norte,5891,1406.27,102916.43,17470.11
Municipio GO-007,GO,Goiás,Centro-Oeste,13176,2314.55,349762.76,26545.44
Municipio SC-143,SC,Santa Catarina,Sul,5087,1205.73,102672.35,20183.28
Municipio RS-483,RS,Rio Grande do Sul,Sul,10115,1496.6,268224.63,26517.51
Municipio SP-321,SP,São Paulo,Sudeste,4373,2221.64,155768.31,35620.47
Municipio SP-254,SP,São Paulo,Sudeste,2311,1187.83,49786.03,21543.07
Municipio PB-040,PB,Paraíba,Nordeste,5186,1001.14,98995.51,19088.99
Municipio MG-608,MG,Minas Gerais,Sudeste,203956,1123.89,3212747.5,15752.16
Municipio TO-039,TO,Tocantins,Norte,8900,621.94,85726.81,9632.23
Municipio RS-253,RS,Rio Grande do Sul,Sul,42496,2038.9,1143063.93,26898.15
Municipio MT-095,MT,Mato Grosso,Centro-Oeste,18559,1773.84,468515.76,25244.67
Municipio PI-114,PI,Piauí,Nordeste,13657,806.85,202691.23,14841.56
Municipio MG-186,MG,Minas Gerais,Sudeste,8390,2276.96,314637.23,37501.46
Municipio PA-063,PA,Pará,Norte,301685,892.54,4811800.06,15949.75
Municipio PR-346,PR,Paraná,Sul,6178,2458.05,167040.75,27038.0
Municipio TO-034,TO,Tocantins,Norte,2574,894.48,38674.77,15025.16
Municipio GO-169,GO,Goiás,Centro-Oeste,6489,1707.51,161293.39,24856.43
Municipio SC-283,SC,Santa Catarina,Sul,11342,1339.56,290907.57,25648.7
Municipio BA-246,BA,Bahia,Nordeste,3995,1314.14,100309.92,25108.87
Municipio SP-069,SP,São Paulo,Sudeste,9806,1697.76,245154.69,25000.48
Municipio ES-013,ES,Espírito Santo,Sudeste,43502,1141.33,707479.43,16263.15
Municipio PR-134,PR,Paraná,Sul,17577,1819.37,398401.93,22666.09
Municipio TO-097,TO,Tocantins,Norte,9232,1392.19,193113.97,20917.89
Municipio TO-031,TO,Tocantins,Norte,17003,1379.89,428935.88,25227.07
Municipio MA-142,MA,Maranhão,Nordeste,11516,636.78,81969.84,7117.91
Municipio SP-359,SP,São Paulo,Sudeste,13780,1541.64,332011.83,24093.75
Municipio MG-668,MG,Minas Gerais,Sudeste,10199,1609.74,184752.01,18114.72
Municipio BA-318,BA,Bahia,Nordeste,3006,743.06,27774.72,9239.76
Municipio PE-160,PE,Pernambuco,Nordeste,10481,619.32,121092.72,11553.55
Municipio MG-503,MG,Minas Gerais,Sudeste,28536,1432.49,612887.85,21477.71
Municipio MG-311,MG,Minas Gerais,Sudeste,3036,1166.03,63105.17,20785.63
Municipio SC-128,SC,Santa Catarina,Sul,6586,2353.86,289760.08,43996.37
Municipio PR-379,PR,Paraná,Sul,66084,2481.02,1830388.44,27697.91
Municipio SE-030,SE,Sergipe,Nordeste,3144,970.44,35678.97,11348.27
Municipio BA-029,BA,Bahia,Nordeste,30129,1022.08,535178.77,17762.91
Municipio SC-246,SC,Santa Catarina,Sul,26460,2543.76,1052389.14,39772.83
Municipio RS-103,RS,Rio Grande do Sul,Sul,136448,2573.58,4607217.63,33765.37
Municipio RN-115,RN,Rio Grande do Norte,Nordeste,2789,678.82,35608.87,12767.61
Municipio SC-002,SC,Santa Catarina,Sul,19650,2528.04,711394.73,36203.29
Municipio RS-467,RS,Rio Grande do Sul,Sul,3819,1103.58,78712.62,20610.79
Municipio PA-138,PA,Pará,Norte,11059,791.33,147567.93,13343.7
Municipio SE-016,SE,Sergipe,Nordeste,18224,1056.97,229294.08,12581.98
Municipio MA-189,MA,Maranhão,Nordeste,11444,800.39,168203.46,14697.96
Municipio MG-057,MG,Minas Gerais,Sudeste,33759,1360.53,722961.55,21415.37
Municipio RS-227,RS,Rio Grande do Sul,Sul,31252,2058.71,734678.06,23508.19
Municipio MA-048,MA,Maranhão,Nordeste,32001,568.55,335785.39,10492.97
Municipio SC-117,SC,Santa Catarina,Sul,1818,1734.23,58273.93,32053.87
Municipio TO-015,TO,Tocantins,Norte,934,650.55,9766.46,10456.6
Municipio RS-075,RS,Rio Grande do Sul,Sul,42665,1204.57,812518.94,19044.16
Municipio BA-308,BA,Bahia,Nordeste,154252,1182.09,2546277.27,16507.26
Municipio MG-179,MG,Minas Gerais,Sudeste,24302,1611.18,617518.32,25410.19
Municipio TO-121,TO,Tocantins,Norte,3290,1193.65,68747.41,20895.87
Municipio MG-358,MG,Minas Gerais,Sudeste,20432,1218.64,338275.87,16556.18
Municipio MT-061,MT,Mato Grosso,Centro-Oeste,9922,2277.04,270313.7,27243.87
Municipio PI-112,PI,Piauí,Nordeste,10764,822.51,140494.59,13052.27
Municipio SP-553,SP,São Paulo,Sudeste,7419,1213.67,147271.03,19850.52
Municipio SP-393,SP,São Paulo,Sudeste,8750,2071.76,217031.5,24803.6
Municipio PB-041,PB,Paraíba,Nordeste,14828,1059.95,278521.81,18783.5
Municipio GO-201,GO,Goiás,Centro-Oeste,11490,2316.22,465898.95,40548.21
Municipio RN-013,RN,Rio Grande do Norte,Nordeste,7268,1135.02,151257.15,20811.39
Municipio PI-037,PI,Piauí,Nordeste,20786,1183.18,385738.23,18557.6
Municipio PB-166,PB,Paraíba,Nordeste,21931,976.44,267930.41,12216.97
Municipio SP-087,SP,São Paulo,Sudeste,780,2235.63,28199.76,36153.54
Municipio BA-109,BA,Bahia,Nordeste,3118,600.78,29595.27,9491.75
Municipio GO-210,GO,Goiás,Centro-Oeste,6787,1802.38,175642.59,25879.27
Municipio SP-371,SP,São Paulo,Sudeste,8346,1385.48,157532.5,18875.21
Municipio SP-423,SP,São Paulo,Sudeste,15123,2117.63,544980.71,36036.55
Municipio MG-270,MG,Minas Gerais,Sudeste,7818,1198.91,156418.95,20007.54
Municipio SC-044,SC,Santa Catarina,Sul,2431,2430.06,105528.38,43409.45
Municipio SP-096,SP,São Paulo,Sudeste,2788,1660.86,71612.25,25685.89
Municipio MG-181,MG,Minas Gerais,Sudeste,1506,2318.73,66520.51,44170.33
Municipio BA-359,BA,Bahia,Nordeste,2866,1266.64,50835.08,17737.29
Municipio SC-148,SC,Santa Catarina,Sul,49506,1258.12,728395.6,14713.28
Municipio MT-071,MT,Mato Grosso,Centro-Oeste,13051,2061.65,481306.18,36878.87
Municipio MG-038,MG,Minas Gerais,Sudeste,20628,1096.56,317479.97,15390.73
Municipio PR-349,PR,Paraná,Sul,6745,2218.08,206263.62,30580.23
Municipio PI-087,PI,Piauí,Nordeste,21619,1206.1,395328.78,18286.17
Municipio BA-122,BA,Bahia,Nordeste,7616,852.7,122598.43,16097.48
Municipio PE-028,PE,Pernambuco,Nordeste,52855,1146.27,966811.08,18291.76
Municipio SC-245,SC,Santa Catarina,Sul,6377,1772.61,164712.06,25829.08
Municipio SC-076,SC,Santa Catarina,Sul,12890,1610.09,298750.45,23176.92
Municipio SC-154,SC,Santa Catarina,Sul,16031,1793.39,420031.37,26201.2
Municipio PR-130,PR,Paraná,Sul,15266,1293.76,239262.33,15672.89
Municipio SC-018,SC,Santa Catarina,Sul,57883,2294.14,1607974.92,27779.74
Municipio PR-162,PR,Paraná,Sul,4819,1636.55,100774.02,20911.81
Municipio GO-095,GO,Goiás,Centro-Oeste,37414,2192.87,1445195.25,38627.12
Municipio SP-224,SP,São Paulo,Sudeste,43223,2137.74,1642329.45,37996.66
Municipio AM-004,AM,Amazonas,Norte,13389,814.43,204040.69,15239.43
Municipio MA-060,MA,Maranhão,Nordeste,5217,877.3,51899.37,9948.13
Municipio SP-219,SP,São Paulo,Sudeste,15399,1783.04,353714.18,22969.94
Municipio MG-545,MG,Minas Gerais,Sudeste,8089,1505.38,221464.54,27378.48
Municipio RN-055,RN,Rio Grande do Norte,Nordeste,53885,554.08,497251.43,9228.01
Municipio PI-224,PI,Piauí,Nordeste,17493,877.28,185025.22,10577.1
Municipio MA-133,MA,Maranhão,Nordeste,10454,857.2,146991.8,14060.82
Municipio PA-083,PA,Pará,Norte,6419,820.09,77386.55,12055.86
Municipio MA-015,MA,Maranhão,Nordeste,4767,712.78,64158.96,13458.98
Municipio PR-298,PR,Paraná,Sul,18890,2371.9,614755.87,32543.98
Municipio SP-441,SP,São Paulo,Sudeste,18041,1761.13,440413.01,24411.78
Municipio PR-381,PR,Paraná,Sul,20364,1979.99,733325.43,36010.87
Municipio PI-131,PI,Piauí,Nordeste,4101,783.07,56145.09,13690.59
Municipio MG-675,MG,Minas Gerais,Sudeste,3942,1759.4,117543.5,29818.24
Municipio RS-010,RS,Rio Grande do Sul,Sul,15542,2078.37,471877.6,30361.45
Municipio SP-511,SP,São Paulo,Sudeste,10885,1081.41,169503.58,15572.22
Municipio TO-110,TO,Tocantins,Norte,6428,1074.26,76351.71,11877.99
Municipio PI-095,PI,Piauí,Nordeste,101060,660.85,1259255.2,12460.47
Municipio MG-781,MG,Minas Gerais,Sudeste,21439,2472.15,626980.39,29244.85
Municipio SP-558,SP,São Paulo,Sudeste,25837,1765.8,774234.18,29966.1
Municipio AP-007,AP,Amapá,Norte,10523,1260.04,144387.8,13721.16
Municipio PR-380,PR,Paraná,Sul,780,1087.28,11645.62,14930.28
Municipio MT-070,MT,Mato Grosso,Centro-Oeste,1578,1715.08,38492.94,24393.5
Municipio TO-022,TO,Tocantins,Norte,12938,765.54,115122.16,8897.99
Municipio GO-076,GO,Goiás,Centro-Oeste,20625,2187.82,652309.73,31627.14
Municipio PA-020,PA,Pará,Norte,58716,769.31,556847.42,9483.74
Municipio MG-780,MG,Minas Gerais,Sudeste,3033,1558.92,76658.19,25274.71
Municipio RS-327,RS,Rio Grande do Sul,Sul,2244,1510.99,60036.01,26754.02
Municipio PR-124,PR,Paraná,Sul,12807,2524.66,543968.38,42474.3
Municipio PR-052,PR,Paraná,Sul,88574,1879.79,2450625.26,27667.55
Municipio PA-095,PA,Pará,Norte,34513,730.05,419024.84,12141.07
Municipio GO-233,GO,Goiás,Centro-Oeste,6883,2065.09,208250.87,30255.83
Municipio PR-145,PR,Paraná,Sul,16667,2076.25,483849.09,29030.36
Municipio PR-127,PR,Paraná,Sul,780,2204.72,23640.18,30307.92
Municipio RN-098,RN,Rio Grande do Norte,Nordeste,74362,864.5,959462.71,12902.59
Municipio AM-054,AM,Amazonas,Norte,14985,945.48,191393.61,12772.35
Municipio PE-003,PE,Pernambuco,Nordeste,25829,755.49,217938.16,8437.73
Municipio PI-156,PI,Piauí,Nordeste,16415,636.92,140427.29,8554.82
Municipio MA-179,MA,Maranhão,Nordeste,36178,1184.29,801461.65,22153.29
Municipio CE-110,CE,Ceará,Nordeste,5256,1301.5,127980.26,24349.36
Municipio RR-013,RR,Roraima,Norte,2725,1085.59,50313.45,18463.65
Municipio RN-148,RN,Rio Grande do Norte,Nordeste,10781,585.62,80175.69,7436.76
Municipio MG-015,MG,Minas Gerais,Sudeste,3589,1352.04,54969.34,15316.06
Municipio SP-437,SP,São Paulo,Sudeste,2382,1582.76,68981.22,28959.37
Municipio MG-337,MG,Minas Gerais,Sudeste,21050,1779.49,644757.2,30629.8
Municipio CE-150,CE,Ceará,Nordeste,219436,1144.32,4068904.77,18542.56
Municipio BA-111,BA,Bahia,Nordeste,3507,717.35,42396.56,12089.12
Municipio BA-369,BA,Bahia,Nordeste,7801,1065.58,141596.48,18151.07
Municipio MA-032,MA,Maranhão,Nordeste,4273,593.73,30731.66,7192.06
Municipio BA-174,BA,Bahia,Nordeste,28471,744.23,265278.88,9317.51
Municipio MA-145,MA,Maranhão,Nordeste,2077,651.44,24068.03,11587.88
Municipio PA-071,PA,Pará,Norte,15286,881.65,240244.46,15716.63
Municipio SP-124,SP,São Paulo,Sudeste,18809,1085.08,286514.63,15232.85
Municipio MG-441,MG,Minas Gerais,Sudeste,5019,1934.96,112934.85,22501.46
Municipio SE-070,SE,Sergipe,Nordeste,19499,1276.61,395403.1,20278.12
Municipio RN-079,RN,Rio Grande do Norte,Nordeste,8497,1025.69,147595.69,17370.33
Municipio SP-344,SP,São Paulo,Sudeste,4774,1807.94,96999.45,20318.28
Municipio BA-294,BA,Bahia,Nordeste,7401,881.51,112620.48,15216.93
Municipio GO-205,GO,Goiás,Centro-Oeste,9676,986.53,137016.63,14160.46
Municipio RS-301,RS,Rio Grande do Sul,Sul,30263,1807.64,745056.28,24619.38
Municipio GO-121,GO,Goiás,Centro-Oeste,2657,2066.0,68407.42,25746.11
Municipio GO-179,GO,Goiás,Centro-Oeste,12227,1512.73,309607.74,25321.64
Municipio SP-237,SP,São Paulo,Sudeste,11750,1212.17,177493.41,15105.82
Municipio MG-261,MG,Minas Gerais,Sudeste,14005,1824.34,382418.82,27305.88
Municipio RS-350,RS,Rio Grande do Sul,Sul,67225,1946.76,2200996.08,32740.74
Municipio GO-071,GO,Goiás,Centro-Oeste,2628,1430.91,41927.63,15954.2
Municipio SC-225,SC,Santa Catarina,Sul,8953,2287.55,332129.19,37096.97
Municipio PR-019,PR,Paraná,Sul,97672,1043.92,1646776.29,16860.27
Municipio SP-300,SP,São Paulo,Sudeste,22714,2160.27,623516.47,27450.76
Municipio RS-488,RS,Rio Grande do Sul,Sul,2382,2154.71,62405.11,26198.62
Municipio RS-070,RS,Rio Grande do Sul,Sul,3890,1399.72,71267.02,18320.57
Municipio MG-218,MG,Minas Gerais,Sudeste,7554,1370.5,171623.35,22719.53
Municipio RJ-049,RJ,Rio de Janeiro,Sudeste,38210,1501.31,721589.08,18884.82
Municipio TO-103,TO,Tocantins,Norte,7808,633.59,78541.13,10059.06
Municipio PA-081,PA,Pará,Norte,3557,1138.1,69324.67,19489.65
Municipio MA-075,MA,Maranhão,Nordeste,68202,883.74,946472.59,13877.49
Municipio RN-016,RN,Rio Grande do Norte,Nordeste,20135,609.55,184258.77,9151.17
Municipio MG-313,MG,Minas Gerais,Sudeste,21343,2447.55,967033.51,45309.17
Municipio SP-627,SP,São Paulo,Sudeste,7412,2162.86,272059.45,36705.27
Municipio BA-045,BA,Bahia,Nordeste,7073,1269.68,171804.79,24290.23
Municipio RO-044,RO,Rondônia,Norte,10105,1078.66,174619.15,17280.47
Municipio MG-600,MG,Minas Gerais,Sudeste,3139,2023.76,115613.86,36831.43
Municipio PI-052,PI,Piauí,Nordeste,4290,1173.36,71482.22,16662.52
Municipio AM-023,AM,Amazonas,Norte,89611,1184.37,1573925.12,17563.97
Municipio PR-153,PR,Paraná,Sul,1252,1525.45,25489.95,20359.38
Municipio MG-130,MG,Minas Gerais,Sudeste,142384,1668.44,3586271.33,25187.32
Municipio PR-064,PR,Paraná,Sul,7330,1440.05,175257.05,23909.56
Municipio MG-035,MG,Minas Gerais,Sudeste,780,1621.37,17822.38,22849.21
Municipio RN-090,RN,Rio Grande do Norte,Nordeste,23559,1205.3,454507.21,19292.3
Municipio PE-021,PE,Pernambuco,Nordeste,2876,1062.56,44027.7,15308.66
Municipio SP-582,SP,São Paulo,Sudeste,16363,1546.07,374773.91,22903.74
Municipio AC-022,AC,Acre,Norte,89017,1430.52,2012138.73,22603.98
Municipio MG-086,MG,Minas Gerais,Sudeste,10049,1334.57,145283.96,14457.55
Municipio PI-036,PI,Piauí,Nordeste,84712,1093.55,1669317.69,19705.8
Municipio RN-058,RN,Rio Grande do Norte,Nordeste,12285,710.36,138052.0,11237.44
Municipio MG-817,MG,Minas Gerais,Sudeste,17958,1795.74,532934.41,29676.71
Municipio SP-570,SP,São Paulo,Sudeste,26631,2311.22,692934.73,26019.85
Municipio GO-045,GO,Goiás,Centro-Oeste,23420,1243.11,355344.5,15172.69
Municipio PR-166,PR,Paraná,Sul,52490,2245.32,1323283.86,25210.21
Municipio TO-006,TO,Tocantins,Norte,13338,1139.02,204454.92,15328.75
Municipio GO-125,GO,Goiás,Centro-Oeste,11396,1222.35,219654.78,19274.73
Municipio PB-009,PB,Paraíba,Nordeste,27373,1284.26,569183.66,20793.62
Municipio SP-414,SP,São Paulo,Sudeste,12215,1722.53,286245.74,23433.95
Municipio PB-057,PB,Paraíba,Nordeste,10379,607.26,112069.61,10797.73
Municipio BA-120,BA,Bahia,Nordeste,9376,1131.53,122748.63,13091.79
Municipio PB-201,PB,Paraíba,Nordeste,7129,691.54,55464.31,7780.1
Municipio MG-598,MG,Minas Gerais,Sudeste,2427,1869.66,82760.15,34099.77
Municipio GO-234,GO,Goiás,Centro-Oeste,34287,1381.28,784969.33,22894.08
Municipio BA-170,BA,Bahia,Nordeste,1950,706.77,24571.77,12600.91
Municipio AM-048,AM,Amazonas,Norte,1691,702.74,22429.57,13264.09
Municipio SP-530,SP,São Paulo,Sudeste,20644,1072.77,253748.45,12291.63
Municipio RJ-056,RJ,Rio de Janeiro,Sudeste,36653,2218.34,1495751.96,40808.45
Municipio MG-763,MG,Minas Gerais,Sudeste,13046,2185.61,532373.8,40807.44
Municipio PE-014,PE,Pernambuco,Nordeste,32617,1176.9,632761.13,19399.73
Municipio RS-257,RS,Rio Grande do Sul,Sul,11247,2148.7,383201.39,34071.43
Municipio PA-131,PA,Pará,Norte,5989,955.5,109410.9,18268.64
Municipio TO-045,TO,Tocantins,Norte,16834,1213.7,278194.72,16525.76
Municipio CE-021,CE,Ceará,Nordeste,4523,991.26,75916.07,16784.45
Municipio RS-105,RS,Rio Grande do Sul,Sul,26712,2377.61,707731.35,26494.88
Municipio PR-154,PR,Paraná,Sul,4895,2468.97,172610.31,35262.58
Municipio SE-015,SE,Sergipe,Nordeste,35945,1291.52,617063.63,17166.88
Municipio MG-018,MG,Minas Gerais,Sudeste,16358,2454.3,648636.65,39652.56
Municipio SP-202,SP,São Paulo,Sudeste,5663,1996.16,214961.74,37958.99
Municipio PR-324,PR,Paraná,Sul,11802,2462.55,382420.28,32403.01
Municipio CE-014,CE,Ceará,Nordeste,10318,638.8,77996.65,7559.28
Municipio PI-213,PI,Piauí,Nordeste,123548,1164.89,1883785.36,15247.4
Municipio MG-481,MG,Minas Gerais,Sudeste,39395,1075.84,598854.3,15201.28
Municipio BA-144,BA,Bahia,Nordeste,14082,939.9,176723.63,12549.61
Municipio PR-142,PR,Paraná,Sul,6200,1548.61,114480.09,18464.53
Municipio MG-091,MG,Minas Gerais,Sudeste,2655,1637.04,75937.55,28601.71
Municipio GO-099,GO,Goiás,Centro-Oeste,6207,997.91,107406.68,17304.12
Municipio PR-104,PR,Paraná,Sul,5697,1597.04,147269.84,25850.42
Municipio SP-453,SP,São Paulo,Sudeste,49209,2275.9,1213156.22,24653.14
Municipio MA-164,MA,Maranhão,Nordeste,3097,990.06,57651.09,18615.14
Municipio RS-224,RS,Rio Grande do Sul,Sul,5927,2338.04,162443.39,27407.35
Municipio SP-640,SP,São Paulo,Sudeste,13933,1953.7,400624.37,28753.63
Municipio MA-016,MA,Maranhão,Nordeste,1867,949.82,24260.32,12994.28
Municipio PR-013,PR,Paraná,Sul,5644,2130.33,209613.43,37139.16
Municipio MG-599,MG,Minas Gerais,Sudeste,9202,2372.66,278272.74,30240.46
Municipio MG-197,MG,Minas Gerais,Sudeste,4776,1885.8,117311.59,24562.73
Municipio MA-173,MA,Maranhão,Nordeste,25024,1089.25,458737.8,18331.91
Municipio PR-035,PR,Paraná,Sul,31964,1207.11,632641.49,19792.31
Municipio PB-024,PB,Paraíba,Nordeste,46437,767.69,488840.5,10526.96
Municipio PI-006,PI,Piauí,Nordeste,2758,1038.61,49939.69,18107.21
Municipio PB-031,PB,Paraíba,Nordeste,17401,1137.53,354267.17,20359.01
Municipio RN-088,RN,Rio Grande do Norte,Nordeste,930,1224.68,16150.04,17365.63
Municipio SP-195,SP,São Paulo,Sudeste,4357,2007.48,105465.46,24205.98
Municipio RJ-075,RJ,Rio de Janeiro,Sudeste,4816,1449.24,102835.15,21352.81
Municipio MG-574,MG,Minas Gerais,Sudeste,11071,1789.22,377461.72,34094.64
Municipio TO-088,TO,Tocantins,Norte,32303,1266.74,575947.92,17829.55
Municipio TO-127,TO,Tocantins,Norte,5290,852.2,68218.98,12895.84
Municipio MG-792,MG,Minas Gerais,Sudeste,17204,1132.73,244029.35,14184.45
Municipio RS-044,RS,Rio Grande do Sul,Sul,15059,2470.5,443300.38,29437.57
Municipio AL-006,AL,Alagoas,Nordeste,3182,1227.39,70943.47,22295.25
Municipio MG-326,MG,Minas Gerais,Sudeste,9149,2438.21,281344.31,30751.37
Municipio PE-040,PE,Pernambuco,Nordeste,8627,618.0,68669.58,7959.84
Municipio PI-013,PI,Piauí,Nordeste,9163,537.74,92336.85,10077.14
Municipio SC-238,SC,Santa Catarina,Sul,1512,1535.99,40476.04,26769.87
Municipio SP-257,SP,São Paulo,Sudeste,24790,1907.72,662937.25,26742.12
Municipio PR-299,PR,Paraná,Sul,15114,2130.23,517242.7,34222.75
Municipio MG-552,MG,Minas Gerais,Sudeste,8964,2012.85,344416.29,38422.17
Municipio SC-234,SC,Santa Catarina,Sul,19345,1619.92,430811.65,22269.92
Municipio PR-391,PR,Paraná,Sul,13186,2492.73,458098.63,34741.29
Municipio RN-100,RN,Rio Grande do Norte,Nordeste,5207,1285.97,84238.97,16178.02
Municipio GO-038,GO,Goiás,Centro-Oeste,33095,1363.57,764580.81,23102.61
Municipio BA-258,BA,Bahia,Nordeste,12300,990.92,170807.9,13886.82
Municipio BA-078,BA,Bahia,Nordeste,31433,986.84,527002.78,16765.91
Municipio PI-086,PI,Piauí,Nordeste,30746,1222.48,512683.77,16674.81
Municipio SP-136,SP,São Paulo,Sudeste,9332,1109.97,157410.21,16867.79
Municipio PB-001,PB,Paraíba,Nordeste,2795,1027.83,51460.73,18411.71
Municipio PE-158,PE,Pernambuco,Nordeste,5803,1201.01,111476.85,19210.21
Municipio GO-065,GO,Goiás,Centro-Oeste,24939,1325.73,515792.15,20682.15
Municipio MG-304,MG,Minas Gerais,Sudeste,6175,2268.2,253041.21,40978.33
Municipio SP-320,SP,São Paulo,Sudeste,46628,2278.8,1450998.87,31118.62
Municipio MT-114,MT,Mato Grosso,Centro-Oeste,16866,2036.52,571191.59,33866.45
Municipio MG-388,MG,Minas Gerais,Sudeste,18033,2086.45,601737.11,33368.66
Municipio GO-070,GO,Goiás,Centro-Oeste,2894,1445.77,69014.78,23847.54
Municipio MA-086,MA,Maranhão,Nordeste,82133,854.56,978784.64,11917.07
Municipio AL-059,AL,Alagoas,Nordeste,20616,1308.88,313497.87,15206.53
Municipio MA-117,MA,Maranhão,Nordeste,7075,1058.33,143755.23,20318.76
Municipio BA-257,BA,Bahia,Nordeste,2220,1319.69,37925.66,17083.63
Municipio PB-038,PB,Paraíba,Nordeste,1579,1050.41,19920.53,12615.92
Municipio CE-132,CE,Ceará,Nordeste,11315,1228.23,194283.09,17170.4
Municipio SC-042,SC,Santa Catarina,Sul,38256,2286.68,1044973.89,27315.29
Municipio MG-680,MG,Minas Gerais,Sudeste,11303,2251.2,480634.84,42522.77
Municipio PA-005,PA,Pará,Norte,4937,639.37,56709.44,11486.62
Municipio SC-126,SC,Santa Catarina,Sul,13701,2469.71,370571.77,27047.06
Municipio PI-221,PI,Piauí,Nordeste,34211,846.9,463578.29,13550.56
Municipio RS-435,RS,Rio Grande do Sul,Sul,40590,2533.65,1247295.18,30729.12
Municipio MG-026,MG,Minas Gerais,Sudeste,50290,1616.2,1249539.63,24846.68
Municipio CE-152,CE,Ceará,Nordeste,1085,1292.86,25714.19,23699.71
Municipio MG-065,MG,Minas Gerais,Sudeste,4402,1531.01,89230.74,20270.5
Municipio MG-839,MG,Minas Gerais,Sudeste,2093,1908.95,55549.85,26540.78
Municipio BA-233,BA,Bahia,Nordeste,3448,715.87,30137.23,8740.5
Municipio PR-110,PR,Paraná,Sul,19554,2502.7,666737.26,34097.23
Municipio GO-066,GO,Goiás,Centro-Oeste,33248,1179.81,424558.03,12769.43
Municipio PR-106,PR,Paraná,Sul,4529,2010.18,128818.42,28443.02
Municipio PI-051,PI,Piauí,Nordeste,7847,1188.87,176429.75,22483.72
Municipio SC-111,SC,Santa Catarina,Sul,1703,1926.24,45802.09,26894.94
Municipio SP-419,SP,São Paulo,Sudeste,1446,1809.09,47826.15,33074.79
Municipio RS-477,RS,Rio Grande do Sul,Sul,10871,2259.69,439476.27,40426.48
Municipio MA-192,MA,Maranhão,Nordeste,8524,1218.72,128726.28,15101.63
Municipio RS-039,RS,Rio Grande do Sul,Sul,34399,1585.39,639643.09,18594.82
Municipio RS-360,RS,Rio Grande do Sul,Sul,68048,1828.82,2239723.05,32913.87
Municipio MA-181,MA,Maranhão,Nordeste,77537,672.37,846532.32,10917.79
Municipio PR-003,PR,Paraná,Sul,4651,1549.07,97311.97,20922.81
Municipio GO-202,GO,Goiás,Centro-Oeste,1496,2189.53,49738.69,33247.79
Municipio SP-615,SP,São Paulo,Sudeste,43129,1997.39,1267030.88,29377.7
Municipio RS-042,RS,Rio Grande do Sul,Sul,15530,1035.92,243286.86,15665.61
Municipio GO-130,GO,Goiás,Centro-Oeste,8921,2206.62,223529.93,25056.6
Municipio MA-019,MA,Maranhão,Nordeste,89998,1031.86,1632842.93,18143.1
Municipio GO-059,GO,Goiás,Centro-Oeste,116133,1260.52,2378800.56,20483.42
Municipio BA-030,BA,Bahia,Nordeste,7026,786.94,95747.3,13627.57
Municipio PR-384,PR,Paraná,Sul,2022,2068.55,66008.67,32645.24
Municipio SP-079,SP,São Paulo,Sudeste,3702,1633.84,84129.21,22725.34
Municipio MG-779,MG,Minas Gerais,Sudeste,23710,2035.94,695302.84,29325.3
Municipio BA-176,BA,Bahia,Nordeste,3927,1193.86,57398.65,14616.41
Municipio RS-346,RS,Rio Grande do Sul,Sul,22898,2002.01,868254.03,37918.33
Municipio BA-289,BA,Bahia,Nordeste,54441,1222.57,1066761.22,19594.81
Municipio AL-010,AL,Alagoas,Nordeste,12410,904.77,206172.37,16613.41
Municipio RS-343,RS,Rio Grande do Sul,Sul,15774,1622.43,391723.66,24833.5
Municipio PR-009,PR,Paraná,Sul,41842,1711.97,1088896.67,26024.01
Municipio PR-192,PR,Paraná,Sul,47241,1757.98,1187065.31,25127.86
Municipio RJ-038,RJ,Rio de Janeiro,Sudeste,118416,1052.77,2341673.96,19774.98
Municipio PR-340,PR,Paraná,Sul,1268,1817.91,39325.43,31013.75
Municipio PR-199,PR,Paraná,Sul,1702,1044.62,25149.94,14776.7
Municipio SE-020,SE,Sergipe,Nordeste,8240,1208.86,109933.87,13341.49
Municipio ES-022,ES,Espírito Santo,Sudeste,3953,2139.16,118185.19,29897.59
Municipio MG-081,MG,Minas Gerais,Sudeste,7152,2402.12,268365.09,37523.08
Municipio PI-189,PI,Piauí,Nordeste,4090,1288.05,57578.3,14077.82
Municipio MS-037,MS,Mato Grosso do Sul,Centro-Oeste,8708,2080.03,338653.51,38889.93
Municipio AM-039,AM,Amazonas,Norte,4158,1236.86,91532.03,22013.48
Municipio CE-078,CE,Ceará,Nordeste,12347,557.94,87278.51,7068.8
Municipio RS-414,RS,Rio Grande do Sul,Sul,25791,2115.8,887103.17,34395.84
Municipio RS-351,RS,Rio Grande do Sul,Sul,10409,1792.26,352268.09,33842.64
Municipio PI-125,PI,Piauí,Nordeste,33215,1149.42,440651.55,13266.64
Municipio MG-656,MG,Minas Gerais,Sudeste,34281,2175.01,963529.26,28106.8
Municipio SP-270,SP,São Paulo,Sudeste,4818,1565.64,142340.49,29543.48
Municipio PR-383,PR,Paraná,Sul,30255,1397.96,606618.91,20050.2
Municipio SP-211,SP,São Paulo,Sudeste,4424,1526.04,74394.53,16816.12
Municipio AL-025,AL,Alagoas,Nordeste,4356,1011.0,48409.04,11113.19
Municipio MG-541,MG,Minas Gerais,Sudeste,24472,2207.8,693079.17,28321.31
Municipio CE-057,CE,Ceará,Nordeste,4026,1284.52,99094.92,24613.74
Municipio PR-259,PR,Paraná,Sul,49318,1154.11,646045.37,13099.59
Municipio BA-123,BA,Bahia,Nordeste,10823,1053.58,204779.05,18920.73
Municipio RN-083,RN,Rio Grande do Norte,Nordeste,3901,666.22,38795.67,9945.06
Municipio PE-089,PE,Pernambuco,Nordeste,11299,1246.97,160846.59,14235.47
Municipio SC-133,SC,Santa Catarina,Sul,56646,1508.98,1127785.83,19909.36
Municipio MG-217,MG,Minas Gerais,Sudeste,1750,1974.75,59188.96,33822.26
Municipio MG-211,MG,Minas Gerais,Sudeste,84628,1467.31,1891802.92,22354.34
Municipio PI-106,PI,Piauí,Nordeste,20849,869.59,279222.86,13392.63
Municipio RN-054,RN,Rio Grande do Norte,Nordeste,6499,823.65,86704.28,13341.17
Municipio MG-140,MG,Minas Gerais,Sudeste,5227,2106.74,159911.37,30593.34
Municipio PR-164,PR,Paraná,Sul,60047,1089.68,1125082.16,18736.69
Municipio CE-007,CE,Ceará,Nordeste,22383,767.48,235630.46,10527.21
Municipio MG-788,MG,Minas Gerais,Sudeste,13668,1348.31,236213.33,17282.22
Municipio BA-282,BA,Bahia,Nordeste,4543,1241.46,94317.28,20761.01
Municipio SE-043,SE,Sergipe,Nordeste,85246,1178.3,1733068.7,20330.21
Municipio MG-640,MG,Minas Gerais,Sudeste,9825,2467.76,265832.7,27056.76
Municipio RS-358,RS,Rio Grande do Sul,Sul,26404,1457.63,521990.06,19769.36
Municipio GO-090,GO,Goiás,Centro-Oeste,75834,2180.43,2497928.44,32939.43
Municipio MS-008,MS,Mato Grosso do Sul,Centro-Oeste,28295,1719.61,592757.87,20949.21
Municipio RS-058,RS,Rio Grande do Sul,Sul,1787,1890.26,41019.08,22954.16
Municipio RS-304,RS,Rio Grande do Sul,Sul,6187,1315.42,115791.18,18715.24
Municipio MG-434,MG,Minas Gerais,Sudeste,5358,1400.2,112238.81,20947.89
Municipio PE-134,PE,Pernambuco,Nordeste,287066,676.93,2256242.98,7859.67
Municipio SP-430,SP,São Paulo,Sudeste,1605,2384.3,61715.29,38451.89
Municipio PR-021,PR,Paraná,Sul,23838,2343.82,885418.63,37143.16
Municipio ES-033,ES,Espírito Santo,Sudeste,42013,1467.71,1083418.31,25787.69
Municipio PA-133,PA,Pará,Norte,22569,1349.74,347901.29,15415.01
Municipio SP-255,SP,São Paulo,Sudeste,3775,1355.81,58736.83,15559.43
Municipio BA-136,BA,Bahia,Nordeste,25110,670.27,259063.7,10317.15
Municipio AL-079,AL,Alagoas,Nordeste,13846,703.94,125886.97,9091.94
Municipio BA-222,BA,Bahia,Nordeste,8293,1093.07,171349.01,20661.88
Municipio SC-062,SC,Santa Catarina,Sul,6520,1629.28,189326.99,29037.88
Municipio PE-076,PE,Pernambuco,Nordeste,12033,691.79,130300.92,10828.63
Municipio BA-037,BA,Bahia,Nordeste,69518,1093.86,863766.62,12425.08
Municipio SE-054,SE,Sergipe,Nordeste,920,812.29,9454.67,10276.82
Municipio RN-106,RN,Rio Grande do Norte,Nordeste,14490,1025.5,214911.64,14831.72
Municipio PI-126,PI,Piauí,Nordeste,30746,1065.2,462607.17,15046.09
Municipio SC-279,SC,Santa Catarina,Sul,54551,1532.8,1467579.88,26902.9
Municipio PR-163,PR,Paraná,Sul,14939,2113.97,524037.99,35078.52
Municipio BA-311,BA,Bahia,Nordeste,18773,668.2,209824.5,11176.93
Municipio SP-439,SP,São Paulo,Sudeste,10098,1526.08,279960.97,27724.4
Municipio PE-004,PE,Pernambuco,Nordeste,4559,942.21,46438.53,10186.12
Municipio SP-569,SP,São Paulo,Sudeste,27162,2392.09,1083501.97,39890.36
Municipio SP-319,SP,São Paulo,Sudeste,15845,1613.81,337065.02,21272.64
Municipio PR-261,PR,Paraná,Sul,4218,2265.81,172827.88,40973.89
Municipio MG-587,MG,Minas Gerais,Sudeste,22262,1209.79,311967.16,14013.44
Municipio RN-009,RN,Rio Grande do Norte,Nordeste,978,785.2,10379.69,10613.18
Municipio BA-356,BA,Bahia,Nordeste,22945,1303.14,387548.83,16890.34
Municipio RS-089,RS,Rio Grande do Sul,Sul,12182,1154.17,247501.9,20317.02
Municipio PB-211,PB,Paraíba,Nordeste,3031,808.09,35787.71,11807.23
Municipio SP-304,SP,São Paulo,Sudeste,115568,1018.11,1976472.44,17102.25
Municipio SC-271,SC,Santa Catarina,Sul,2674,1932.49,95397.17,35675.83
Municipio PI-049,PI,Piauí,Nordeste,56525,920.43,822014.79,14542.5
Municipio RN-113,RN,Rio Grande do Norte,Nordeste,34719,1225.64,521383.05,15017.23
Municipio PE-123,PE,Pernambuco,Nordeste,29176,1219.11,517188.8,17726.51
Municipio MG-054,MG,Minas Gerais,Sudeste,17555,1812.54,584509.61,33295.9
Municipio RR-012,RR,Roraima,Norte,6312,1018.45,79189.24,12545.82
Municipio PB-047,PB,Paraíba,Nordeste,2580,1084.45,39378.91,15263.14
Municipio GO-017,GO,Goiás,Centro-Oeste,8248,1440.0,183353.72,22230.08
Municipio BA-297,BA,Bahia,Nordeste,793,902.8,9444.39,11909.7
Municipio PI-010,PI,Piauí,Nordeste,1610,1124.34,21694.02,13474.55
Municipio BA-046,BA,Bahia,Nordeste,2888,701.0,31745.16,10992.09
Municipio SC-073,SC,Santa Catarina,Sul,37374,1092.95,590439.89,15798.15
Municipio RJ-063,RJ,Rio de Janeiro,Sudeste,56263,1720.44,1475633.81,26227.43
Municipio SC-214,SC,Santa Catarina,Sul,7580,1459.42,179173.01,23637.6
Municipio GO-191,GO,Goiás,Centro-Oeste,24165,1238.32,427062.15,17672.76
Municipio MA-121,MA,Maranhão,Nordeste,77359,1110.58,1066928.21,13791.91
Municipio SC-237,SC,Santa Catarina,Sul,1742,2508.72,58025.11,33309.48
Municipio PR-251,PR,Paraná,Sul,2025,2041.57,69377.22,34260.36
Municipio SP-391,SP,São Paulo,Sudeste,154250,1786.31,5163363.46,33473.99
Municipio RS-021,RS,Rio Grande do Sul,Sul,1794,1637.36,53868.73,30027.16
Municipio MA-212,MA,Maranhão,Nordeste,4621,761.28,56658.3,12261.05
Municipio SC-170,SC,Santa Catarina,Sul,32167,2307.17,962768.4,29930.31
Municipio SP-574,SP,São Paulo,Sudeste,13630,1077.8,227526.11,16693.04
Municipio MG-246,MG,Minas Gerais,Sudeste,37707,1556.32,1035525.14,27462.41
Municipio PB-181,PB,Paraíba,Nordeste,35554,633.84,289647.63,8146.7
Municipio SC-145,SC,Santa Catarina,Sul,6651,2524.7,243580.44,36623.13
Municipio MG-296,MG,Minas Gerais,Sudeste,2382,2113.81,80641.99,33854.74
Municipio RJ-032,RJ,Rio de Janeiro,Sudeste,7909,1220.08,124729.33,15770.56
Municipio SE-004,SE,Sergipe,Nordeste,5776,1171.85,113648.79,19676.04
Municipio RN-166,RN,Rio Grande do Norte,Nordeste,4673,909.08,76771.36,16428.71
Municipio MT-031,MT,Mato Grosso,Centro-Oeste,105880,1363.42,2128522.77,20103.16
Municipio CE-154,CE,Ceará,Nordeste,17732,1207.29,290845.8,16402.31
Municipio SP-015,SP,São Paulo,Sudeste,16208,1674.56,422875.15,26090.52
Municipio AL-044,AL,Alagoas,Nordeste,9531,1280.91,229340.74,24062.61
Municipio PR-184,PR,Paraná,Sul,6868,1972.66,242513.52,35310.65
Municipio MG-376,MG,Minas Gerais,Sudeste,1225,1040.62,15889.08,12970.68
Municipio ES-035,ES,Espírito Santo,Sudeste,780,1978.32,17903.46,22953.15
Municipio SP-031,SP,São Paulo,Sudeste,4586,1461.01,121811.57,26561.62
Municipio CE-023,CE,Ceará,Nordeste,5514,927.4,57229.91,10379.02
Municipio MG-642,MG,Minas Gerais,Sudeste,9599,1091.33,166653.99,17361.6
Municipio MA-094,MA,Maranhão,Nordeste,8163,1028.73,133696.84,16378.4
Municipio PA-028,PA,Pará,Norte,13367,1198.57,180533.7,13505.93
Municipio SP-088,SP,São Paulo,Sudeste,7947,1034.94,114323.78,14385.78
Municipio PB-185,PB,Paraíba,Nordeste,56166,1174.47,1219207.66,21707.22
Municipio PI-062,PI,Piauí,Nordeste,2392,1289.35,42443.93,17744.12
Municipio AL-076,AL,Alagoas,Nordeste,32444,984.65,485292.17,14957.84
Municipio SE-047,SE,Sergipe,Nordeste,10851,1202.76,148925.61,13724.6
Municipio PR-160,PR,Paraná,Sul,24582,1991.49,902059.87,36695.95
Municipio SC-081,SC,Santa Catarina,Sul,8491,1938.38,282756.46,33300.73
Municipio MT-119,MT,Mato Grosso,Centro-Oeste,17477,1565.65,373086.46,21347.28
Municipio MA-139,MA,Maranhão,Nordeste,19031,1284.35,461175.12,24232.84
Municipio RN-075,RN,Rio Grande do Norte,Nordeste,37987,1025.4,735238.37,19355.0
Municipio TO-037,TO,Tocantins,Norte,21430,1002.41,257273.44,12005.29
Municipio PB-011,PB,Paraíba,Nordeste,11545,986.29,140608.36,12179.16
Municipio CE-058,CE,Ceará,Nordeste,14588,1285.49,311566.03,21357.69
Municipio RS-402,RS,Rio Grande do Sul,Sul,2236,1362.44,50842.63,22738.21
Municipio SP-508,SP,São Paulo,Sudeste,21885,1438.54,535693.87,24477.67
Municipio MS-033,MS,Mato Grosso do Sul,Centro-Oeste,16078,1784.82,499685.89,31078.86
Municipio PB-043,PB,Paraíba,Nordeste,58946,1142.86,971411.63,16479.69
Municipio SP-221,SP,São Paulo,Sudeste,15212,1257.39,287825.54,18920.95
Municipio MA-083,MA,Maranhão,Nordeste,4097,1042.01,65384.19,15959.04
Municipio PB-208,PB,Paraíba,Nordeste,15108,1240.43,307214.68,20334.57
Municipio SP-519,SP,São Paulo,Sudeste,10221,1232.56,156502.19,15311.83
Municipio PB-210,PB,Paraíba,Nordeste,35572,1031.08,676579.52,19020.0
Municipio PI-188,PI,Piauí,Nordeste,81470,1096.21,1369438.31,16809.11
Municipio PE-023,PE,Pernambuco,Nordeste,11113,788.68,113010.38,10169.21
Municipio BA-173,BA,Bahia,Nordeste,3736,1306.83,66885.55,17902.98
Municipio RS-004,RS,Rio Grande do Sul,Sul,8913,2173.81,318571.44,35742.34
Municipio BA-151,BA,Bahia,Nordeste,81113,1232.7,1314713.51,16208.42
Municipio BA-286,BA,Bahia,Nordeste,11253,558.42,110165.56,9789.88
Municipio GO-132,GO,Goiás,Centro-Oeste,7114,1544.22,134247.8,18870.93
Municipio AL-001,AL,Alagoas,Nordeste,2584,1099.37,42984.09,16634.71
Municipio PB-129,PB,Paraíba,Nordeste,7956,834.49,85417.87,10736.28
Municipio CE-101,CE,Ceará,Nordeste,28164,841.31,327924.21,11643.38
Municipio CE-042,CE,Ceará,Nordeste,85388,1132.14,1664756.93,19496.38
Municipio RS-112,RS,Rio Grande do Sul,Sul,1496,1099.82,29885.76,19977.11
Municipio PR-374,PR,Paraná,Sul,1582,2001.5,41987.97,26541.07
Municipio RS-255,RS,Rio Grande do Sul,Sul,30605,2230.16,1278119.8,41761.8
Municipio PR-200,PR,Paraná,Sul,12021,1371.08,255209.7,21230.32
Municipio GO-204,GO,Goiás,Centro-Oeste,36242,2206.61,952129.63,26271.44
Municipio RS-388,RS,Rio Grande do Sul,Sul,1317,2451.03,60980.39,46302.5
Municipio BA-299,BA,Bahia,Nordeste,16137,974.73,220635.15,13672.63
Municipio RJ-025,RJ,Rio de Janeiro,Sudeste,10484,1638.9,227238.99,21674.84
Municipio BA-125,BA,Bahia,Nordeste,6035,673.37,64639.38,10710.75
Municipio PB-017,PB,Paraíba,Nordeste,12049,1052.02,175469.67,14563.01
Municipio RS-267,RS,Rio Grande do Sul,Sul,3833,1020.94,57159.46,14912.46
Municipio MG-580,MG,Minas Gerais,Sudeste,11347,1332.34,243140.11,21427.7
Municipio SC-251,SC,Santa Catarina,Sul,1835,2427.42,54508.05,29704.66
Municipio RS-290,RS,Rio Grande do Sul,Sul,20519,2297.36,574936.78,28019.73
Municipio BA-017,BA,Bahia,Nordeste,7188,750.78,94864.79,13197.66
Municipio PI-070,PI,Piauí,Nordeste,1671,627.18,12939.44,7743.53
Municipio MA-098,MA,Maranhão,Nordeste,6919,749.15,71471.2,10329.7
Municipio SP-161,SP,São Paulo,Sudeste,3593,1802.86,93138.98,25922.34
Municipio MG-137,MG,Minas Gerais,Sudeste,5226,2267.95,192097.66,36758.07
Municipio RJ-023,RJ,Rio de Janeiro,Sudeste,35720,2083.82,1144425.82,32038.8
Municipio MA-008,MA,Maranhão,Nordeste,24432,834.85,343212.39,14047.66
Municipio RS-385,RS,Rio Grande do Sul,Sul,3117,2405.64,114417.82,36707.67
Municipio SC-130,SC,Santa Catarina,Sul,23185,1460.82,404930.25,17465.18
Municipio MG-568,MG,Minas Gerais,Sudeste,8395,2251.63,240221.12,28614.78
Municipio RS-475,RS,Rio Grande do Sul,Sul,1364,1502.89,37270.25,27324.23
Municipio PB-102,PB,Paraíba,Nordeste,8879,967.64,144994.21,16330.02
Municipio GO-162,GO,Goiás,Centro-Oeste,3851,2182.09,122481.59,31805.14
Municipio MT-068,MT,Mato Grosso,Centro-Oeste,40674,2178.14,1289604.43,31705.87
Municipio BA-312,BA,Bahia,Nordeste,13072,1287.45,195061.43,14922.08
Municipio MG-694,MG,Minas Gerais,Sudeste,83977,1793.24,2832834.16,33733.45
Municipio PR-133,PR,Paraná,Sul,6087,1256.82,100923.89,16580.23
Municipio AM-019,AM,Amazonas,Norte,7904,982.94,113137.69,14313.98
Municipio GO-043,GO,Goiás,Centro-Oeste,6531,1064.14,92774.88,14205.31
Municipio RS-132,RS,Rio Grande do Sul,Sul,45057,2541.51,1452727.38,32241.99
Municipio TO-072,TO,Tocantins,Norte,130807,591.38,1381425.07,10560.79
Municipio RN-125,RN,Rio Grande do Norte,Nordeste,5633,1159.43,73043.76,12967.12
Municipio SP-024,SP,São Paulo,Sudeste,25184,2055.01,714460.38,28369.61
Municipio AL-102,AL,Alagoas,Nordeste,5733,1289.76,86285.26,15050.63
Municipio SP-589,SP,São Paulo,Sudeste,11272,1371.31,294944.83,26166.15
Municipio RR-014,RR,Roraima,Norte,1684,1137.75,24556.61,14582.31
Municipio PR-051,PR,Paraná,Sul,4328,1864.41,146666.11,33887.73
Municipio BA-305,BA,Bahia,Nordeste,5248,720.61,58372.72,11122.85
Municipio MA-187,MA,Maranhão,Nordeste,8681,962.73,151338.89,17433.35
Municipio PI-210,PI,Piauí,Nordeste,13098,638.56,100126.08,7644.38
Municipio MG-392,MG,Minas Gerais,Sudeste,38523,1742.5,728102.39,18900.46
Municipio GO-058,GO,Goiás,Centro-Oeste,15779,1611.08,476173.6,30177.68
Municipio SE-037,SE,Sergipe,Nordeste,27639,549.39,183846.18,6651.69
Municipio MT-066,MT,Mato Grosso,Centro-Oeste,22882,1238.65,379997.93,16606.85
Municipio AL-089,AL,Alagoas,Nordeste,41485,814.0,586801.5,14144.91
Municipio PE-043,PE,Pernambuco,Nordeste,46126,746.24,573007.33,12422.65
Municipio MG-540,MG,Minas Gerais,Sudeste,23095,1935.79,591864.77,25627.4
Municipio SP-330,SP,São Paulo,Sudeste,43901,2440.72,1279950.0,29155.37
Municipio ES-051,ES,Espírito Santo,Sudeste,8305,1052.86,113178.37,13627.74
Municipio MG-448,MG,Minas Gerais,Sudeste,17067,1306.09,317257.89,18588.97
Municipio MG-117,MG,Minas Gerais,Sudeste,5556,1849.83,136737.62,24610.8
Municipio MG-470,MG,Minas Gerais,Sudeste,2577,1182.06,54476.72,21139.59
Municipio MG-254,MG,Minas Gerais,Sudeste,45029,2087.04,1180841.99,26224.03
Municipio AL-004,AL,Alagoas,Nordeste,64819,860.81,843108.16,13007.11
Municipio MG-436,MG,Minas Gerais,Sudeste,6389,1389.82,170391.56,26669.52
Municipio PR-322,PR,Paraná,Sul,96245,1716.53,2544451.6,26437.23
Municipio SP-625,SP,São Paulo,Sudeste,2412,1970.15,77442.58,32107.21
Municipio SC-229,SC,Santa Catarina,Sul,32561,1044.67,512119.7,15728.01
Municipio PE-062,PE,Pernambuco,Nordeste,123200,852.18,1933034.58,15690.22
Municipio PE-126,PE,Pernambuco,Nordeste,3686,1183.46,67154.36,18218.76
Municipio AL-095,AL,Alagoas,Nordeste,4070,664.96,39760.86,9769.25
Municipio SP-424,SP,São Paulo,Sudeste,4205,1806.32,125124.75,29756.18
Municipio MG-214,MG,Minas Gerais,Sudeste,26728,1115.0,408857.33,15296.97
Municipio RJ-006,RJ,Rio de Janeiro,Sudeste,1956,2403.08,58167.15,29737.81
Municipio CE-161,CE,Ceará,Nordeste,273493,1278.99,6644388.38,24294.55
Municipio SP-389,SP,São Paulo,Sudeste,14048,1380.65,355915.02,25335.64
Municipio PB-123,PB,Paraíba,Nordeste,6747,562.54,60055.18,8901.02
Municipio MG-430,MG,Minas Gerais,Sudeste,5433,2331.26,214775.42,39531.64
Municipio MG-100,MG,Minas Gerais,Sudeste,2181,1904.96,78214.61,35861.81
Municipio PE-115,PE,Pernambuco,Nordeste,20716,1235.52,385717.43,18619.3
Municipio PB-153,PB,Paraíba,Nordeste,11171,1134.44,242298.46,21689.95
Municipio PB-142,PB,Paraíba,Nordeste,2284,631.12,20873.61,9139.06
Municipio PR-113,PR,Paraná,Sul,2360,2528.84,71592.96,30336.0
Municipio MG-616,MG,Minas Gerais,Sudeste,40564,2202.48,1272839.92,31378.56
Municipio RS-318,RS,Rio Grande do Sul,Sul,7274,1531.32,187927.17,25835.46
Municipio SP-482,SP,São Paulo,Sudeste,53635,1261.32,1215619.58,22664.67
Municipio SC-293,SC,Santa Catarina,Sul,18098,1240.6,304950.21,16849.94
Municipio GO-134,GO,Goiás,Centro-Oeste,8010,934.48,135978.65,16976.11
Municipio MG-158,MG,Minas Gerais,Sudeste,6063,1861.13,163163.16,26911.29
Municipio AC-020,AC,Acre,Norte,97111,650.14,807160.06,8311.73
Municipio PB-199,PB,Paraíba,Nordeste,81061,1214.08,1807978.1,22303.92
Municipio MG-786,MG,Minas Gerais,Sudeste,3061,1525.02,71022.41,23202.36
Municipio MG-013,MG,Minas Gerais,Sudeste,12137,1697.5,343857.86,28331.37
Municipio SP-263,SP,São Paulo,Sudeste,10938,2202.44,335234.01,30648.57
Municipio MG-590,MG,Minas Gerais,Sudeste,42586,2225.13,1506020.88,35364.22
Municipio PB-080,PB,Paraíba,Nordeste,77479,782.95,777908.99,10040.26
Municipio AL-048,AL,Alagoas,Nordeste,5021,1102.95,65654.29,13075.94
Municipio PI-167,PI,Piauí,Nordeste,16752,909.93,196346.88,11720.8
Municipio SP-645,SP,São Paulo,Sudeste,4393,2354.23,130906.65,29798.92
Municipio PB-079,PB,Paraíba,Nordeste,52720,1291.61,982509.61,18636.37
Municipio TO-120,TO,Tocantins,Norte,22513,602.03,218949.36,9725.46
Municipio SP-496,SP,São Paulo,Sudeste,4153,1388.9,69084.97,16634.96
Municipio PI-053,PI,Piauí,Nordeste,15241,626.81,179497.21,11777.26
Municipio PE-147,PE,Pernambuco,Nordeste,25281,1284.8,532667.21,21069.86
Municipio MG-653,MG,Minas Gerais,Sudeste,12809,2315.78,534150.49,41701.19
Municipio RN-101,RN,Rio Grande do Norte,Nordeste,14036,598.57,113138.34,8060.58
Municipio SC-127,SC,Santa Catarina,Sul,8546,1761.39,163763.24,19162.56
Municipio GO-079,GO,Goiás,Centro-Oeste,9499,1657.21,230497.84,24265.48
Municipio MG-148,MG,Minas Gerais,Sudeste,3446,2311.55,107444.17,31179.39
Municipio MA-169,MA,Maranhão,Nordeste,44858,1026.99,538819.17,12011.66
Municipio SP-459,SP,São Paulo,Sudeste,7373,2330.73,230929.29,31320.94
Municipio RJ-073,RJ,Rio de Janeiro,Sudeste,8919,1974.42,282625.89,31688.07
Municipio PB-158,PB,Paraíba,Nordeste,2479,1265.83,47691.81,19238.33
Municipio PE-174,PE,Pernambuco,Nordeste,1489,535.96,11604.29,7793.34
Municipio TO-084,TO,Tocantins,Norte,6730,828.86,90337.74,13423.14
Municipio BA-270,BA,Bahia,Nordeste,4023,964.56,54146.84,13459.32
Municipio PI-163,PI,Piauí,Nordeste,34060,1107.0,681746.44,20016.04
Municipio MA-197,MA,Maranhão,Nordeste,44016,1039.87,822518.05,18686.8
Municipio PA-014,PA,Pará,Norte,17966,1210.91,380457.32,21176.52
Municipio BA-363,BA,Bahia,Nordeste,909,1124.72,11836.51,13021.46
Municipio SP-234,SP,São Paulo,Sudeste,6824,1185.73,148750.64,21798.16
Municipio MG-144,MG,Minas Gerais,Sudeste,5661,2072.13,133131.82,23517.37
Municipio MG-265,MG,Minas Gerais,Sudeste,6331,1007.22,88161.12,13925.31
Municipio MG-660,MG,Minas Gerais,Sudeste,18772,2046.56,609059.01,32445.08
Municipio SP-324,SP,São Paulo,Sudeste,22530,1747.85,728780.8,32347.13
Municipio RJ-051,RJ,Rio de Janeiro,Sudeste,13669,1562.32,326974.36,23920.87
Municipio MG-705,MG,Minas Gerais,Sudeste,5838,1951.19,149399.59,25590.89
Municipio SC-063,SC,Santa Catarina,Sul,56602,2163.57,2119577.0,37447.03
Municipio TO-089,TO,Tocantins,Norte,10689,1139.26,147675.28,13815.63
Municipio SC-257,SC,Santa Catarina,Sul,3910,1316.1,67764.19,17330.99
Municipio PR-096,PR,Paraná,Sul,10025,2346.81,281386.92,28068.52
Municipio MG-016,MG,Minas Gerais,Sudeste,8098,1866.24,287661.13,35522.49
Municipio SP-042,SP,São Paulo,Sudeste,8527,2215.73,242447.41,28432.91
Municipio MA-007,MA,Maranhão,Nordeste,10120,1228.8,146918.23,14517.61
Municipio RS-460,RS,Rio Grande do Sul,Sul,19631,1187.08,375314.35,19118.45
Municipio RJ-019,RJ,Rio de Janeiro,Sudeste,15909,2417.39,690160.01,43381.73
Municipio PR-229,PR,Paraná,Sul,7973,1940.49,208585.17,26161.44
Municipio PI-004,PI,Piauí,Nordeste,10817,801.92,142851.66,13206.22
Municipio SP-638,SP,São Paulo,Sudeste,5234,2474.73,238831.27,45630.74
Municipio SP-052,SP,São Paulo,Sudeste,11306,2310.42,435987.32,38562.47
Municipio BA-352,BA,Bahia,Nordeste,30343,1138.76,632126.09,20832.68
Municipio SC-071,SC,Santa Catarina,Sul,15502,1343.99,357453.29,23058.53
Municipio GO-096,GO,Goiás,Centro-Oeste,2399,1388.07,51699.41,21550.4
Municipio SC-013,SC,Santa Catarina,Sul,19971,2349.45,705106.71,35306.53
Municipio RS-409,RS,Rio Grande do Sul,Sul,53615,1973.09,1278875.77,23852.95
Municipio MA-216,MA,Maranhão,Nordeste,1035,980.08,15960.06,15420.35
Municipio MG-401,MG,Minas Gerais,Sudeste,15736,2453.96,577074.62,36672.26
Municipio PR-284,PR,Paraná,Sul,18057,1580.32,360997.53,19992.11
Municipio AL-090,AL,Alagoas,Nordeste,2162,904.02,24705.81,11427.29
Municipio PR-107,PR,Paraná,Sul,5077,1867.7,113327.56,22321.76
Municipio PA-024,PA,Pará,Norte,8988,809.04,138298.54,15387.02
Municipio BA-218,BA,Bahia,Nordeste,50949,730.94,662084.72,12995.05
Municipio PA-069,PA,Pará,Norte,31955,845.76,451860.18,14140.52
Municipio RS-361,RS,Rio Grande do Sul,Sul,42158,1436.05,803382.27,19056.46
Municipio PR-030,PR,Paraná,Sul,18851,2192.61,675695.85,35844.03
Municipio MA-188,MA,Maranhão,Nordeste,38255,1321.91,852425.42,22282.72
Municipio PE-059,PE,Pernambuco,Nordeste,98664,1039.19,1915102.64,19410.35
Municipio MG-633,MG,Minas Gerais,Sudeste,17163,1998.02,399360.6,23268.69
Municipio PA-113,PA,Pará,Norte,18866,699.97,248978.73,13197.22
Municipio MG-322,MG,Minas Gerais,Sudeste,19447,1510.35,372685.87,19164.18
Municipio BA-250,BA,Bahia,Nordeste,6408,950.63,79737.04,12443.36
Municipio PB-070,PB,Paraíba,Nordeste,11996,976.3,164159.44,13684.51
Municipio SP-186,SP,São Paulo,Sudeste,89823,1724.49,2424718.4,26994.4
Municipio PI-155,PI,Piauí,Nordeste,238993,892.14,4074223.63,17047.46
Municipio MG-632,MG,Minas Gerais,Sudeste,48831,1493.82,871363.41,17844.47
Municipio GO-001,GO,Goiás,Centro-Oeste,10194,936.69,128260.94,12582.0
Municipio MG-391,MG,Minas Gerais,Sudeste,101463,2029.34,3061855.25,30177.06
Municipio MG-701,MG,Minas Gerais,Sudeste,7097,1549.72,165008.96,23250.52
Municipio RS-034,RS,Rio Grande do Sul,Sul,14855,2109.54,566409.78,38129.23
Municipio PE-056,PE,Pernambuco,Nordeste,63969,920.61,1088485.73,17015.83
Municipio PR-359,PR,Paraná,Sul,77827,2272.33,2815856.28,36180.97
Municipio SP-242,SP,São Paulo,Sudeste,5112,1822.18,138298.1,27053.62
Municipio MT-135,MT,Mato Grosso,Centro-Oeste,1194,1647.61,22126.65,18531.53
Municipio GO-069,GO,Goiás,Centro-Oeste,51313,1383.43,1214509.31,23668.65
Municipio PB-003,PB,Paraíba,Nordeste,29066,743.67,331989.05,11421.9
Municipio RS-432,RS,Rio Grande do Sul,Sul,6436,1858.12,225934.22,35104.76
Municipio TO-077,TO,Tocantins,Norte,37323,650.39,462671.05,12396.41
Municipio BA-329,BA,Bahia,Nordeste,5923,1269.95,124709.71,21055.16
Municipio ES-024,ES,Espírito Santo,Sudeste,16694,2361.49,453563.89,27169.28
Municipio AL-041,AL,Alagoas,Nordeste,7920,994.16,146262.49,18467.49
Municipio RJ-017,RJ,Rio de Janeiro,Sudeste,7279,1581.22,150101.09,20621.11
Municipio SP-539,SP,São Paulo,Sudeste,3289,2019.88,77208.85,23474.87
Municipio MG-659,MG,Minas Gerais,Sudeste,5991,1710.65,111976.06,18690.71
Municipio MG-073,MG,Minas Gerais,Sudeste,6798,2148.24,168978.29,24857.06
Municipio BA-340,BA,Bahia,Nordeste,39385,1112.02,778799.8,19774.02
Municipio BA-091,BA,Bahia,Nordeste,10887,1302.28,256173.75,23530.24
Municipio MS-032,MS,Mato Grosso do Sul,Centro-Oeste,3942,2259.91,105467.08,26754.71
Municipio RN-076,RN,Rio Grande do Norte,Nordeste,33196,997.8,400158.85,12054.43
Municipio PE-157,PE,Pernambuco,Nordeste,4244,701.76,53728.48,12659.87
Municipio MA-111,MA,Maranhão,Nordeste,10755,661.54,91948.2,8549.34
Municipio BA-266,BA,Bahia,Nordeste,10395,851.29,114517.07,11016.55
Municipio PE-135,PE,Pernambuco,Nordeste,21486,1261.65,337111.93,15689.84
Municipio MG-069,MG,Minas Gerais,Sudeste,6290,1428.56,137776.5,21904.05
Municipio MG-738,MG,Minas Gerais,Sudeste,10981,1229.55,236877.75,21571.6
Municipio CE-160,CE,Ceará,Nordeste,21665,1155.48,289937.41,13382.76
Municipio SP-575,SP,São Paulo,Sudeste,3444,1058.64,63597.47,18466.16
Municipio SE-031,SE,Sergipe,Nordeste,36394,1175.59,788141.13,21655.8
Municipio MA-180,MA,Maranhão,Nordeste,32690,822.56,446755.91,13666.44
Municipio BA-395,BA,Bahia,Nordeste,8310,1026.51,132269.31,15916.88
Municipio RJ-092,RJ,Rio de Janeiro,Sudeste,4633,1148.92,68698.65,14828.11
Municipio SP-182,SP,São Paulo,Sudeste,7517,2374.21,262336.0,34899.03
Municipio RS-133,RS,Rio Grande do Sul,Sul,4634,1739.07,145274.0,31349.59
Municipio PI-152,PI,Piauí,Nordeste,4066,1252.31,55033.38,13535.02
Municipio RS-184,RS,Rio Grande do Sul,Sul,2830,1379.45,65155.78,23023.24
Municipio RS-436,RS,Rio Grande do Sul,Sul,12837,1022.9,242714.73,18907.43
Municipio RJ-039,RJ,Rio de Janeiro,Sudeste,24658,1178.39,342343.84,13883.68
Municipio RS-339,RS,Rio Grande do Sul,Sul,3671,1474.64,58547.7,15948.71
Municipio GO-163,GO,Goiás,Centro-Oeste,4422,1373.99,104858.83,23712.99
Municipio RJ-082,RJ,Rio de Janeiro,Sudeste,5722,2048.38,134765.23,23552.12
Municipio PI-117,PI,Piauí,Nordeste,5753,974.57,72199.61,12549.91
Municipio MG-411,MG,Minas Gerais,Sudeste,35800,1282.2,724009.93,20223.74
Municipio MS-038,MS,Mato Grosso do Sul,Centro-Oeste,7567,1739.07,243169.2,32135.48
Municipio MT-008,MT,Mato Grosso,Centro-Oeste,6935,1607.25,144059.84,20772.87
Municipio CE-139,CE,Ceará,Nordeste,43588,827.74,674789.95,15481.09
Municipio PA-025,PA,Pará,Norte,13326,1003.14,241973.67,18158.01
Municipio MG-564,MG,Minas Gerais,Sudeste,20647,1953.69,528985.26,25620.44
Municipio GO-185,GO,Goiás,Centro-Oeste,3976,1931.77,98251.18,24711.06
Municipio SE-027,SE,Sergipe,Nordeste,35746,1062.03,474047.43,13261.55
Municipio PI-063,PI,Piauí,Nordeste,26202,1140.42,395368.3,15089.24
Municipio MG-087,MG,Minas Gerais,Sudeste,24785,1750.38,615940.78,24851.35
Municipio MG-752,MG,Minas Gerais,Sudeste,1256,2316.0,35100.23,27946.04
Municipio RS-444,RS,Rio Grande do Sul,Sul,11972,1523.57,247938.06,20709.83
Municipio RN-046,RN,Rio Grande do Norte,Nordeste,105141,728.66,920603.73,8755.9
Municipio PR-150,PR,Paraná,Sul,3606,2280.9,120993.94,33553.51
Municipio SP-020,SP,São Paulo,Sudeste,28604,2353.68,872765.85,30512.02
Municipio SP-473,SP,São Paulo,Sudeste,5635,2251.32,158335.96,28098.66
Municipio MG-465,MG,Minas Gerais,Sudeste,15853,2404.06,719207.66,45367.29
Municipio BA-390,BA,Bahia,Nordeste,11931,1237.43,266516.49,22338.15
Municipio BA-325,BA,Bahia,Nordeste,22935,533.37,219343.12,9563.69
Municipio SP-434,SP,São Paulo,Sudeste,839,1644.58,15248.79,18174.96
Municipio MA-026,MA,Maranhão,Nordeste,2286,1007.03,27483.18,12022.39
Municipio SP-246,SP,São Paulo,Sudeste,1642,1781.77,37146.29,22622.59
Municipio RS-268,RS,Rio Grande do Sul,Sul,13457,1211.8,259695.21,19298.15
Municipio RS-165,RS,Rio Grande do Sul,Sul,4525,1411.19,77729.76,17177.85
Municipio PA-061,PA,Pará,Norte,2541,1375.61,50991.43,20067.47
Municipio PA-084,PA,Pará,Norte,12483,1246.68,294129.13,23562.38
Municipio PA-057,PA,Pará,Norte,9690,1371.84,148393.45,15314.08
Municipio PB-103,PB,Paraíba,Nordeste,43242,766.86,594162.69,13740.41
Municipio MG-566,MG,Minas Gerais,Sudeste,14849,1429.98,325027.67,21888.86
Municipio SC-188,SC,Santa Catarina,Sul,4247,2067.88,102804.04,24206.27
Municipio RS-092,RS,Rio Grande do Sul,Sul,22643,1392.39,369250.88,16307.51
Municipio BA-150,BA,Bahia,Nordeste,4289,825.81,60483.09,14101.91
Municipio RS-043,RS,Rio Grande do Sul,Sul,88149,1771.19,2848337.52,32312.76
Municipio MT-129,MT,Mato Grosso,Centro-Oeste,3101,1858.45,90057.36,29041.39
Municipio AL-019,AL,Alagoas,Nordeste,7823,1244.75,138460.73,17699.19
Municipio RS-181,RS,Rio Grande do Sul,Sul,5428,2098.89,180871.36,33321.92
Municipio MA-161,MA,Maranhão,Nordeste,2598,672.14,21306.86,8201.25
Municipio SP-104,SP,São Paulo,Sudeste,3788,1132.47,81393.29,21487.14
Municipio PE-151,PE,Pernambuco,Nordeste,16257,616.71,149793.15,9214.07
Municipio TO-082,TO,Tocantins,Norte,20142,1044.04,284294.74,14114.52
Municipio PE-001,PE,Pernambuco,Nordeste,18201,960.06,246981.23,13569.65
Municipio RO-047,RO,Rondônia,Norte,4917,1346.91,101048.62,20550.87
Municipio RS-012,RS,Rio Grande do Sul,Sul,47057,1093.49,680763.3,14466.78
Municipio SP-358,SP,São Paulo,Sudeste,8794,1117.62,172090.49,19569.08
Municipio MA-162,MA,Maranhão,Nordeste,49045,840.69,730666.3,14897.88
Municipio PB-173,PB,Paraíba,Nordeste,6695,732.27,59172.81,8838.36
Municipio SP-268,SP,São Paulo,Sudeste,22574,2220.72,645632.48,28600.71
Municipio SP-406,SP,São Paulo,Sudeste,33042,2133.67,919716.0,27834.76
Municipio SP-053,SP,São Paulo,Sudeste,5085,2006.46,150289.76,29555.51
Municipio AL-093,AL,Alagoas,Nordeste,12779,698.09,100826.21,7889.99
Municipio SE-072,SE,Sergipe,Nordeste,3740,545.03,24308.23,6499.53
Municipio MG-630,MG,Minas Gerais,Sudeste,26285,1962.54,642966.74,24461.36
Municipio SP-049,SP,São Paulo,Sudeste,10202,2099.75,280205.29,27465.72
Municipio PE-098,PE,Pernambuco,Nordeste,93927,812.94,1130858.8,12039.76
Municipio SE-024,SE,Sergipe,Nordeste,61597,885.82,627368.21,10185.04
Municipio MA-135,MA,Maranhão,Nordeste,5691,1034.46,64131.21,11268.88
Municipio SP-513,SP,São Paulo,Sudeste,51640,1278.9,1234967.48,23914.94
Municipio BA-019,BA,Bahia,Nordeste,2619,855.97,33187.66,12671.88
Municipio MG-647,MG,Minas Gerais,Sudeste,1524,1241.58,31689.41,20793.58
Municipio PR-156,PR,Paraná,Sul,17379,1327.48,361536.31,20803.06
Municipio PR-232,PR,Paraná,Sul,32409,1358.67,520373.74,16056.46
Municipio SP-149,SP,São Paulo,Sudeste,18442,1318.38,460112.24,24949.15
Municipio MT-005,MT,Mato Grosso,Centro-Oeste,25403,2070.75,747863.26,29439.96
Municipio RN-157,RN,Rio Grande do Norte,Nordeste,12220,898.43,148891.74,12184.27
Municipio RS-424,RS,Rio Grande do Sul,Sul,32740,1881.91,1036531.08,31659.47
Municipio MT-012,MT,Mato Grosso,Centro-Oeste,9791,1720.83,317907.6,32469.37
Municipio BA-202,BA,Bahia,Nordeste,25732,754.19,346172.84,13453.01
Municipio MA-124,MA,Maranhão,Nordeste,2559,748.83,30919.27,12082.56
Municipio RS-210,RS,Rio Grande do Sul,Sul,22390,2253.25,730066.97,32606.83
Municipio PI-038,PI,Piauí,Nordeste,9230,1313.23,213087.0,23086.35
Municipio MG-700,MG,Minas Gerais,Sudeste,23597,1157.1,374501.82,15870.74
Municipio PB-071,PB,Paraíba,Nordeste,66732,611.39,674665.26,10110.07
Municipio PA-004,PA,Pará,Norte,3131,1293.73,47430.87,15148.79
Municipio RS-097,RS,Rio Grande do Sul,Sul,30383,1496.36,819574.99,26974.79
Municipio BA-406,BA,Bahia,Nordeste,26174,1128.05,375650.0,14352.03
Municipio AL-037,AL,Alagoas,Nordeste,77848,757.77,1109206.92,14248.37
Municipio GO-215,GO,Goiás,Centro-Oeste,7773,2044.25,209795.22,26990.25
Municipio PE-042,PE,Pernambuco,Nordeste,335774,914.07,3761382.84,11202.13
Municipio RN-065,RN,Rio Grande do Norte,Nordeste,18569,813.9,200182.23,10780.45
Municipio PE-100,PE,Pernambuco,Nordeste,8698,822.38,91613.67,10532.73
Municipio BA-219,BA,Bahia,Nordeste,11672,631.57,123241.37,10558.72
Municipio SC-152,SC,Santa Catarina,Sul,29038,2195.36,901741.99,31053.86
Municipio SC-043,SC,Santa Catarina,Sul,12405,2432.61,506611.13,40839.27
Municipio MG-141,MG,Minas Gerais,Sudeste,41464,1239.14,790320.47,19060.4
Municipio AL-060,AL,Alagoas,Nordeste,4276,1248.27,60846.08,14229.67
Municipio RS-377,RS,Rio Grande do Sul,Sul,4047,2307.33,142272.72,35155.11
Municipio MG-355,MG,Minas Gerais,Sudeste,11300,1177.04,195126.24,17267.81
Municipio PA-070,PA,Pará,Norte,23858,972.71,255825.4,10722.84
Municipio RS-391,RS,Rio Grande do Sul,Sul,6610,1749.09,178984.36,27077.82
Municipio BA-259,BA,Bahia,Nordeste,6201,1192.24,114895.36,18528.52
Municipio AM-061,AM,Amazonas,Norte,5463,862.68,58364.82,10683.66
Municipio CE-028,CE,Ceará,Nordeste,22033,1066.65,357351.19,16218.91
Municipio RJ-028,RJ,Rio de Janeiro,Sudeste,23762,2232.56,938776.13,39507.45
Municipio RN-014,RN,Rio Grande do Norte,Nordeste,93010,1040.02,1298460.25,13960.44
Municipio BA-281,BA,Bahia,Nordeste,51441,1190.5,908501.46,17661.04
Municipio SC-079,SC,Santa Catarina,Sul,40187,1973.45,1196530.85,29774.08
Municipio BA-403,BA,Bahia,Nordeste,41518,1301.71,775686.8,18683.14
Municipio RS-207,RS,Rio Grande do Sul,Sul,13861,1635.66,343641.37,24791.96
Municipio MA-123,MA,Maranhão,Nordeste,4963,1317.09,123826.63,24949.96
Municipio SP-579,SP,São Paulo,Sudeste,28000,1224.99,596650.53,21308.95
Municipio MT-099,MT,Mato Grosso,Centro-Oeste,14159,2195.24,461225.95,32574.75
Municipio PA-092,PA,Pará,Norte,26527,980.5,334339.42,12603.74
Municipio RS-322,RS,Rio Grande do Sul,Sul,3776,1204.61,62417.39,16530.03
Municipio SC-077,SC,Santa Catarina,Sul,35983,1591.76,720899.34,20034.44
Municipio BA-058,BA,Bahia,Nordeste,10103,1207.42,144038.31,14256.98
Municipio GO-084,GO,Goiás,Centro-Oeste,17011,1178.21,292196.85,17176.94
Municipio RJ-053,RJ,Rio de Janeiro,Sudeste,17729,2217.9,603324.49,34030.37
Municipio PR-280,PR,Paraná,Sul,4621,1208.03,100123.09,21666.97
Municipio PI-169,PI,Piauí,Nordeste,32252,888.57,469347.91,14552.52
Municipio BA-210,BA,Bahia,Nordeste,7497,760.0,91555.03,12212.22
Municipio AL-029,AL,Alagoas,Nordeste,7094,1025.91,134570.86,18969.67
Municipio RS-364,RS,Rio Grande do Sul,Sul,11724,2310.78,370895.35,31635.56
Municipio BA-321,BA,Bahia,Nordeste,23793,685.78,187048.5,7861.49
Municipio SE-048,SE,Sergipe,Nordeste,7698,620.84,55269.75,7179.75
Municipio GO-022,GO,Goiás,Centro-Oeste,38637,1266.65,758581.96,19633.56
Municipio BA-331,BA,Bahia,Nordeste,12561,1176.58,269637.12,21466.21
Municipio PR-196,PR,Paraná,Sul,6873,2378.19,262717.88,38224.63
Municipio BA-327,BA,Bahia,Nordeste,23043,909.5,350937.98,15229.7
Municipio MG-634,MG,Minas Gerais,Sudeste,12244,1400.76,232998.73,19029.63
Municipio PE-128,PE,Pernambuco,Nordeste,5108,811.65,67365.77,13188.29
Municipio BA-142,BA,Bahia,Nordeste,3109,1092.22,39185.81,12603.99
Municipio PI-147,PI,Piauí,Nordeste,1952,638.14,18930.5,9698.0
Municipio CE-144,CE,Ceará,Nordeste,6057,1157.58,105171.59,17363.64
Municipio MS-062,MS,Mato Grosso do Sul,Centro-Oeste,40654,1829.25,902330.95,22195.38
Municipio RS-086,RS,Rio Grande do Sul,Sul,19797,2547.9,858286.91,43354.39
Municipio CE-008,CE,Ceará,Nordeste,48210,789.66,498929.22,10349.08
Municipio PR-108,PR,Paraná,Sul,37511,1791.06,880866.89,23482.9
Municipio ES-014,ES,Espírito Santo,Sudeste,924,2394.51,31729.84,34339.65
Municipio RS-078,RS,Rio Grande do Sul,Sul,2984,1997.39,64771.82,21706.37
Municipio BA-065,BA,Bahia,Nordeste,18613,834.58,182874.93,9825.12
Municipio PA-017,PA,Pará,Norte,10260,943.87,118621.85,11561.58
Municipio SP-146,SP,São Paulo,Sudeste,7953,1555.23,223285.58,28075.64
Municipio MT-057,MT,Mato Grosso,Centro-Oeste,9105,1982.24,315925.91,34698.07
Municipio PB-174,PB,Paraíba,Nordeste,30611,798.12,290789.54,9499.51
Municipio RS-371,RS,Rio Grande do Sul,Sul,2841,1210.5,48953.07,17230.93
Municipio GO-016,GO,Goiás,Centro-Oeste,50630,2248.07,1775440.34,35066.96
Municipio MG-194,MG,Minas Gerais,Sudeste,15598,1846.77,468960.05,30065.4
Municipio PI-222,PI,Piauí,Nordeste,1483,615.86,15007.6,10119.76
Municipio MT-054,MT,Mato Grosso,Centro-Oeste,16251,2215.46,391902.71,24115.61
Municipio MG-125,MG,Minas Gerais,Sudeste,22924,2428.83,1004036.48,43798.49
Municipio PE-169,PE,Pernambuco,Nordeste,12865,796.75,184952.42,14376.4
Municipio MG-106,MG,Minas Gerais,Sudeste,75282,2205.84,2443683.39,32460.39
Municipio SC-033,SC,Santa Catarina,Sul,26559,2004.6,975982.4,36747.71
Municipio PI-107,PI,Piauí,Nordeste,19723,1007.42,268300.63,13603.44
Municipio MT-091,MT,Mato Grosso,Centro-Oeste,40850,1746.64,833895.51,20413.6
Municipio MS-020,MS,Mato Grosso do Sul,Centro-Oeste,20708,1654.99,416036.22,20090.6
Municipio PR-128,PR,Paraná,Sul,17152,1949.94,625035.05,36440.94
Municipio SP-416,SP,São Paulo,Sudeste,1905,1667.01,43419.78,22792.54
Municipio SP-594,SP,São Paulo,Sudeste,15351,1201.9,237787.03,15490.0
Municipio BA-261,BA,Bahia,Nordeste,5945,1276.73,105315.31,17714.94
Municipio MG-748,MG,Minas Gerais,Sudeste,74519,1304.76,1095410.73,14699.75
Municipio PR-008,PR,Paraná,Sul,2836,1055.57,51466.68,18147.63
Municipio MG-688,MG,Minas Gerais,Sudeste,3354,1207.28,70054.68,20886.91
Municipio PR-071,PR,Paraná,Sul,37113,1227.88,598760.84,16133.45
Municipio SP-012,SP,São Paulo,Sudeste,11287,2321.52,363610.09,32214.95
Municipio GO-127,GO,Goiás,Centro-Oeste,20151,1957.71,561027.5,27841.17
Municipio PR-392,PR,Paraná,Sul,6937,1591.68,181403.09,26150.08
Municipio PB-090,PB,Paraíba,Nordeste,10124,1296.61,229416.08,22660.62
Municipio MA-217,MA,Maranhão,Nordeste,37443,864.59,391872.25,10465.83
Municipio RS-168,RS,Rio Grande do Sul,Sul,2093,1598.92,38843.55,18558.79
Municipio GO-116,GO,Goiás,Centro-Oeste,10855,2047.81,281771.87,25957.8
Municipio MG-413,MG,Minas Gerais,Sudeste,15138,2029.41,388713.98,25678.03
Municipio AL-053,AL,Alagoas,Nordeste,43206,838.52,460538.04,10659.12
Municipio MT-110,MT,Mato Grosso,Centro-Oeste,2368,1708.78,67467.47,28491.33
Municipio RS-454,RS,Rio Grande do Sul,Sul,9956,2347.77,388267.16,38998.31
Municipio PE-065,PE,Pernambuco,Nordeste,38966,637.44,449734.84,11541.72
Municipio SC-210,SC,Santa Catarina,Sul,983,1056.74,15299.53,15564.12
Municipio CE-018,CE,Ceará,Nordeste,4764,1104.88,65027.5,13649.77
Municipio BA-086,BA,Bahia,Nordeste,4322,1078.47,73453.57,16995.27
Municipio PI-002,PI,Piauí,Nordeste,13401,618.6,128173.71,9564.49
Municipio SP-050,SP,São Paulo,Sudeste,4646,2178.74,178141.09,38342.89
Municipio PE-161,PE,Pernambuco,Nordeste,7197,532.81,53083.94,7375.84
Municipio AM-035,AM,Amazonas,Norte,1767,1296.75,41867.21,23693.95
Municipio MA-163,MA,Maranhão,Nordeste,151787,618.32,1717280.88,11313.75
Municipio PE-081,PE,Pernambuco,Nordeste,341880,1332.07,8409263.93,24597.12
Municipio PE-080,PE,Pernambuco,Nordeste,22547,1227.69,416332.09,18465.08
Municipio BA-364,BA,Bahia,Nordeste,9944,722.95,133329.39,13408.02
Municipio SC-267,SC,Santa Catarina,Sul,43954,1726.52,1342409.75,30541.24
Municipio SP-115,SP,São Paulo,Sudeste,2926,1785.69,66628.29,22771.12
Municipio MG-347,MG,Minas Gerais,Sudeste,3850,1223.64,88549.82,22999.95
Municipio SP-535,SP,São Paulo,Sudeste,21787,1089.83,379142.22,17402.22
Municipio SP-411,SP,São Paulo,Sudeste,30189,2449.78,901547.63,29863.45
Municipio CE-175,CE,Ceará,Nordeste,22258,1280.67,493051.53,22151.65
Municipio PR-175,PR,Paraná,Sul,74940,1402.41,1445279.45,19285.82
Municipio SP-361,SP,São Paulo,Sudeste,10280,1318.3,232882.65,22653.95
Municipio RS-425,RS,Rio Grande do Sul,Sul,11041,2058.44,285765.92,25882.25
Municipio SP-008,SP,São Paulo,Sudeste,19700,1668.46,449466.47,22815.56
Municipio RS-074,RS,Rio Grande do Sul,Sul,10144,1927.75,351517.91,34652.79
Municipio SP-070,SP,São Paulo,Sudeste,4137,1877.63,101530.74,24542.12
Municipio PR-276,PR,Paraná,Sul,14384,1278.4,246283.26,17122.03
Municipio SP-544,SP,São Paulo,Sudeste,9447,1384.43,154071.19,16309.01
Municipio PB-147,PB,Paraíba,Nordeste,112316,1183.19,1894848.43,16870.69
Municipio SP-123,SP,São Paulo,Sudeste,3771,1442.97,65332.2,17324.9
Municipio SP-364,SP,São Paulo,Sudeste,5382,1964.85,115874.95,21530.09
Municipio ES-037,ES,Espírito Santo,Sudeste,26940,2031.89,888722.22,32988.95
Municipio MG-195,MG,Minas Gerais,Sudeste,94269,2104.94,3464079.4,36746.75
Municipio RS-177,RS,Rio Grande do Sul,Sul,26461,2306.11,794307.03,30018.03
Municipio GO-178,GO,Goiás,Centro-Oeste,8721,1210.35,149477.92,17140.0
Municipio AL-092,AL,Alagoas,Nordeste,6880,1255.19,150541.95,21881.1
Municipio SP-081,SP,São Paulo,Sudeste,41651,1464.81,741663.06,17806.61
Municipio PI-142,PI,Piauí,Nordeste,1442,1257.66,24596.94,17057.52
Municipio SC-041,SC,Santa Catarina,Sul,4603,2131.23,181509.64,39432.9
Municipio MS-075,MS,Mato Grosso do Sul,Centro-Oeste,15272,1628.12,294665.15,19294.47
Municipio PE-181,PE,Pernambuco,Nordeste,8821,1048.82,122340.35,13869.22
Municipio MG-714,MG,Minas Gerais,Sudeste,10230,2350.81,290076.89,28355.51
Municipio BA-059,BA,Bahia,Nordeste,2928,744.48,29467.67,10064.09
Municipio RS-276,RS,Rio Grande do Sul,Sul,3292,2327.59,102203.24,31045.94
Municipio MG-717,MG,Minas Gerais,Sudeste,22817,1961.96,762485.94,33417.45
Municipio RN-114,RN,Rio Grande do Norte,Nordeste,21413,703.78,180026.56,8407.35
Municipio SC-099,SC,Santa Catarina,Sul,5709,1025.89,108099.38,18934.91
Municipio PA-116,PA,Pará,Norte,12267,687.85,133039.8,10845.34
Municipio SP-636,SP,São Paulo,Sudeste,1732,1924.29,43947.55,25373.87
Municipio SP-333,SP,São Paulo,Sudeste,2653,2401.45,78891.39,29736.67
Municipio RR-006,RR,Roraima,Norte,3973,779.08,56483.75,14216.9
Municipio PA-110,PA,Pará,Norte,42057,1273.65,1022963.85,24323.27
Municipio MG-357,MG,Minas Gerais,Sudeste,14645,1154.57,318529.54,21750.05
Municipio PE-012,PE,Pernambuco,Nordeste,3823,1238.73,56003.54,14649.11
Municipio MT-134,MT,Mato Grosso,Centro-Oeste,35907,2113.14,1350330.91,37606.34
Municipio TO-062,TO,Tocantins,Norte,8545,1345.53,174490.47,20420.18
Municipio PR-131,PR,Paraná,Sul,4847,2162.67,186079.34,38390.62
Municipio MG-801,MG,Minas Gerais,Sudeste,30120,2173.59,866528.88,28769.22
Municipio AM-040,AM,Amazonas,Norte,32176,1020.18,384323.26,11944.41
Municipio TO-099,TO,Tocantins,Norte,3383,941.62,39111.99,11561.33
Municipio RS-473,RS,Rio Grande do Sul,Sul,38079,2423.03,1588030.81,41703.58
Municipio MG-425,MG,Minas Gerais,Sudeste,82831,1221.75,1228986.56,14837.28
Municipio BA-416,BA,Bahia,Nordeste,5073,1183.69,92910.05,18314.62
Municipio GO-227,GO,Goiás,Centro-Oeste,3417,2242.7,108306.96,31696.51
Municipio SP-048,SP,São Paulo,Sudeste,12139,1025.25,157072.65,12939.5
Municipio RS-333,RS,Rio Grande do Sul,Sul,12563,1408.25,269949.69,21487.68
Municipio MG-302,MG,Minas Gerais,Sudeste,11265,2337.47,459896.15,40825.22
Municipio RJ-057,RJ,Rio de Janeiro,Sudeste,28285,1255.55,493102.59,17433.36
Municipio BA-277,BA,Bahia,Nordeste,4034,596.01,26209.13,6497.06
Municipio RN-085,RN,Rio Grande do Norte,Nordeste,2481,874.61,31826.36,12828.04
Municipio SP-634,SP,São Paulo,Sudeste,1545,2248.8,60985.0,39472.49
Municipio MA-025,MA,Maranhão,Nordeste,2759,1242.66,39580.09,14345.81
Municipio RS-420,RS,Rio Grande do Sul,Sul,9380,1210.36,123251.28,13139.8
Municipio RS-148,RS,Rio Grande do Sul,Sul,7532,2000.21,249515.0,33127.32
Municipio PB-116,PB,Paraíba,Nordeste,3224,870.76,36740.02,11395.79
Municipio RN-049,RN,Rio Grande do Norte,Nordeste,1159225,993.6,14449281.1,12464.6
Municipio BA-124,BA,Bahia,Nordeste,3419,1214.46,45267.14,13239.88
Municipio RO-034,RO,Rondônia,Norte,4299,870.85,51458.43,11969.86
Municipio PR-356,PR,Paraná,Sul,5513,1601.42,132600.88,24052.4
Municipio GO-008,GO,Goiás,Centro-Oeste,142351,2202.11,3656161.79,25684.13
Municipio GO-018,GO,Goiás,Centro-Oeste,38949,2005.45,974466.06,25019.03
Municipio TO-054,TO,Tocantins,Norte,5738,689.65,53635.81,9347.47
Municipio PE-085,PE,Pernambuco,Nordeste,29233,946.61,525541.8,17977.69
Municipio RS-237,RS,Rio Grande do Sul,Sul,1528,2293.37,51535.2,33727.23
Municipio SP-607,SP,São Paulo,Sudeste,31184,1076.18,594632.32,19068.51
Municipio RN-030,RN,Rio Grande do Norte,Nordeste,2293,828.48,21638.67,9436.84
Municipio MG-667,MG,Minas Gerais,Sudeste,5104,1526.27,120016.94,23514.29
Municipio BA-119,BA,Bahia,Nordeste,3584,980.21,60486.35,16876.77
Municipio MT-087,MT,Mato Grosso,Centro-Oeste,34139,1418.98,806841.87,23634.02
Municipio MG-704,MG,Minas Gerais,Sudeste,28521,1713.63,645653.4,22637.82
Municipio MA-080,MA,Maranhão,Nordeste,7092,1312.32,139439.12,19661.47
Municipio RS-308,RS,Rio Grande do Sul,Sul,5140,2506.7,232953.39,45321.67
Municipio RS-142,RS,Rio Grande do Sul,Sul,1969,1956.71,68731.76,34906.94
Municipio SC-190,SC,Santa Catarina,Sul,21093,2394.48,901927.3,42759.56
Municipio AL-096,AL,Alagoas,Nordeste,27819,924.86,403081.78,14489.44
Municipio SC-046,SC,Santa Catarina,Sul,17629,2349.54,594134.05,33702.08
Municipio PB-029,PB,Paraíba,Nordeste,20759,804.8,199489.23,9609.77
Municipio PE-162,PE,Pernambuco,Nordeste,11234,731.37,146211.53,13015.09
Municipio RS-174,RS,Rio Grande do Sul,Sul,159475,2173.09,6281882.0,39391.01
Municipio PI-093,PI,Piauí,Nordeste,87335,903.71,890608.86,10197.62
Municipio PR-094,PR,Paraná,Sul,19123,2475.71,843635.57,44116.28
Municipio BA-221,BA,Bahia,Nordeste,9881,985.22,124370.55,12586.84
Municipio PA-077,PA,Pará,Norte,2776,1154.18,55394.38,19954.75
Municipio MT-007,MT,Mato Grosso,Centro-Oeste,16508,2019.54,564584.41,34200.65
Municipio RN-012,RN,Rio Grande do Norte,Nordeste,14091,1317.72,273386.94,19401.53
Municipio MS-006,MS,Mato Grosso do Sul,Centro-Oeste,15353,1180.71,324315.64,21123.93
Municipio SC-272,SC,Santa Catarina,Sul,19700,2235.52,668678.94,33943.09
Municipio PR-097,PR,Paraná,Sul,1274,1408.48,21538.97,16906.57
Municipio MG-233,MG,Minas Gerais,Sudeste,53974,1589.58,1212324.27,22461.26
Municipio RS-262,RS,Rio Grande do Sul,Sul,26890,2264.63,980860.42,36476.77
Municipio ES-052,ES,Espírito Santo,Sudeste,9721,2042.7,281750.97,28983.74
Municipio SP-633,SP,São Paulo,Sudeste,32104,2333.05,936960.76,29185.17
Municipio CE-107,CE,Ceará,Nordeste,20629,1224.25,306521.46,14858.76
Municipio BA-237,BA,Bahia,Nordeste,6133,563.48,64473.52,10512.56
Municipio MG-405,MG,Minas Gerais,Sudeste,15774,2444.13,527363.74,33432.47
Municipio SP-118,SP,São Paulo,Sudeste,2828,1510.01,47505.68,16798.33
Municipio RS-220,RS,Rio Grande do Sul,Sul,150766,1406.09,2612700.92,17329.51
Municipio SP-585,SP,São Paulo,Sudeste,2264,2019.26,75184.23,33208.58
Municipio SC-116,SC,Santa Catarina,Sul,5940,1912.59,196414.38,33066.39
Municipio SP-122,SP,São Paulo,Sudeste,31406,1785.07,779190.76,24810.25
Municipio RR-004,RR,Roraima,Norte,8279,876.71,127308.22,15377.25
Municipio PR-372,PR,Paraná,Sul,16688,2501.6,552825.06,33127.1
Municipio TO-076,TO,Tocantins,Norte,18169,831.69,255696.29,14073.22
Municipio RS-241,RS,Rio Grande do Sul,Sul,25770,2123.72,909495.41,35292.8
Municipio RS-182,RS,Rio Grande do Sul,Sul,12309,2388.01,535246.47,43484.16
Municipio MG-523,MG,Minas Gerais,Sudeste,40912,1443.2,865097.02,21145.31
Municipio CE-115,CE,Ceará,Nordeste,4176,772.47,55586.22,13310.88
Municipio MG-661,MG,Minas Gerais,Sudeste,13191,1306.73,256665.1,19457.59
Municipio MG-093,MG,Minas Gerais,Sudeste,4357,1920.53,112036.57,25714.15
Municipio MG-155,MG,Minas Gerais,Sudeste,9499,2406.06,409546.14,43114.66
Municipio ES-060,ES,Espírito Santo,Sudeste,3587,2125.24,94288.75,26286.24
Municipio SC-010,SC,Santa Catarina,Sul,15679,1068.63,225299.29,14369.49
Municipio MG-670,MG,Minas Gerais,Sudeste,34719,2415.05,1085203.38,31256.76
Municipio RJ-050,RJ,Rio de Janeiro,Sudeste,46382,1262.38,710740.71,15323.63
Municipio PI-132,PI,Piauí,Nordeste,86853,1241.43,1919982.3,22106.11
Municipio MG-160,MG,Minas Gerais,Sudeste,3119,2258.54,89976.69,28847.93
Municipio PI-025,PI,Piauí,Nordeste,38279,1115.01,491188.65,12831.8
Municipio SP-600,SP,São Paulo,Sudeste,25889,2099.36,733788.87,28343.65
Municipio SP-183,SP,São Paulo,Sudeste,10268,1884.0,209202.58,20374.23
Municipio BA-283,BA,Bahia,Nordeste,21078,726.86,231153.62,10966.58
Municipio CE-025,CE,Ceará,Nordeste,37052,1098.63,664533.25,17935.15
Municipio RS-065,RS,Rio Grande do Sul,Sul,5910,1401.57,96386.05,16308.98
Municipio TO-134,TO,Tocantins,Norte,11811,1271.94,186746.78,15811.26
Municipio PR-394,PR,Paraná,Sul,19869,2137.98,482755.68,24296.93
Municipio SP-199,SP,São Paulo,Sudeste,6445,2379.25,259549.8,40271.5
Municipio RS-243,RS,Rio Grande do Sul,Sul,11428,1233.67,245417.37,21475.09
Municipio PI-031,PI,Piauí,Nordeste,16215,820.01,207553.63,12800.1
Municipio RS-189,RS,Rio Grande do Sul,Sul,9315,1156.01,206468.45,22165.16
Municipio RJ-089,RJ,Rio de Janeiro,Sudeste,122254,2244.68,4894234.24,40033.33
Municipio PR-155,PR,Paraná,Sul,13909,2217.06,419695.3,30174.37
Municipio MG-446,MG,Minas Gerais,Sudeste,76307,2358.22,3267175.18,42816.19
Municipio MG-362,MG,Minas Gerais,Sudeste,93589,1201.82,1338401.45,14300.84
Municipio PB-022,PB,Paraíba,Nordeste,10923,1264.86,243278.4,22272.12
Municipio RO-018,RO,Rondônia,Norte,10873,669.96,83006.32,7634.17
Municipio MG-074,MG,Minas Gerais,Sudeste,27393,2247.36,673287.8,24578.83
Municipio CE-043,CE,Ceará,Nordeste,18431,925.43,255370.45,13855.49
Municipio RN-135,RN,Rio Grande do Norte,Nordeste,9892,574.36,81782.14,8267.5
Municipio RS-035,RS,Rio Grande do Sul,Sul,28718,1527.09,828460.08,28848.11
Municipio SP-493,SP,São Paulo,Sudeste,33147,996.68,414849.82,12515.46
Municipio MG-605,MG,Minas Gerais,Sudeste,2645,1852.28,77848.78,29432.43
Municipio PI-011,PI,Piauí,Nordeste,6130,833.11,87073.15,14204.43
Municipio PA-039,PA,Pará,Norte,1034,1080.16,19803.02,19151.86
Municipio PI-046,PI,Piauí,Nordeste,118589,972.98,1694634.93,14289.98
Municipio PA-079,PA,Pará,Norte,7723,617.62,70618.28,9143.89
Municipio PA-140,PA,Pará,Norte,13598,1277.22,295715.48,21746.98
Municipio GO-129,GO,Goiás,Centro-Oeste,9699,1468.58,185117.2,19086.22
Municipio GO-047,GO,Goiás,Centro-Oeste,59522,1519.57,1497720.62,25162.47
Municipio GO-067,GO,Goiás,Centro-Oeste,19168,1685.77,395102.39,20612.6
Municipio PI-111,PI,Piauí,Nordeste,5621,644.75,49780.56,8856.18
Municipio SP-151,SP,São Paulo,Sudeste,39261,1359.38,966418.4,24615.23
Municipio PI-118,PI,Piauí,Nordeste,21006,938.54,308056.16,14665.15
Municipio PR-181,PR,Paraná,Sul,74129,2191.99,1844081.51,24876.65
Municipio PB-200,PB,Paraíba,Nordeste,89087,783.44,1243548.56,13958.81
Municipio PR-201,PR,Paraná,Sul,20156,1093.02,407141.34,20199.51
Municipio RN-102,RN,Rio Grande do Norte,Nordeste,13305,936.78,179114.38,13462.19
Municipio SP-363,SP,São Paulo,Sudeste,1241,2271.21,42841.17,34521.49
Municipio MT-076,MT,Mato Grosso,Centro-Oeste,3817,994.47,65732.79,17221.06
Municipio MG-676,MG,Minas Gerais,Sudeste,2511,2178.15,101214.65,40308.5
Municipio MA-107,MA,Maranhão,Nordeste,4472,1137.53,80795.29,18066.93
Municipio SC-217,SC,Santa Catarina,Sul,64989,1183.8,1021244.13,15714.11
Municipio SP-554,SP,São Paulo,Sudeste,6322,1761.27,161415.89,25532.41
Municipio AL-064,AL,Alagoas,Nordeste,10486,1091.54,137480.78,13110.89
Municipio BA-396,BA,Bahia,Nordeste,6115,602.25,50805.53,8308.35
Municipio RJ-005,RJ,Rio de Janeiro,Sudeste,12740,1833.76,387574.5,30421.86
Municipio ES-007,ES,Espírito Santo,Sudeste,8719,1889.81,187895.61,21550.13
Municipio SC-098,SC,Santa Catarina,Sul,41012,1539.97,926078.1,22580.66
Municipio RN-121,RN,Rio Grande do Norte,Nordeste,8042,619.69,64073.28,7967.33
Municipio SC-097,SC,Santa Catarina,Sul,44860,2217.84,1677468.83,37393.42
Municipio RN-158,RN,Rio Grande do Norte,Nordeste,11490,655.52,100088.5,8710.92
Municipio MG-617,MG,Minas Gerais,Sudeste,26473,1466.45,503524.16,19020.29
Municipio SP-168,SP,São Paulo,Sudeste,20530,2436.87,636496.89,31003.26
Municipio SP-040,SP,São Paulo,Sudeste,13572,2220.23,390902.34,28802.12
Municipio CE-127,CE,Ceará,Nordeste,11307,789.08,97294.4,8604.79
Municipio RN-070,RN,Rio Grande do Norte,Nordeste,29740,1000.3,477858.33,16067.87
Municipio MG-496,MG,Minas Gerais,Sudeste,5760,1137.93,79953.73,13880.86
Municipio TO-028,TO,Tocantins,Norte,27410,846.18,291708.54,10642.41
Municipio MG-306,MG,Minas Gerais,Sudeste,2391,998.33,44479.65,18602.95
Municipio PR-014,PR,Paraná,Sul,12996,2414.73,371817.94,28610.18
Municipio PB-101,PB,Paraíba,Nordeste,5421,965.28,92462.4,17056.34
Municipio SP-165,SP,São Paulo,Sudeste,26156,1447.31,690912.12,26415.05
Municipio RS-287,RS,Rio Grande do Sul,Sul,15792,1210.68,347635.7,22013.41
Municipio PA-124,PA,Pará,Norte,28004,1025.41,547575.81,19553.49
Municipio MG-484,MG,Minas Gerais,Sudeste,47924,2019.32,1252334.21,26131.67
Municipio PR-311,PR,Paraná,Sul,8224,2493.51,313313.23,38097.43
Municipio SP-346,SP,São Paulo,Sudeste,11374,1925.5,266795.76,23456.63
Municipio BA-033,BA,Bahia,Nordeste,32477,810.3,320249.66,9860.81
Municipio ES-048,ES,Espírito Santo,Sudeste,3044,2089.71,106788.21,35081.54
Municipio SP-284,SP,São Paulo,Sudeste,7437,1430.41,120222.88,16165.51
Municipio MA-074,MA,Maranhão,Nordeste,79634,1216.86,1124205.28,14117.15
Municipio MA-156,MA,Maranhão,Nordeste,9951,1045.87,120470.75,12106.4
Municipio SP-497,SP,São Paulo,Sudeste,21054,2390.98,863859.01,41030.64
Municipio MS-028,MS,Mato Grosso do Sul,Centro-Oeste,9422,1854.22,241806.89,25664.07
Municipio MA-041,MA,Maranhão,Nordeste,29556,755.43,330800.62,11192.33
Municipio PR-351,PR,Paraná,Sul,31290,1514.47,701101.24,22406.56
Municipio PB-117,PB,Paraíba,Nordeste,11235,924.49,119496.4,10636.08
Municipio SC-254,SC,Santa Catarina,Sul,14757,2178.85,402519.23,27276.49
Municipio SP-157,SP,São Paulo,Sudeste,40728,1691.79,948782.35,23295.58
Municipio MG-112,MG,Minas Gerais,Sudeste,8250,2179.65,255740.64,30998.87
Municipio MG-809,MG,Minas Gerais,Sudeste,19554,1634.06,391431.8,20017.99
Municipio SC-268,SC,Santa Catarina,Sul,30078,1562.33,742334.31,24680.31
Municipio SC-003,SC,Santa Catarina,Sul,7650,2495.1,235661.22,30805.39
Municipio PR-004,PR,Paraná,Sul,15150,2161.71,620201.91,40937.42
Municipio AM-027,AM,Amazonas,Norte,26414,867.03,250268.03,9474.83
Municipio BA-008,BA,Bahia,Nordeste,1034,739.68,8607.74,8324.7
Municipio MG-025,MG,Minas Gerais,Sudeste,69392,1543.16,1645870.61,23718.45
Municipio RS-001,RS,Rio Grande do Sul,Sul,780,1304.09,19517.79,25022.81
Municipio GO-152,GO,Goiás,Centro-Oeste,19440,1428.81,484653.15,24930.72
Municipio CE-012,CE,Ceará,Nordeste,74991,710.65,870711.7,11610.88
Municipio RS-234,RS,Rio Grande do Sul,Sul,5542,1041.36,76782.32,13854.62
Municipio AP-009,AP,Amapá,Norte,11903,969.58,172332.1,14478.04
Municipio GO-100,GO,Goiás,Centro-Oeste,3663,1259.31,74307.76,20286.04
Municipio MT-034,MT,Mato Grosso,Centro-Oeste,27764,2183.49,890474.65,32073.0
Municipio SP-597,SP,São Paulo,Sudeste,11915,1984.09,336450.29,28237.54
Municipio SC-053,SC,Santa Catarina,Sul,33911,2509.14,1072867.27,31637.74
Municipio SP-303,SP,São Paulo,Sudeste,2375,2331.8,79869.87,33629.42
Municipio BA-139,BA,Bahia,Nordeste,1890,796.41,22951.6,12143.7
Municipio SP-355,SP,São Paulo,Sudeste,8217,1475.96,134902.2,16417.45
Municipio SE-062,SE,Sergipe,Nordeste,5732,770.15,54441.31,9497.79
Municipio MT-018,MT,Mato Grosso,Centro-Oeste,2568,1957.89,75223.23,29292.54
Municipio RS-126,RS,Rio Grande do Sul,Sul,3039,1888.15,87813.44,28895.51
Municipio SP-504,SP,São Paulo,Sudeste,126736,2461.04,4852989.58,38292.12
Municipio MG-159,MG,Minas Gerais,Sudeste,8001,1349.62,186553.6,23316.29
Municipio MG-279,MG,Minas Gerais,Sudeste,29079,2124.85,819244.04,28173.05
Municipio MS-034,MS,Mato Grosso do Sul,Centro-Oeste,9375,1552.01,216983.87,23144.95
Municipio PE-082,PE,Pernambuco,Nordeste,10210,702.02,96849.07,9485.71
Municipio SP-583,SP,São Paulo,Sudeste,73517,1800.39,2293076.11,31191.1
Municipio PB-066,PB,Paraíba,Nordeste,24992,980.9,292026.63,11684.8
Municipio MS-044,MS,Mato Grosso do Sul,Centro-Oeste,47174,1146.72,964139.03,20437.93
Municipio BA-354,BA,Bahia,Nordeste,58790,730.56,547798.29,9317.88
Municipio CE-136,CE,Ceará,Nordeste,880,1069.74,11303.68,12845.09
Municipio PI-202,PI,Piauí,Nordeste,110912,619.06,1299717.33,11718.46
Municipio SP-127,SP,São Paulo,Sudeste,114099,1406.88,1839013.9,16117.7
Municipio PB-134,PB,Paraíba,Nordeste,2528,1274.96,61496.66,24326.21
Municipio BA-393,BA,Bahia,Nordeste,54128,835.08,718646.92,13276.81
Municipio PI-072,PI,Piauí,Nordeste,38092,707.47,474732.12,12462.78
Municipio TO-049,TO,Tocantins,Norte,60501,668.93,766272.69,12665.45
Municipio AL-033,AL,Alagoas,Nordeste,98593,851.96,1206159.09,12233.72
Municipio PI-044,PI,Piauí,Nordeste,31436,1239.54,461471.09,14679.7
Municipio SP-335,SP,São Paulo,Sudeste,10583,2391.81,413127.84,39036.93
Municipio RN-073,RN,Rio Grande do Norte,Nordeste,11520,580.42,101846.64,8840.85
Municipio TO-119,TO,Tocantins,Norte,23730,737.96,284735.09,11998.95
Municipio PB-131,PB,Paraíba,Nordeste,24125,750.95,212455.49,8806.45
Municipio SP-494,SP,São Paulo,Sudeste,70326,2168.94,2740394.45,38967.02
Municipio GO-213,GO,Goiás,Centro-Oeste,952,1737.98,26430.36,27762.98
Municipio GO-092,GO,Goiás,Centro-Oeste,7257,1622.47,159651.29,21999.63
Municipio SC-131,SC,Santa Catarina,Sul,12695,1535.45,217011.48,17094.25
Municipio MT-137,MT,Mato Grosso,Centro-Oeste,2500,1041.91,38355.96,15342.38
Municipio MG-432,MG,Minas Gerais,Sudeste,10143,1095.13,124119.48,12236.96
Municipio PR-254,PR,Paraná,Sul,113398,1263.99,1548515.26,13655.58
Municipio CE-059,CE,Ceará,Nordeste,27959,947.16,345129.92,12344.14
Municipio SP-220,SP,São Paulo,Sudeste,32772,1322.48,501769.71,15310.93
Municipio MG-536,MG,Minas Gerais,Sudeste,8392,1156.33,179926.11,21440.19
Municipio PR-059,PR,Paraná,Sul,13740,1839.29,435917.24,31726.15
Municipio GO-054,GO,Goiás,Centro-Oeste,2022,1987.0,57168.81,28273.4
Municipio SE-065,SE,Sergipe,Nordeste,48341,653.41,595951.24,12328.07
Municipio MG-733,MG,Minas Gerais,Sudeste,16957,2002.16,616008.51,36327.68
Municipio RS-485,RS,Rio Grande do Sul,Sul,88997,1453.69,1942884.04,21830.89
Municipio PR-339,PR,Paraná,Sul,8908,1719.41,266478.04,29914.46
Municipio BA-284,BA,Bahia,Nordeste,5256,1278.88,105098.89,19995.98
Municipio MG-365,MG,Minas Gerais,Sudeste,36910,2164.3,1349317.1,36556.95
Municipio MG-176,MG,Minas Gerais,Sudeste,33469,1243.73,533851.53,15950.63
Municipio GO-225,GO,Goiás,Centro-Oeste,25222,1631.24,492494.66,19526.39
Municipio MG-232,MG,Minas Gerais,Sudeste,11397,2337.71,337371.42,29601.77
Municipio MT-127,MT,Mato Grosso,Centro-Oeste,6706,1826.88,163457.62,24374.83
Municipio CE-092,CE,Ceará,Nordeste,2729,639.75,29173.13,10690.04
Municipio RO-020,RO,Rondônia,Norte,9696,963.81,169367.55,17467.78
Municipio PR-373,PR,Paraná,Sul,7686,2505.7,305359.05,39729.25
Municipio SP-272,SP,São Paulo,Sudeste,76054,1422.95,1719025.67,22602.7
Municipio BA-397,BA,Bahia,Nordeste,68330,1098.2,901201.32,13188.96
Municipio BA-256,BA,Bahia,Nordeste,35512,552.27,260314.41,7330.32
Municipio PR-047,PR,Paraná,Sul,40657,2557.0,1265345.71,31122.46
Municipio PB-094,PB,Paraíba,Nordeste,7673,832.17,121751.0,15867.46
Municipio SP-531,SP,São Paulo,Sudeste,3121,2466.74,136457.19,43722.27
Municipio ES-032,ES,Espírito Santo,Sudeste,55522,1129.78,1075130.88,19364.05
Municipio CE-056,CE,Ceará,Nordeste,142226,569.43,1418196.19,9971.43
Municipio SP-628,SP,São Paulo,Sudeste,144629,2160.23,5788732.23,40024.7
Municipio BA-264,BA,Bahia,Nordeste,35940,710.91,456216.39,12693.83
Municipio PB-035,PB,Paraíba,Nordeste,4137,779.89,54177.45,13095.83
Municipio PI-066,PI,Piauí,Nordeste,28377,892.15,314482.85,11082.31
Municipio RS-082,RS,Rio Grande do Sul,Sul,10486,1665.33,308591.25,29428.88
Municipio PB-180,PB,Paraíba,Nordeste,15818,636.66,179440.01,11344.04
Municipio RS-209,RS,Rio Grande do Sul,Sul,13947,2244.49,365616.09,26214.68
Municipio CE-149,CE,Ceará,Nordeste,27939,756.41,327417.11,11719.0
Municipio GO-165,GO,Goiás,Centro-Oeste,4672,1023.59,82972.2,17759.46
Municipio TO-061,TO,Tocantins,Norte,68993,703.11,545391.83,7905.03
Municipio PR-282,PR,Paraná,Sul,2043,2156.73,59843.62,29292.03
Municipio GO-097,GO,Goiás,Centro-Oeste,21652,1839.57,608735.25,28114.5
Municipio CE-064,CE,Ceará,Nordeste,4018,1292.21,73605.22,18318.87
Municipio BA-087,BA,Bahia,Nordeste,108548,992.49,2000667.36,18431.18
Municipio RS-470,RS,Rio Grande do Sul,Sul,10753,1536.37,289714.34,26942.65
Municipio MG-530,MG,Minas Gerais,Sudeste,18391,1931.89,602783.68,32776.01
Municipio ES-053,ES,Espírito Santo,Sudeste,7644,1207.35,142981.8,18705.1
Municipio SP-526,SP,São Paulo,Sudeste,47342,1602.97,1136780.06,24012.08
Municipio PA-040,PA,Pará,Norte,17091,945.08,305697.95,17886.49
Municipio TO-041,TO,Tocantins,Norte,8309,984.92,151625.86,18248.39
Municipio TO-058,TO,Tocantins,Norte,5190,670.6,57589.59,11096.26
Municipio RS-366,RS,Rio Grande do Sul,Sul,42457,1617.83,1058142.66,24922.69
Municipio SP-529,SP,São Paulo,Sudeste,3767,1169.34,80730.31,21430.93
Municipio RN-140,RN,Rio Grande do Norte,Nordeste,5315,1261.92,122780.27,23100.71
Municipio BA-155,BA,Bahia,Nordeste,57170,558.79,452463.11,7914.35
Municipio BA-412,BA,Bahia,Nordeste,11812,675.45,146756.66,12424.37
Municipio MG-175,MG,Minas Gerais,Sudeste,398281,2450.53,17678866.73,44387.92
Municipio PA-105,PA,Pará,Norte,61965,1295.12,1366438.11,22051.77
Municipio MG-303,MG,Minas Gerais,Sudeste,14299,1531.21,407988.7,28532.67
Municipio SP-562,SP,São Paulo,Sudeste,8783,2373.06,303020.16,34500.76
Municipio SP-480,SP,São Paulo,Sudeste,6107,2191.4,222650.29,36458.21
Municipio PE-105,PE,Pernambuco,Nordeste,3431,587.35,23511.86,6852.77
Municipio RS-348,RS,Rio Grande do Sul,Sul,8952,1139.18,159640.02,17832.89
Municipio BA-204,BA,Bahia,Nordeste,4544,909.93,67438.36,14841.19
Municipio AL-082,AL,Alagoas,Nordeste,7786,1275.9,109873.27,14111.65
Municipio SP-487,SP,São Paulo,Sudeste,8626,1224.76,132100.54,15314.23
Municipio SP-035,SP,São Paulo,Sudeste,16094,1792.62,537361.51,33388.93
Municipio GO-041,GO,Goiás,Centro-Oeste,6999,1854.85,165886.14,23701.41
Municipio SC-239,SC,Santa Catarina,Sul,13763,1829.99,447317.03,32501.42
Municipio MA-132,MA,Maranhão,Nordeste,4731,1026.5,53390.35,11285.21
Municipio PI-024,PI,Piauí,Nordeste,70728,745.29,612328.93,8657.52
Municipio AM-033,AM,Amazonas,Norte,51883,1429.61,1254169.56,24173.03
Municipio RJ-086,RJ,Rio de Janeiro,Sudeste,13938,2405.56,385640.7,27668.3
Municipio MS-024,MS,Mato Grosso do Sul,Centro-Oeste,6303,1322.26,150355.18,23854.54
Municipio SP-623,SP,São Paulo,Sudeste,44724,2134.73,1378872.75,30830.71
Municipio SC-157,SC,Santa Catarina,Sul,17309,2515.99,815192.42,47096.45
Municipio MG-669,MG,Minas Gerais,Sudeste,1238,2381.81,54209.81,43788.21
Municipio MG-202,MG,Minas Gerais,Sudeste,5167,1717.63,160702.59,31101.72
Municipio BA-206,BA,Bahia,Nordeste,22323,1214.48,447476.55,20045.54
Municipio BA-251,BA,Bahia,Nordeste,50101,905.69,669986.52,13372.72
Municipio SP-621,SP,São Paulo,Sudeste,2791,1503.22,59524.97,21327.47
Municipio AL-054,AL,Alagoas,Nordeste,15219,920.82,247616.72,16270.24
Municipio AC-016,AC,Acre,Norte,3590,686.28,31782.88,8853.17
Municipio SC-206,SC,Santa Catarina,Sul,5163,2421.37,189410.19,36686.07
Municipio BA-240,BA,Bahia,Nordeste,1115,793.07,9956.42,8929.52
Municipio MA-058,MA,Maranhão,Nordeste,29872,734.11,371390.16,12432.72
Municipio SC-287,SC,Santa Catarina,Sul,6384,1274.83,95096.27,14896.03
Municipio GO-142,GO,Goiás,Centro-Oeste,1966,986.59,24075.33,12245.84
Municipio RN-011,RN,Rio Grande do Norte,Nordeste,56707,866.75,830611.14,14647.42
Municipio MG-852,MG,Minas Gerais,Sudeste,9622,1846.8,337039.16,35027.97
Municipio SP-643,SP,São Paulo,Sudeste,3818,1505.49,83921.95,21980.61
Municipio PB-020,PB,Paraíba,Nordeste,5549,671.55,43913.24,7913.72
Municipio BA-291,BA,Bahia,Nordeste,11022,820.57,116499.46,10569.72
Municipio PE-127,PE,Pernambuco,Nordeste,3381,1316.82,77322.46,22869.7
Municipio PA-045,PA,Pará,Norte,3766,579.54,24201.54,6426.33
Municipio MA-057,MA,Maranhão,Nordeste,33281,1215.85,448306.21,13470.33
Municipio BA-375,BA,Bahia,Nordeste,4697,1235.16,83603.87,17799.42
Municipio RS-418,RS,Rio Grande do Sul,Sul,20849,1279.52,311742.74,14952.41
Municipio GO-124,GO,Goiás,Centro-Oeste,3769,1707.55,102819.7,27280.37
Municipio PI-129,PI,Piauí,Nordeste,8167,872.25,105378.84,12903.0
Municipio BA-158,BA,Bahia,Nordeste,35187,1103.0,624856.96,17758.18
Municipio SC-065,SC,Santa Catarina,Sul,5248,1692.48,109431.53,20852.04
Municipio MG-797,MG,Minas Gerais,Sudeste,5844,1856.81,172220.45,29469.62
Municipio BA-384,BA,Bahia,Nordeste,3856,1299.9,84687.21,21962.45
Municipio PR-206,PR,Paraná,Sul,64620,2188.1,1685126.75,26077.48
Municipio PR-111,PR,Paraná,Sul,10472,1743.63,295969.6,28262.95
Municipio PR-178,PR,Paraná,Sul,1002,1718.97,22333.76,22289.18
Municipio MG-472,MG,Minas Gerais,Sudeste,13886,1022.49,261284.04,18816.36
Municipio SP-082,SP,São Paulo,Sudeste,7529,1997.2,170743.24,22678.08
Municipio RS-072,RS,Rio Grande do Sul,Sul,2334,2460.5,96624.39,41398.62
Municipio SC-136,SC,Santa Catarina,Sul,40761,1497.41,1078115.98,26449.69
Municipio CE-124,CE,Ceará,Nordeste,6469,697.99,73286.13,11328.82
Municipio BA-304,BA,Bahia,Nordeste,11335,999.14,183278.37,16169.24
Municipio MG-775,MG,Minas Gerais,Sudeste,3563,1800.57,88641.79,24878.41
Municipio SC-114,SC,Santa Catarina,Sul,2275,1863.76,63317.91,27832.05
Municipio BA-409,BA,Bahia,Nordeste,2493,1304.59,59449.39,23846.53
Municipio MG-044,MG,Minas Gerais,Sudeste,13451,1028.4,253159.62,18820.88
Municipio MG-156,MG,Minas Gerais,Sudeste,21332,1663.9,667359.08,31284.41
Municipio PA-141,PA,Pará,Norte,38158,1313.71,918038.88,24058.88
Municipio MT-124,MT,Mato Grosso,Centro-Oeste,22903,1913.39,668639.47,29194.41
Municipio SP-310,SP,São Paulo,Sudeste,2169,1983.39,77810.94,35874.11
Municipio SP-514,SP,São Paulo,Sudeste,24142,1667.55,611468.72,25328.01
Municipio PB-062,PB,Paraíba,Nordeste,14902,1084.21,175709.53,11791.0
Municipio SC-138,SC,Santa Catarina,Sul,20891,2283.66,877826.3,42019.35
Municipio GO-105,GO,Goiás,Centro-Oeste,19814,1320.41,306097.05,15448.52
Municipio PE-159,PE,Pernambuco,Nordeste,11335,717.76,117167.77,10336.81
Municipio SC-196,SC,Santa Catarina,Sul,22870,1904.16,825176.88,36081.19
Municipio SP-450,SP,São Paulo,Sudeste,60648,2454.16,1811677.15,29872.0
Municipio SP-349,SP,São Paulo,Sudeste,3830,1694.19,108505.63,28330.45
Municipio PR-011,PR,Paraná,Sul,4046,1516.71,79062.5,19540.9
Municipio BA-156,BA,Bahia,Nordeste,6025,1190.38,78472.6,13024.5
Municipio MT-104,MT,Mato Grosso,Centro-Oeste,16620,1935.92,420853.63,25322.12
Municipio MG-756,MG,Minas Gerais,Sudeste,5604,1599.73,126543.2,22580.87
Municipio SP-228,SP,São Paulo,Sudeste,22813,1808.99,762054.73,33404.41
Municipio SP-143,SP,São Paulo,Sudeste,1149,1148.41,25140.7,21880.5
Municipio PB-018,PB,Paraíba,Nordeste,9316,1055.44,145185.3,15584.51
Municipio MG-685,MG,Minas Gerais,Sudeste,15616,1886.05,384405.1,24616.11
Municipio MS-064,MS,Mato Grosso do Sul,Centro-Oeste,56630,1537.14,1340968.74,23679.48
Municipio PE-110,PE,Pernambuco,Nordeste,13917,740.21,119360.61,8576.6
Municipio PE-113,PE,Pernambuco,Nordeste,159037,625.06,1851564.25,11642.35
Municipio MG-316,MG,Minas Gerais,Sudeste,83920,1211.84,1776637.96,21170.61
Municipio MT-036,MT,Mato Grosso,Centro-Oeste,34558,2135.32,1189352.1,34416.11
Municipio PB-115,PB,Paraíba,Nordeste,16960,1263.01,296387.29,17475.67
Municipio PI-127,PI,Piauí,Nordeste,14710,1222.6,273933.42,18622.26
Municipio PI-176,PI,Piauí,Nordeste,101431,944.12,1523251.13,15017.61
Municipio RS-387,RS,Rio Grande do Sul,Sul,3538,1735.58,76631.37,21659.52
Municipio RS-347,RS,Rio Grande do Sul,Sul,5683,1168.76,84420.47,14854.91
Municipio PA-060,PA,Pará,Norte,17532,861.36,181410.49,10347.39
Municipio PI-061,PI,Piauí,Nordeste,5751,1219.08,122952.95,21379.4
Municipio MG-611,MG,Minas Gerais,Sudeste,9673,1684.81,215576.61,22286.43
Municipio RS-282,RS,Rio Grande do Sul,Sul,19568,2417.29,516437.13,26391.92
Municipio MG-674,MG,Minas Gerais,Sudeste,17145,1768.73,472045.9,27532.57
Municipio RO-014,RO,Rondônia,Norte,1427,865.61,21259.44,14898.0
Municipio PE-009,PE,Pernambuco,Nordeste,6126,1278.33,89765.09,14653.13
Municipio RJ-034,RJ,Rio de Janeiro,Sudeste,64085,2071.47,2085662.66,32545.25
Municipio SC-266,SC,Santa Catarina,Sul,4914,1777.6,94649.07,19261.11
Municipio PE-066,PE,Pernambuco,Nordeste,11923,701.57,113911.97,9553.97
Municipio SP-275,SP,São Paulo,Sudeste,83279,1657.22,1555858.05,18682.48
Municipio PI-045,PI,Piauí,Nordeste,113928,954.99,1732839.24,15209.95
Municipio MT-139,MT,Mato Grosso,Centro-Oeste,5500,1314.19,79990.41,14543.71
Municipio SP-306,SP,São Paulo,Sudeste,3751,1071.38,44721.48,11922.55
Municipio PA-104,PA,Pará,Norte,1689,746.93,15448.45,9146.51
Municipio BA-166,BA,Bahia,Nordeste,70429,931.39,953570.12,13539.45
Municipio SC-199,SC,Santa Catarina,Sul,6911,1093.3,86390.06,12500.37
Municipio MT-017,MT,Mato Grosso,Centro-Oeste,5881,2123.49,193078.43,32830.88
Municipio MG-796,MG,Minas Gerais,Sudeste,10047,2003.09,281517.49,28020.05
Municipio PR-208,PR,Paraná,Sul,10706,2138.9,364558.26,34051.77
Municipio SC-139,SC,Santa Catarina,Sul,29815,1374.8,659601.44,22123.14
Municipio PI-180,PI,Piauí,Nordeste,28329,733.78,283892.66,10021.27
Municipio AL-086,AL,Alagoas,Nordeste,26480,822.73,411700.38,15547.6
Municipio MA-053,MA,Maranhão,Nordeste,18253,698.14,157649.57,8636.91
Municipio PE-117,PE,Pernambuco,Nordeste,2875,907.09,47637.58,16569.59
Municipio BA-276,BA,Bahia,Nordeste,913,993.84,14264.03,15623.25
Municipio RN-063,RN,Rio Grande do Norte,Nordeste,14340,1217.81,209982.48,14643.13
Municipio MG-328,MG,Minas Gerais,Sudeste,120274,2113.34,4074652.9,33878.09
Municipio SP-449,SP,São Paulo,Sudeste,11182,1589.39,222736.4,19919.19
Municipio MG-822,MG,Minas Gerais,Sudeste,2119,1853.53,58452.07,27584.74
Municipio BA-032,BA,Bahia,Nordeste,22516,1315.13,482696.92,21437.95
Municipio MG-032,MG,Minas Gerais,Sudeste,2630,2214.91,66014.16,25100.44
Municipio PB-223,PB,Paraíba,Nordeste,11347,644.84,103261.53,9100.34
Municipio MG-538,MG,Minas Gerais,Sudeste,16577,1164.25,214403.77,12933.81
Municipio SE-010,SE,Sergipe,Nordeste,9900,1239.27,184497.86,18636.15
Municipio SE-034,SE,Sergipe,Nordeste,39503,1163.05,542794.18,13740.58
Municipio MG-076,MG,Minas Gerais,Sudeste,2777,1882.77,86878.2,31284.91
Municipio AC-005,AC,Acre,Norte,9765,1316.51,161801.23,16569.51
Municipio AL-034,AL,Alagoas,Nordeste,11504,642.51,96883.51,8421.72
Municipio MG-492,MG,Minas Gerais,Sudeste,3783,1716.11,111130.13,29376.19
Municipio MG-829,MG,Minas Gerais,Sudeste,3456,2108.88,89150.6,25795.89
Municipio GO-063,GO,Goiás,Centro-Oeste,7607,1476.96,145519.97,19129.74
Municipio BA-081,BA,Bahia,Nordeste,1143,1172.36,20753.45,18157.0
Municipio MT-002,MT,Mato Grosso,Centro-Oeste,12251,1007.74,188013.68,15346.8
Municipio RS-041,RS,Rio Grande do Sul,Sul,30912,1900.78,798363.0,25826.96
Municipio PR-267,PR,Paraná,Sul,4778,1614.67,120435.73,25206.31
Municipio RJ-018,RJ,Rio de Janeiro,Sudeste,32860,2046.46,782490.53,23812.86
Municipio BA-020,BA,Bahia,Nordeste,16323,586.88,179216.62,10979.39
Municipio RS-194,RS,Rio Grande do Sul,Sul,3925,1853.72,104101.37,26522.64
Municipio RS-321,RS,Rio Grande do Sul,Sul,6772,1644.86,183937.47,27161.47
Municipio PA-003,PA,Pará,Norte,62611,1228.48,1163146.95,18577.36
Municipio SP-312,SP,São Paulo,Sudeste,2878,2219.01,106938.63,37157.27
Municipio AL-014,AL,Alagoas,Nordeste,10869,889.72,165305.12,15208.86
Municipio SP-026,SP,São Paulo,Sudeste,2489,2237.94,89096.19,35795.98
Municipio MG-524,MG,Minas Gerais,Sudeste,780,1504.95,15561.62,19950.79
Municipio AM-056,AM,Amazonas,Norte,8548,1206.48,137856.14,16127.3
Municipio SE-052,SE,Sergipe,Nordeste,64471,895.21,650404.22,10088.32
Municipio SP-507,SP,São Paulo,Sudeste,33204,2011.19,734276.23,22114.09
Municipio SC-110,SC,Santa Catarina,Sul,5043,1794.64,155346.06,30804.3
Municipio MG-331,MG,Minas Gerais,Sudeste,36619,2153.26,1331002.97,36347.33
Municipio PR-136,PR,Paraná,Sul,3529,1908.86,93748.97,26565.31
Municipio SC-050,SC,Santa Catarina,Sul,6094,1825.85,163658.77,26855.72
Municipio PA-107,PA,Pará,Norte,63105,1150.59,1333055.07,21124.4
Municipio PI-092,PI,Piauí,Nordeste,3708,917.4,57134.7,15408.5
Municipio PE-032,PE,Pernambuco,Nordeste,32656,1266.99,752924.22,23056.23
Municipio SE-042,SE,Sergipe,Nordeste,11883,1063.01,153933.24,12954.07
Municipio GO-177,GO,Goiás,Centro-Oeste,7503,1707.41,152716.65,20354.08
Municipio SC-095,SC,Santa Catarina,Sul,14879,1561.78,360798.06,24248.81
Municipio MA-004,MA,Maranhão,Nordeste,7243,1320.15,121371.41,16757.06
Municipio MG-460,MG,Minas Gerais,Sudeste,50867,1721.97,1319972.0,25949.48
Municipio MA-003,MA,Maranhão,Nordeste,15032,571.63,142516.76,9480.89
Municipio MG-518,MG,Minas Gerais,Sudeste,91941,1625.93,2627034.49,28573.05
Municipio MG-354,MG,Minas Gerais,Sudeste,5365,1885.97,192280.29,35839.76
Municipio GO-167,GO,Goiás,Centro-Oeste,5189,987.47,87748.21,16910.43
Municipio SP-518,SP,São Paulo,Sudeste,68015,2055.64,1764423.03,25941.68
Municipio SP-114,SP,São Paulo,Sudeste,11157,1957.6,399335.15,35792.34
Municipio MG-332,MG,Minas Gerais,Sudeste,8837,1052.08,172019.9,19465.87
Municipio RO-009,RO,Rondônia,Norte,13678,1107.0,245114.51,17920.35
Municipio MA-196,MA,Maranhão,Nordeste,17344,1266.82,276799.24,15959.37
Municipio RN-159,RN,Rio Grande do Norte,Nordeste,51406,1053.11,691363.72,13449.09
Municipio RO-051,RO,Rondônia,Norte,17771,601.8,116104.73,6533.38
Municipio GO-223,GO,Goiás,Centro-Oeste,21375,1514.19,370803.72,17347.54
Municipio MG-252,MG,Minas Gerais,Sudeste,28411,1101.88,429272.91,15109.39
Municipio MG-584,MG,Minas Gerais,Sudeste,6008,2007.19,198625.81,33060.22
Municipio PB-021,PB,Paraíba,Nordeste,1056325,1114.53,13405192.36,12690.41
Municipio SC-160,SC,Santa Catarina,Sul,42600,1491.07,1168839.3,27437.54
Municipio MT-090,MT,Mato Grosso,Centro-Oeste,875,1551.18,19391.54,22161.76
Municipio MG-318,MG,Minas Gerais,Sudeste,6440,1077.75,117525.52,18249.3
Municipio CE-129,CE,Ceará,Nordeste,14404,704.57,151752.43,10535.44
Municipio RS-401,RS,Rio Grande do Sul,Sul,6754,2534.2,214164.99,31709.36
Municipio SP-613,SP,São Paulo,Sudeste,8487,1740.93,208044.69,24513.34
Municipio PB-154,PB,Paraíba,Nordeste,9201,674.61,90245.07,9808.18
Municipio MA-127,MA,Maranhão,Nordeste,12237,1249.84,249682.25,20403.88
Municipio GO-006,GO,Goiás,Centro-Oeste,18480,1775.47,432453.61,23401.17
Municipio PR-287,PR,Paraná,Sul,1153,1695.4,30011.79,26029.31
Municipio ES-043,ES,Espírito Santo,Sudeste,780,1847.11,16223.87,20799.83
Municipio CE-029,CE,Ceará,Nordeste,4054,733.98,46736.34,11528.45
Municipio PR-102,PR,Paraná,Sul,6642,2100.26,186697.31,28108.6
Municipio PR-266,PR,Paraná,Sul,74800,2090.22,2844454.6,38027.47
Municipio GO-218,GO,Goiás,Centro-Oeste,6423,1269.49,109695.09,17078.48
Municipio PI-162,PI,Piauí,Nordeste,8629,911.47,113145.33,13112.22
Municipio PI-043,PI,Piauí,Nordeste,22707,737.69,272348.52,11994.03
Municipio SP-264,SP,São Paulo,Sudeste,4293,1991.45,132640.39,30896.9
Municipio MG-203,MG,Minas Gerais,Sudeste,27114,1658.26,745038.57,27478.0
Municipio RN-165,RN,Rio Grande do Norte,Nordeste,9518,1218.38,143884.38,15117.08
Municipio PE-041,PE,Pernambuco,Nordeste,12755,828.86,194735.66,15267.4
Municipio AM-026,AM,Amazonas,Norte,35131,1034.38,486743.93,13855.11
Municipio AL-098,AL,Alagoas,Nordeste,92676,666.18,1151376.13,12423.67
Municipio MG-339,MG,Minas Gerais,Sudeste,13744,1075.88,191376.61,13924.38
Municipio CE-080,CE,Ceará,Nordeste,33755,959.11,485990.12,14397.57
Municipio MG-467,MG,Minas Gerais,Sudeste,2479,2419.19,105925.03,42728.94
Municipio SC-204,SC,Santa Catarina,Sul,7920,2270.95,334864.83,42280.91
Municipio MG-819,MG,Minas Gerais,Sudeste,3434,1879.47,112917.7,32882.27
Municipio SP-090,SP,São Paulo,Sudeste,11703,1745.64,259319.43,22158.37
Municipio GO-075,GO,Goiás,Centro-Oeste,41523,1392.35,642166.75,15465.33
Municipio MG-816,MG,Minas Gerais,Sudeste,11381,2017.82,270456.56,23763.87
Municipio SC-093,SC,Santa Catarina,Sul,17367,2435.33,713671.96,41093.57
Municipio GO-117,GO,Goiás,Centro-Oeste,16077,1925.27,339351.46,21107.88
Municipio GO-026,GO,Goiás,Centro-Oeste,3884,1612.68,113303.21,29171.78
Municipio PB-191,PB,Paraíba,Nordeste,20121,908.61,283757.87,14102.57
Municipio MS-067,MS,Mato Grosso do Sul,Centro-Oeste,19783,2185.41,468629.16,23688.48
Municipio RS-441,RS,Rio Grande do Sul,Sul,36604,1947.66,1104385.06,30171.16
Municipio MG-682,MG,Minas Gerais,Sudeste,23334,1142.64,499132.46,21390.78
Municipio RS-157,RS,Rio Grande do Sul,Sul,5819,2316.96,202930.98,34873.86
Municipio PB-220,PB,Paraíba,Nordeste,120750,955.71,2195723.17,18184.04
Municipio MT-014,MT,Mato Grosso,Centro-Oeste,22334,1082.44,368696.72,16508.32
Municipio RS-312,RS,Rio Grande do Sul,Sul,3750,1048.23,63336.67,16889.78
Municipio SP-605,SP,São Paulo,Sudeste,67580,1732.12,2185633.85,32341.43
Municipio MG-187,MG,Minas Gerais,Sudeste,7569,1625.74,210249.47,27777.71
Municipio CE-128,CE,Ceará,Nordeste,2334,623.68,24347.23,10431.55
Municipio PA-037,PA,Pará,Norte,25850,1086.19,304993.12,11798.57
Municipio AC-013,AC,Acre,Norte,1910,653.88,13533.52,7085.61
Municipio MT-085,MT,Mato Grosso,Centro-Oeste,7407,2059.55,242768.25,32775.52
Municipio GO-093,GO,Goiás,Centro-Oeste,14382,2302.52,543014.55,37756.54
Municipio BA-180,BA,Bahia,Nordeste,8898,809.16,106134.12,11927.86
Municipio RS-235,RS,Rio Grande do Sul,Sul,68398,1518.06,1412641.84,20653.26
Municipio SP-326,SP,São Paulo,Sudeste,23796,1743.12,662639.5,27846.68
Municipio SP-021,SP,São Paulo,Sudeste,40587,1622.4,819678.39,20195.59
Municipio AL-023,AL,Alagoas,Nordeste,23876,610.75,241538.24,10116.36
Municipio SP-201,SP,São Paulo,Sudeste,20735,1426.98,560583.77,27035.63
Municipio MG-212,MG,Minas Gerais,Sudeste,24764,1200.11,416135.7,16804.06
Municipio MG-050,MG,Minas Gerais,Sudeste,8278,1791.88,282409.96,34115.72
Municipio PB-159,PB,Paraíba,Nordeste,92193,598.94,955851.65,10367.94
Municipio SC-228,SC,Santa Catarina,Sul,50121,1958.02,1085599.09,21659.57
Municipio SP-438,SP,São Paulo,Sudeste,6324,1661.4,152666.35,24140.79
Municipio SP-226,SP,São Paulo,Sudeste,5397,2036.08,153950.47,28525.19
Municipio PR-137,PR,Paraná,Sul,13441,2292.08,471172.65,35054.88
Municipio SE-068,SE,Sergipe,Nordeste,2661,1083.98,41281.46,15513.51
Municipio PI-216,PI,Piauí,Nordeste,7968,1270.8,185460.9,23275.72
Municipio RJ-088,RJ,Rio de Janeiro,Sudeste,17261,1182.62,295189.39,17101.52
Municipio RN-118,RN,Rio Grande do Norte,Nordeste,5649,551.71,57348.73,10152.01
Municipio SC-174,SC,Santa Catarina,Sul,9173,1867.92,262097.41,28572.7
Municipio RN-074,RN,Rio Grande do Norte,Nordeste,13273,1210.07,269101.69,20274.37
Municipio SP-083,SP,São Paulo,Sudeste,5399,1351.55,115756.85,21440.42
Municipio SP-401,SP,São Paulo,Sudeste,1370,1840.79,35189.78,25685.97
Municipio PI-191,PI,Piauí,Nordeste,4160,604.18,29091.15,6993.06
Municipio MS-074,MS,Mato Grosso do Sul,Centro-Oeste,1704,2231.65,57500.82,33744.61
Municipio MG-500,MG,Minas Gerais,Sudeste,5151,1649.78,139597.82,27101.11
Municipio RJ-003,RJ,Rio de Janeiro,Sudeste,18002,1513.24,482835.16,26821.2
Municipio MA-136,MA,Maranhão,Nordeste,17852,1011.48,245474.92,13750.56
Municipio RS-178,RS,Rio Grande do Sul,Sul,31364,2135.58,961770.89,30664.8
Municipio PR-361,PR,Paraná,Sul,34924,1714.04,783120.36,22423.56
Municipio AL-024,AL,Alagoas,Nordeste,8011,1288.53,137219.02,17128.83
Municipio BA-003,BA,Bahia,Nordeste,2230,1012.49,37741.54,16924.46
Municipio BA-347,BA,Bahia,Nordeste,10352,654.75,111144.54,10736.53
Municipio SP-276,SP,São Paulo,Sudeste,42536,2336.35,1285607.53,30223.99
Municipio MG-534,MG,Minas Gerais,Sudeste,15507,1454.37,263800.12,17011.68
Municipio SP-545,SP,São Paulo,Sudeste,1744,2384.92,73251.57,42002.05
Municipio SP-495,SP,São Paulo,Sudeste,4494,1715.72,136418.13,30355.61
Municipio SC-060,SC,Santa Catarina,Sul,21328,1570.28,489238.28,22938.78
Municipio RJ-059,RJ,Rio de Janeiro,Sudeste,17434,1760.74,512753.31,29411.11
Municipio MT-088,MT,Mato Grosso,Centro-Oeste,14290,1835.76,314617.16,22016.6
Municipio BA-292,BA,Bahia,Nordeste,8253,1154.43,127965.9,15505.38
Municipio TO-108,TO,Tocantins,Norte,5334,732.89,46034.93,8630.47
Municipio BA-031,BA,Bahia,Nordeste,289252,1258.68,6519642.7,22539.66
Municipio SP-540,SP,São Paulo,Sudeste,780,2010.13,26275.74,33686.85
Municipio PR-024,PR,Paraná,Sul,22778,2499.94,683227.47,29995.06
Municipio BA-309,BA,Bahia,Nordeste,62651,751.84,577493.01,9217.62
Municipio MT-003,MT,Mato Grosso,Centro-Oeste,49174,1376.99,947490.7,19268.12
Municipio PR-084,PR,Paraná,Sul,32101,1901.67,1095608.52,34130.04
Municipio SC-156,SC,Santa Catarina,Sul,5936,1338.01,113306.37,19088.0
Municipio MS-069,MS,Mato Grosso do Sul,Centro-Oeste,3165,1508.61,64529.58,20388.49
Municipio RS-428,RS,Rio Grande do Sul,Sul,17959,1571.46,518203.39,28854.8
Municipio MG-123,MG,Minas Gerais,Sudeste,46364,2228.15,1605534.33,34628.9
Municipio BA-317,BA,Bahia,Nordeste,117155,758.84,1008307.48,8606.61
Municipio MG-030,MG,Minas Gerais,Sudeste,18241,1741.51,482431.1,26447.62
Municipio BA-185,BA,Bahia,Nordeste,1342,558.15,12925.2,9631.3
Municipio TO-050,TO,Tocantins,Norte,14799,1292.07,270719.74,18293.11
Municipio SC-171,SC,Santa Catarina,Sul,4549,2460.13,154493.45,33962.07
Municipio CE-123,CE,Ceará,Nordeste,40493,589.76,314798.68,7774.15
Municipio BA-234,BA,Bahia,Nordeste,31267,603.72,247014.32,7900.16
Municipio PR-210,PR,Paraná,Sul,6348,2397.82,235668.72,37124.88
Municipio RS-229,RS,Rio Grande do Sul,Sul,6713,2181.47,249262.59,37131.33
Municipio PR-368,PR,Paraná,Sul,91480,1105.46,1685151.98,18420.99
Municipio MG-414,MG,Minas Gerais,Sudeste,17802,1279.26,380616.26,21380.53
Municipio MG-673,MG,Minas Gerais,Sudeste,17588,1533.73,473283.31,26909.44
Municipio GO-031,GO,Goiás,Centro-Oeste,5813,1812.07,182948.63,31472.33
Municipio PA-103,PA,Pará,Norte,3281,1252.07,54747.4,16686.19
Municipio MG-282,MG,Minas Gerais,Sudeste,2945,2380.06,134404.06,45638.05
Municipio MG-532,MG,Minas Gerais,Sudeste,17559,1207.54,317901.74,18104.77
Municipio AL-073,AL,Alagoas,Nordeste,20547,1211.82,298010.63,14503.85
Municipio MG-721,MG,Minas Gerais,Sudeste,11719,2189.18,325172.87,27747.49
Municipio ES-054,ES,Espírito Santo,Sudeste,1078,1383.51,28608.7,26538.68
Municipio SP-203,SP,São Paulo,Sudeste,3593,1730.53,67715.3,18846.45
Municipio PR-043,PR,Paraná,Sul,17916,1822.93,444975.55,24836.77
Municipio PB-144,PB,Paraíba,Nordeste,3598,721.55,34617.63,9621.35
Municipio MG-293,MG,Minas Gerais,Sudeste,1695,1381.59,27060.62,15964.97
Municipio MG-706,MG,Minas Gerais,Sudeste,23047,1721.24,561946.43,24382.63
Municipio MT-033,MT,Mato Grosso,Centro-Oeste,35581,1370.43,817268.41,22969.24
Municipio MG-539,MG,Minas Gerais,Sudeste,23348,1579.09,587410.27,25158.91
Municipio BA-160,BA,Bahia,Nordeste,5425,1083.65,101800.27,18765.03
Municipio MA-143,MA,Maranhão,Nordeste,3665,814.07,36216.08,9881.6
Municipio MG-727,MG,Minas Gerais,Sudeste,10806,1763.47,338521.06,31327.14
Municipio MG-466,MG,Minas Gerais,Sudeste,46334,1719.47,1053431.9,22735.61
Municipio BA-280,BA,Bahia,Nordeste,11584,620.3,132777.71,11462.16
Municipio GO-048,GO,Goiás,Centro-Oeste,21813,1658.05,558329.32,25596.17
Municipio TO-135,TO,Tocantins,Norte,4475,596.65,42575.53,9514.08
Municipio RO-021,RO,Rondônia,Norte,32022,924.83,551715.37,17229.26
Municipio MG-315,MG,Minas Gerais,Sudeste,18211,1739.74,443928.83,24376.96
Municipio BA-133,BA,Bahia,Nordeste,79951,864.0,947570.86,11851.9
Municipio SP-119,SP,São Paulo,Sudeste,13484,1352.74,224313.6,16635.54
Municipio BA-171,BA,Bahia,Nordeste,12400,1221.78,185160.31,14932.28
Municipio PI-201,PI,Piauí,Nordeste,1230,985.55,18102.84,14717.76
Municipio SP-125,SP,São Paulo,Sudeste,32946,1309.63,536742.97,16291.6
Municipio RJ-045,RJ,Rio de Janeiro,Sudeste,7943,1299.53,140446.18,17681.76
Municipio SC-021,SC,Santa Catarina,Sul,5854,2067.94,217974.67,37235.17
Municipio AM-014,AM,Amazonas,Norte,17747,1275.92,359164.45,20238.04
Municipio SP-593,SP,São Paulo,Sudeste,8675,1508.35,193572.18,22313.8
Municipio ES-057,ES,Espírito Santo,Sudeste,5435,1178.17,70574.42,12985.17
Municipio PR-157,PR,Paraná,Sul,7534,2064.66,290932.75,38615.97
Municipio RS-289,RS,Rio Grande do Sul,Sul,14924,1669.65,367973.95,24656.52
Municipio SC-104,SC,Santa Catarina,Sul,4435,1143.62,96170.24,21684.38
Municipio CE-072,CE,Ceará,Nordeste,3591,998.95,58985.79,16426.01
Municipio PR-258,PR,Paraná,Sul,4451,1272.37,94177.34,21158.69
Municipio ES-073,ES,Espírito Santo,Sudeste,22607,2416.09,654493.14,28950.91
Municipio PI-020,PI,Piauí,Nordeste,13973,1075.97,259509.22,18572.19
Municipio PR-292,PR,Paraná,Sul,3125,1625.21,85140.41,27244.93
Municipio PA-065,PA,Pará,Norte,18024,890.29,268804.93,14913.72
Municipio RS-214,RS,Rio Grande do Sul,Sul,18096,2206.7,479419.12,26493.1
Municipio PR-315,PR,Paraná,Sul,3375,2455.92,147357.66,43661.53
Municipio GO-078,GO,Goiás,Centro-Oeste,67595,1667.81,1962248.33,29029.49
Municipio SP-373,SP,São Paulo,Sudeste,9343,1802.81,321080.87,34365.93
Municipio PI-139,PI,Piauí,Nordeste,4023,1060.96,55350.3,13758.46
Municipio CE-037,CE,Ceará,Nordeste,10633,957.96,160064.27,15053.54
Municipio MA-191,MA,Maranhão,Nordeste,13628,906.4,184981.78,13573.66
Municipio TO-138,TO,Tocantins,Norte,36530,1142.11,627895.85,17188.5
Municipio RS-363,RS,Rio Grande do Sul,Sul,2556,2334.23,67773.7,26515.53
Municipio PI-138,PI,Piauí,Nordeste,4104,1127.43,65773.3,16026.63
Municipio SP-232,SP,São Paulo,Sudeste,17236,1009.78,245573.82,14247.73
Municipio MG-794,MG,Minas Gerais,Sudeste,2945,2143.26,109898.83,37317.09
Municipio PA-073,PA,Pará,Norte,14761,1002.78,169636.12,11492.18
Municipio SE-075,SE,Sergipe,Nordeste,2024,968.39,23718.96,11718.85
Municipio PI-121,PI,Piauí,Nordeste,8666,1293.39,201648.66,23268.94
Municipio SP-166,SP,São Paulo,Sudeste,60713,1649.14,1919612.62,31617.82
Municipio MG-798,MG,Minas Gerais,Sudeste,8669,2259.14,353773.06,40808.98
Municipio BA-106,BA,Bahia,Nordeste,2021,557.95,17769.88,8792.62
Municipio ES-072,ES,Espírito Santo,Sudeste,2292,2471.69,75162.33,32793.34
Municipio SC-186,SC,Santa Catarina,Sul,4667,1043.63,65683.42,14074.01
Municipio MG-445,MG,Minas Gerais,Sudeste,3320,1253.24,71240.51,21457.98
Municipio PR-319,PR,Paraná,Sul,14772,1237.97,284746.59,19276.1
Municipio ES-029,ES,Espírito Santo,Sudeste,11560,1864.04,340858.73,29486.05
Municipio SP-385,SP,São Paulo,Sudeste,48147,2053.28,1100911.47,22865.63
Municipio SP-491,SP,São Paulo,Sudeste,25498,1364.58,615624.04,24144.01
Municipio SP-213,SP,São Paulo,Sudeste,6899,1088.94,89520.21,12975.82
Municipio RS-033,RS,Rio Grande do Sul,Sul,4443,2538.34,166485.95,37471.52
Municipio MS-025,MS,Mato Grosso do Sul,Centro-Oeste,79628,2003.96,2185536.95,27446.84
Municipio PR-048,PR,Paraná,Sul,9325,1697.74,207126.22,22211.93
Municipio RS-193,RS,Rio Grande do Sul,Sul,89984,2312.92,2831116.38,31462.44
Municipio SP-527,SP,São Paulo,Sudeste,8278,2251.99,206726.75,24973.03
Municipio TO-117,TO,Tocantins,Norte,83637,1427.91,2222304.2,26570.83
Municipio CE-011,CE,Ceará,Nordeste,34576,1018.79,613350.69,17739.2
Municipio RS-242,RS,Rio Grande do Sul,Sul,25628,1553.93,497217.19,19401.33
Municipio MG-774,MG,Minas Gerais,Sudeste,1312,2133.93,38127.5,29060.59
Municipio BA-011,BA,Bahia,Nordeste,16272,780.8,186850.33,11482.94
Municipio PE-133,PE,Pernambuco,Nordeste,5546,810.53,80605.38,14533.97
Municipio MG-098,MG,Minas Gerais,Sudeste,3430,2262.34,122272.77,35648.04
Municipio PA-027,PA,Pará,Norte,6550,621.1,77926.05,11897.11
Municipio MA-085,MA,Maranhão,Nordeste,8907,546.63,81622.29,9163.84
Municipio PI-193,PI,Piauí,Nordeste,6046,778.78,66807.44,11049.86
Municipio PB-045,PB,Paraíba,Nordeste,6943,919.91,105914.55,15254.87
Municipio PR-350,PR,Paraná,Sul,9418,1201.89,185365.93,19682.09
Municipio MA-113,MA,Maranhão,Nordeste,4109,828.08,47380.04,11530.8
Municipio SP-089,SP,São Paulo,Sudeste,2656,1230.67,43598.12,16414.95
Municipio AL-088,AL,Alagoas,Nordeste,6361,723.68,67157.29,10557.66
Municipio PI-211,PI,Piauí,Nordeste,18147,606.08,124899.28,6882.64
Municipio MG-438,MG,Minas Gerais,Sudeste,11274,1670.52,238465.51,21151.81
Municipio PI-192,PI,Piauí,Nordeste,6247,1138.41,105483.46,16885.46
Municipio PI-047,PI,Piauí,Nordeste,11701,534.42,96690.82,8263.47
Municipio PI-015,PI,Piauí,Nordeste,408124,762.51,5631888.2,13799.45
Municipio PA-078,PA,Pará,Norte,24279,641.27,255957.98,10542.36
Municipio PA-094,PA,Pará,Norte,6107,694.13,53961.92,8836.08
Municipio RS-068,RS,Rio Grande do Sul,Sul,8800,1301.87,179626.82,20412.14
Municipio PB-207,PB,Paraíba,Nordeste,2753,775.53,25754.21,9354.96
Municipio MG-343,MG,Minas Gerais,Sudeste,9540,2067.42,339012.64,35535.92
Municipio RS-198,RS,Rio Grande do Sul,Sul,17298,1281.32,382079.13,22088.05
Municipio PE-179,PE,Pernambuco,Nordeste,3946,1160.68,61501.97,15585.9
Municipio PR-069,PR,Paraná,Sul,4291,2394.63,119728.3,27902.19
Municipio ES-009,ES,Espírito Santo,Sudeste,32676,2230.63,1256312.64,38447.57
Municipio GO-239,GO,Goiás,Centro-Oeste,2266,1682.72,62470.43,27568.59
Municipio MG-340,MG,Minas Gerais,Sudeste,32688,2253.83,931125.94,28485.25
Municipio MA-194,MA,Maranhão,Nordeste,32327,978.77,509010.82,15745.69
Municipio PA-072,PA,Pará,Norte,21052,881.8,349941.87,16622.74
Municipio MT-023,MT,Mato Grosso,Centro-Oeste,21160,999.95,308962.02,14601.23
Municipio AC-001,AC,Acre,Norte,9728,830.35,115063.98,11828.12
Municipio TO-069,TO,Tocantins,Norte,48439,1407.0,1235381.41,25503.86
Municipio RS-020,RS,Rio Grande do Sul,Sul,20621,1107.38,314067.63,15230.48
Municipio BA-067,BA,Bahia,Nordeste,5337,1105.85,110684.19,20739.03
Municipio RS-069,RS,Rio Grande do Sul,Sul,7451,1891.62,264662.66,35520.42
Municipio PB-197,PB,Paraíba,Nordeste,35645,643.47,391188.42,10974.57
Municipio MT-112,MT,Mato Grosso,Centro-Oeste,11763,2161.97,480190.46,40822.11
Municipio SC-178,SC,Santa Catarina,Sul,16462,2509.22,608197.56,36945.54
Municipio MG-519,MG,Minas Gerais,Sudeste,18821,1215.09,271585.52,14429.92
Municipio MG-547,MG,Minas Gerais,Sudeste,6916,1295.52,128004.43,18508.45
Municipio MG-848,MG,Minas Gerais,Sudeste,53263,1809.29,1564985.41,29382.22
Municipio SC-282,SC,Santa Catarina,Sul,44466,2487.42,1719338.36,38666.36
Municipio RS-115,RS,Rio Grande do Sul,Sul,3067,2082.76,122617.83,39979.73
Municipio BA-187,BA,Bahia,Nordeste,2411,700.19,27017.38,11205.88
Municipio RS-036,RS,Rio Grande do Sul,Sul,20102,2012.77,544546.7,27089.18
Municipio SC-255,SC,Santa Catarina,Sul,9727,2062.92,267710.11,27522.37
Municipio TO-092,TO,Tocantins,Norte,4830,787.16,66670.05,13803.32
Municipio MG-174,MG,Minas Gerais,Sudeste,65567,1398.35,1723720.35,26289.45
Municipio BA-367,BA,Bahia,Nordeste,18844,934.28,216289.31,11477.89
Municipio MG-842,MG,Minas Gerais,Sudeste,71552,1611.98,1273448.07,17797.52
Municipio PR-293,PR,Paraná,Sul,1609,1174.37,27206.33,16908.84
Municipio CE-073,CE,Ceará,Nordeste,6117,873.89,60174.99,9837.34
Municipio MA-193,MA,Maranhão,Nordeste,32451,657.23,262457.3,8087.8
Municipio MT-048,MT,Mato Grosso,Centro-Oeste,1065,2149.26,28468.94,26731.4
Municipio RS-118,RS,Rio Grande do Sul,Sul,26441,1885.94,894993.92,33848.72
Municipio RS-496,RS,Rio Grande do Sul,Sul,242001,1730.82,7200464.61,29753.86
Municipio MG-639,MG,Minas Gerais,Sudeste,2363,1424.68,47659.57,20169.09
Municipio MA-072,MA,Maranhão,Nordeste,7681,574.52,70962.07,9238.65
Municipio BA-345,BA,Bahia,Nordeste,13071,1096.52,229835.95,17583.65
Municipio PE-153,PE,Pernambuco,Nordeste,6838,1050.42,78908.49,11539.7
Municipio RS-079,RS,Rio Grande do Sul,Sul,13270,2540.87,451541.05,34027.21
Municipio MG-793,MG,Minas Gerais,Sudeste,46035,2442.12,1353011.35,29390.93
Municipio RS-185,RS,Rio Grande do Sul,Sul,19213,1833.55,646944.54,33672.23
Municipio PB-216,PB,Paraíba,Nordeste,34000,798.11,501410.06,14747.35
Municipio SP-382,SP,São Paulo,Sudeste,2254,1401.99,36854.05,16350.51
Municipio SC-009,SC,Santa Catarina,Sul,1018,1229.65,13572.74,13332.75
Municipio RS-003,RS,Rio Grande do Sul,Sul,30274,2310.52,1058606.74,34967.52
Municipio RS-422,RS,Rio Grande do Sul,Sul,6471,2155.97,185549.94,28674.08
Municipio GO-052,GO,Goiás,Centro-Oeste,6034,943.56,93929.34,15566.68
Municipio GO-143,GO,Goiás,Centro-Oeste,30280,1176.11,528850.34,17465.33
Municipio RN-032,RN,Rio Grande do Norte,Nordeste,46347,1264.21,958711.29,20685.51
Municipio SP-248,SP,São Paulo,Sudeste,17436,1047.18,321509.26,18439.39
Municipio MG-037,MG,Minas Gerais,Sudeste,6944,1752.74,191496.77,27577.3
Municipio SP-091,SP,São Paulo,Sudeste,67470,1115.97,1087990.03,16125.54
Municipio CE-166,CE,Ceará,Nordeste,59012,1099.84,1025003.32,17369.4
Municipio MA-183,MA,Maranhão,Nordeste,789,795.59,10159.93,12876.97
Municipio MG-525,MG,Minas Gerais,Sudeste,16055,1661.72,309481.42,19276.33
Municipio TO-005,TO,Tocantins,Norte,3709,1316.08,61454.91,16569.13
Municipio PA-010,PA,Pará,Norte,68131,1107.07,1149253.28,16868.29
Municipio SP-334,SP,São Paulo,Sudeste,14267,1536.13,398664.34,27943.11
Municipio MG-039,MG,Minas Gerais,Sudeste,62881,1817.3,1235576.0,19649.43
Municipio PI-200,PI,Piauí,Nordeste,9423,1152.02,201871.33,21423.25
Municipio RS-365,RS,Rio Grande do Sul,Sul,11434,1870.91,258970.72,22649.18
Municipio PB-106,PB,Paraíba,Nordeste,17400,974.66,319973.18,18389.26
Municipio RO-003,RO,Rondônia,Norte,16094,1039.4,267440.9,16617.43
Municipio MG-498,MG,Minas Gerais,Sudeste,15864,1620.87,384825.03,24257.76
Municipio RS-125,RS,Rio Grande do Sul,Sul,9832,2208.87,327787.15,33338.81
Municipio MT-108,MT,Mato Grosso,Centro-Oeste,7692,2101.5,279268.5,36306.36
Municipio MG-193,MG,Minas Gerais,Sudeste,42044,2239.32,1504649.75,35787.5
Municipio RS-172,RS,Rio Grande do Sul,Sul,5863,1904.28,182070.1,31054.08
Municipio MG-597,MG,Minas Gerais,Sudeste,12899,1411.72,256610.38,19893.82
Municipio AM-009,AM,Amazonas,Norte,23945,1261.8,496575.6,20738.17
Municipio MA-091,MA,Maranhão,Nordeste,46180,1250.17,708747.67,15347.5
Municipio PR-002,PR,Paraná,Sul,35805,2333.68,1590281.28,44415.06
Municipio BA-275,BA,Bahia,Nordeste,1913,860.05,20246.64,10583.71
Municipio MG-342,MG,Minas Gerais,Sudeste,15711,1303.36,228031.58,14514.14
Municipio TO-055,TO,Tocantins,Norte,780,1286.77,11974.5,15351.92
Municipio GO-222,GO,Goiás,Centro-Oeste,6613,1464.18,179478.99,27140.33
Municipio MG-749,MG,Minas Gerais,Sudeste,52156,2343.87,1492190.64,28610.14
Municipio RN-056,RN,Rio Grande do Norte,Nordeste,12831,750.68,129194.69,10068.95
Municipio PR-010,PR,Paraná,Sul,4591,1184.29,78856.71,17176.37
Municipio PR-075,PR,Paraná,Sul,9501,2547.31,375616.59,39534.43
Municipio MG-440,MG,Minas Gerais,Sudeste,2893,1298.16,44130.4,15254.2
Municipio RS-300,RS,Rio Grande do Sul,Sul,2521,1504.34,51585.2,20462.2
Municipio RS-309,RS,Rio Grande do Sul,Sul,25283,1564.48,518626.35,20512.85
Municipio BA-076,BA,Bahia,Nordeste,125058,1221.57,2825951.93,22597.13
Municipio PE-164,PE,Pernambuco,Nordeste,24081,1232.88,332620.71,13812.58
Municipio PE-073,PE,Pernambuco,Nordeste,6844,807.11,94951.66,13873.71
Municipio BA-394,BA,Bahia,Nordeste,83935,1204.98,1120858.79,13353.89
Municipio MT-043,MT,Mato Grosso,Centro-Oeste,12242,1503.31,235316.71,19222.08
Municipio PE-030,PE,Pernambuco,Nordeste,20351,660.11,173063.52,8503.93
Municipio PA-002,PA,Pará,Norte,2382,1190.99,38777.04,16279.19
Municipio RS-376,RS,Rio Grande do Sul,Sul,7201,1892.89,194584.01,27021.8
Municipio PB-050,PB,Paraíba,Nordeste,1996,868.69,31583.32,15823.31
Municipio PR-118,PR,Paraná,Sul,83968,1186.62,1121649.55,13358.06
Municipio BA-194,BA,Bahia,Nordeste,27033,1134.71,559576.83,20699.77
Municipio PA-135,PA,Pará,Norte,41503,941.48,563300.13,13572.52
Municipio MG-164,MG,Minas Gerais,Sudeste,21625,1354.06,532121.25,24606.76
Municipio SP-005,SP,São Paulo,Sudeste,125060,1699.37,3101471.44,24799.87
Municipio PE-184,PE,Pernambuco,Nordeste,11093,1073.31,149499.7,13476.94
Municipio MG-102,MG,Minas Gerais,Sudeste,6584,1741.86,146123.63,22193.75
Municipio SC-007,SC,Santa Catarina,Sul,1636,1344.02,27730.54,16950.21
Municipio RS-240,RS,Rio Grande do Sul,Sul,15915,2260.01,420901.78,26446.86
Municipio RS-117,RS,Rio Grande do Sul,Sul,21737,1476.42,513611.27,23628.43
Municipio BA-245,BA,Bahia,Nordeste,76311,1102.87,1190629.23,15602.33
Municipio BA-022,BA,Bahia,Nordeste,17620,945.48,297608.84,16890.4
Municipio MG-404,MG,Minas Gerais,Sudeste,13489,2213.48,514292.38,38126.8
Municipio CE-159,CE,Ceará,Nordeste,5881,1103.36,79646.47,13543.01
Municipio PR-270,PR,Paraná,Sul,5566,1757.59,177267.06,31848.2
Municipio SC-216,SC,Santa Catarina,Sul,20488,1172.73,368291.61,17975.97
Municipio MG-363,MG,Minas Gerais,Sudeste,10872,2339.46,315077.73,28980.66
Municipio RS-489,RS,Rio Grande do Sul,Sul,2133,1759.27,60717.66,28465.85
Municipio MG-586,MG,Minas Gerais,Sudeste,10696,2210.49,448491.59,41930.78
Municipio MT-020,MT,Mato Grosso,Centro-Oeste,3059,2208.44,113089.9,36969.57
Municipio MT-021,MT,Mato Grosso,Centro-Oeste,59426,1252.03,1097057.23,18460.9
Municipio SP-443,SP,São Paulo,Sudeste,37737,1759.09,1253988.34,33229.68
Municipio PR-182,PR,Paraná,Sul,43335,1226.54,987307.65,22783.15
Municipio BA-372,BA,Bahia,Nordeste,16116,919.69,253723.31,15743.57
Municipio BA-093,BA,Bahia,Nordeste,7634,1051.02,144542.58,18934.06
Municipio SC-278,SC,Santa Catarina,Sul,4864,1788.62,99557.7,20468.28
Municipio RS-408,RS,Rio Grande do Sul,Sul,52640,2157.56,2019239.65,38359.42
Municipio RS-008,RS,Rio Grande do Sul,Sul,10510,1122.15,222640.27,21183.66
Municipio RJ-078,RJ,Rio de Janeiro,Sudeste,19922,2380.36,670535.82,33658.06
Municipio MS-007,MS,Mato Grosso do Sul,Centro-Oeste,23840,2182.51,931123.07,39057.18
Municipio RR-003,RR,Roraima,Norte,1793,776.16,23971.5,13369.49
Municipio TO-046,TO,Tocantins,Norte,12541,1064.63,180119.91,14362.48
Municipio CE-119,CE,Ceará,Nordeste,4062,1114.52,65972.75,16241.45
Municipio MG-556,MG,Minas Gerais,Sudeste,12802,1286.18,201651.77,15751.58
Municipio MS-058,MS,Mato Grosso do Sul,Centro-Oeste,68065,1850.83,2242671.45,32948.97
Municipio PE-116,PE,Pernambuco,Nordeste,16571,1291.59,345522.77,20851.05
Municipio PB-013,PB,Paraíba,Nordeste,17992,899.31,195243.65,10851.69
Municipio RS-016,RS,Rio Grande do Sul,Sul,9733,2117.75,296860.38,30500.4
Municipio AL-083,AL,Alagoas,Nordeste,780,1262.75,12221.79,15668.96
Municipio PB-082,PB,Paraíba,Nordeste,44465,1266.02,1048468.51,23579.64
Municipio GO-068,GO,Goiás,Centro-Oeste,3367,1894.15,104150.36,30932.69
Municipio MG-482,MG,Minas Gerais,Sudeste,4934,2129.02,134633.33,27286.85
Municipio PR-015,PR,Paraná,Sul,83846,2356.95,2638237.11,31465.27
Municipio AC-007,AC,Acre,Norte,91617,910.34,1041668.66,11369.82
Municipio RN-004,RN,Rio Grande do Norte,Nordeste,18469,1235.96,424332.99,22975.42
Municipio PI-098,PI,Piauí,Nordeste,26995,1233.01,442451.01,16390.11
Municipio MG-320,MG,Minas Gerais,Sudeste,13455,1437.48,273550.64,20330.78
Municipio SP-196,SP,São Paulo,Sudeste,8330,2097.64,330379.15,39661.36
Municipio CE-167,CE,Ceará,Nordeste,44701,1205.97,831657.46,18604.9
Municipio PB-178,PB,Paraíba,Nordeste,5295,645.8,63201.24,11936.02
Municipio SC-247,SC,Santa Catarina,Sul,36340,1842.78,762912.35,20993.74
Municipio AL-087,AL,Alagoas,Nordeste,177836,613.09,1382752.21,7775.43
Municipio GO-189,GO,Goiás,Centro-Oeste,19259,1905.21,469064.68,24355.61
Municipio SP-037,SP,São Paulo,Sudeste,14540,1664.98,274302.09,18865.34
Municipio MA-034,MA,Maranhão,Nordeste,2268,1131.52,29216.38,12882.0
Municipio PI-012,PI,Piauí,Nordeste,3650,927.25,50742.09,13901.94
Municipio SC-039,SC,Santa Catarina,Sul,23056,2547.84,747529.38,32422.34
Municipio ES-010,ES,Espírito Santo,Sudeste,21543,1972.7,675635.44,31362.18
Municipio PB-157,PB,Paraíba,Nordeste,3209,660.75,25088.93,7818.3
Municipio GO-082,GO,Goiás,Centro-Oeste,6318,1065.48,126769.46,20064.81
Municipio MG-485,MG,Minas Gerais,Sudeste,11721,2071.76,340452.74,29046.39
Municipio MG-686,MG,Minas Gerais,Sudeste,9099,1745.97,292606.97,32158.15
Municipio SP-422,SP,São Paulo,Sudeste,8211,2236.08,345662.24,42097.46
Municipio AM-021,AM,Amazonas,Norte,11924,986.68,133445.69,11191.35
Municipio GO-064,GO,Goiás,Centro-Oeste,6618,930.81,117451.99,17747.35
Municipio SP-179,SP,São Paulo,Sudeste,5841,1604.06,135152.41,23138.57
Municipio RS-398,RS,Rio Grande do Sul,Sul,6947,1925.48,238001.25,34259.57
Municipio SE-012,SE,Sergipe,Nordeste,1479,957.96,22153.74,14978.86
Municipio RJ-046,RJ,Rio de Janeiro,Sudeste,28447,1661.67,743436.11,26134.08
Municipio PE-172,PE,Pernambuco,Nordeste,5095,1142.16,81559.41,16007.74
Municipio TO-131,TO,Tocantins,Norte,22342,1406.81,382240.45,17108.6
Municipio PR-308,PR,Paraná,Sul,26178,1805.85,874899.01,33421.16
Municipio MS-026,MS,Mato Grosso do Sul,Centro-Oeste,893,2299.61,28876.19,32336.16
Municipio GO-200,GO,Goiás,Centro-Oeste,4011,1663.37,103230.25,25736.79
Municipio RN-149,RN,Rio Grande do Norte,Nordeste,8167,1308.53,176802.59,21648.41
Municipio SP-180,SP,São Paulo,Sudeste,17474,1705.77,340923.3,19510.32
Municipio PB-152,PB,Paraíba,Nordeste,56082,880.41,807195.26,14393.13
Municipio TO-085,TO,Tocantins,Norte,31570,1257.83,680134.09,21543.68
Municipio RO-006,RO,Rondônia,Norte,21617,780.62,232080.17,10736.0
Municipio SP-163,SP,São Paulo,Sudeste,9256,1415.49,186542.15,20153.65
Municipio PR-272,PR,Paraná,Sul,3486,1048.39,53371.82,15310.33
Municipio SP-564,SP,São Paulo,Sudeste,19778,2377.22,709116.32,35853.79
Municipio RS-107,RS,Rio Grande do Sul,Sul,3711,1539.01,103826.71,27978.09
Municipio BA-217,BA,Bahia,Nordeste,42443,1189.24,819416.7,19306.29
Municipio BA-099,BA,Bahia,Nordeste,4253,731.5,53070.24,12478.31
Municipio AC-004,AC,Acre,Norte,13934,1426.3,340278.99,24420.77
Municipio PR-074,PR,Paraná,Sul,1480,1788.14,37242.42,25163.8
Municipio SP-631,SP,São Paulo,Sudeste,58427,1138.43,720817.75,12337.07
Municipio MG-766,MG,Minas Gerais,Sudeste,10944,1059.99,163424.91,14932.83
Municipio RN-107,RN,Rio Grande do Norte,Nordeste,25742,762.77,367194.41,14264.41
Municipio RN-015,RN,Rio Grande do Norte,Nordeste,7712,1146.64,167397.17,21706.06
Municipio PI-198,PI,Piauí,Nordeste,19251,880.64,316326.49,16431.69
Municipio PR-018,PR,Paraná,Sul,3764,2508.24,114912.07,30529.24
Municipio RS-497,RS,Rio Grande do Sul,Sul,8147,2521.82,372992.55,45782.81
Municipio GO-081,GO,Goiás,Centro-Oeste,14874,1769.04,334776.89,22507.52
Municipio SP-176,SP,São Paulo,Sudeste,7368,2117.26,180330.72,24474.85
Municipio SP-291,SP,São Paulo,Sudeste,15635,2132.12,471791.43,30175.34
Municipio RN-112,RN,Rio Grande do Norte,Nordeste,2009,572.28,16025.66,7976.93
Municipio SP-235,SP,São Paulo,Sudeste,11775,2081.65,432131.8,36699.09
Municipio PR-119,PR,Paraná,Sul,50610,1282.64,1130612.05,22339.7
Municipio MG-562,MG,Minas Gerais,Sudeste,3021,1448.75,61949.5,20506.29
Municipio MG-522,MG,Minas Gerais,Sudeste,31652,1857.9,656692.86,20747.28
Municipio AL-050,AL,Alagoas,Nordeste,6345,753.61,64585.17,10178.91
Municipio RS-046,RS,Rio Grande do Sul,Sul,8858,2033.09,296989.16,33527.79
Municipio RN-037,RN,Rio Grande do Norte,Nordeste,16262,722.64,199631.06,12275.92
Municipio AL-071,AL,Alagoas,Nordeste,18063,1268.33,307067.28,16999.79
Municipio TO-111,TO,Tocantins,Norte,16577,715.31,227431.96,13719.73
Municipio MT-011,MT,Mato Grosso,Centro-Oeste,8155,1402.52,216115.85,26501.02
Municipio PR-041,PR,Paraná,Sul,37872,2199.73,1508563.04,39833.2
Municipio PB-179,PB,Paraíba,Nordeste,6785,1133.22,109861.12,16191.76
Municipio MA-089,MA,Maranhão,Nordeste,120965,700.9,1136204.28,9392.83
Municipio SP-351,SP,São Paulo,Sudeste,5492,1590.44,136205.52,24800.71
Municipio PB-213,PB,Paraíba,Nordeste,30551,583.78,253037.56,8282.46
Municipio BA-357,BA,Bahia,Nordeste,6254,887.94,103598.04,16565.08
Municipio MG-036,MG,Minas Gerais,Sudeste,1578,1554.63,35782.46,22675.83
Municipio SP-629,SP,São Paulo,Sudeste,11409,1731.96,306830.44,26893.72
Municipio TO-133,TO,Tocantins,Norte,22638,1297.54,531308.17,23469.75
Municipio MA-152,MA,Maranhão,Nordeste,11906,1180.93,164226.43,13793.59
Municipio PR-077,PR,Paraná,Sul,3108,2158.32,103791.54,33394.96
Municipio MA-076,MA,Maranhão,Nordeste,23919,1008.85,457757.93,19137.84
Municipio BA-062,BA,Bahia,Nordeste,17918,1099.86,365238.23,20383.87
Municipio CE-174,CE,Ceará,Nordeste,3601,768.38,30244.07,8398.8
Municipio BA-382,BA,Bahia,Nordeste,2175,1296.15,38664.33,17776.7
Municipio RS-139,RS,Rio Grande do Sul,Sul,10116,2157.21,404995.85,40035.18
Municipio SP-617,SP,São Paulo,Sudeste,3116,2179.17,89437.94,28702.8
Municipio RJ-037,RJ,Rio de Janeiro,Sudeste,132523,1550.58,3803161.19,28698.12
Municipio PA-129,PA,Pará,Norte,9228,1155.58,153576.86,16642.49
Municipio MG-180,MG,Minas Gerais,Sudeste,5336,1933.86,167174.49,31329.55
Municipio RS-437,RS,Rio Grande do Sul,Sul,12227,1485.02,306503.2,25067.74
Municipio MG-637,MG,Minas Gerais,Sudeste,5005,2341.54,177463.96,35457.33
Municipio RS-011,RS,Rio Grande do Sul,Sul,1371,1716.56,33091.04,24136.43
Municipio SP-206,SP,São Paulo,Sudeste,20050,1546.22,488637.07,24370.93
Municipio RS-088,RS,Rio Grande do Sul,Sul,6475,2100.44,162494.43,25095.66
Municipio GO-046,GO,Goiás,Centro-Oeste,25947,2288.41,924809.39,35642.25
Municipio SC-100,SC,Santa Catarina,Sul,72730,1594.09,1850951.7,25449.63
Municipio SP-065,SP,São Paulo,Sudeste,37176,1525.38,867990.15,23348.13
Municipio MG-259,MG,Minas Gerais,Sudeste,27052,1676.25,801225.56,29617.98
Municipio PB-184,PB,Paraíba,Nordeste,3132,797.97,32299.2,10312.64
Municipio AM-049,AM,Amazonas,Norte,22332,1152.96,425758.31,19064.94
Municipio MG-739,MG,Minas Gerais,Sudeste,46798,1767.06,1349942.02,28846.15
Municipio PB-127,PB,Paraíba,Nordeste,14191,927.55,202215.26,14249.54
Municipio MA-158,MA,Maranhão,Nordeste,51641,604.38,580812.24,11247.11
Municipio BA-383,BA,Bahia,Nordeste,18114,549.66,183242.88,10116.09
Municipio MG-020,MG,Minas Gerais,Sudeste,45939,1050.96,669494.72,14573.56
Municipio AL-078,AL,Alagoas,Nordeste,7239,919.49,113884.77,15732.11
Municipio SE-014,SE,Sergipe,Nordeste,5923,1104.79,93516.76,15788.75
Municipio RS-073,RS,Rio Grande do Sul,Sul,5475,1246.83,98695.21,18026.52
Municipio PR-005,PR,Paraná,Sul,17947,1777.16,412490.44,22983.81
Municipio RS-108,RS,Rio Grande do Sul,Sul,39402,1512.86,901884.04,22889.3
Municipio PB-027,PB,Paraíba,Nordeste,34956,796.93,498838.77,14270.48
Municipio GO-158,GO,Goiás,Centro-Oeste,1041,1198.61,22235.48,21359.73
Municipio RN-104,RN,Rio Grande do Norte,Nordeste,42537,872.06,487243.11,11454.57
Municipio MA-044,MA,Maranhão,Nordeste,11100,1087.79,163843.47,14760.67
Municipio MG-399,MG,Minas Gerais,Sudeste,14920,2260.43,394036.56,26409.96
Municipio RJ-041,RJ,Rio de Janeiro,Sudeste,3764,1093.24,77162.2,20500.05
Municipio MG-614,MG,Minas Gerais,Sudeste,9192,2231.81,304803.87,33159.69
Municipio SP-466,SP,São Paulo,Sudeste,9218,2365.31,312887.38,33943.09
Municipio GO-217,GO,Goiás,Centro-Oeste,108868,2289.65,3896629.15,35792.24
Municipio SP-043,SP,São Paulo,Sudeste,6728,1898.15,189335.05,28141.36
Municipio MG-715,MG,Minas Gerais,Sudeste,32208,1095.59,414350.81,12864.84
Municipio AM-038,AM,Amazonas,Norte,5530,582.8,36443.67,6590.18
Municipio MA-079,MA,Maranhão,Nordeste,5661,1092.27,67959.36,12004.83
Municipio RN-133,RN,Rio Grande do Norte,Nordeste,780,783.87,9876.15,12661.73
Municipio MT-044,MT,Mato Grosso,Centro-Oeste,2118,1194.34,32142.56,15175.9
Municipio SE-057,SE,Sergipe,Nordeste,6495,1164.17,86903.72,13380.1
Municipio MS-061,MS,Mato Grosso do Sul,Centro-Oeste,12474,1705.03,386554.16,30988.79
Municipio GO-136,GO,Goiás,Centro-Oeste,44023,1226.67,644969.71,14650.74
Municipio SC-017,SC,Santa Catarina,Sul,10640,2354.48,425568.23,39997.01
Municipio MG-502,MG,Minas Gerais,Sudeste,16920,1540.0,448008.81,26478.06
Municipio BA-414,BA,Bahia,Nordeste,4273,946.73,69610.7,16290.83
Municipio AM-043,AM,Amazonas,Norte,4886,694.48,53458.42,10941.14
Municipio CE-019,CE,Ceará,Nordeste,3263,936.24,51822.66,15881.91
Municipio MA-118,MA,Maranhão,Nordeste,6039,778.95,51626.65,8548.87
Municipio RS-023,RS,Rio Grande do Sul,Sul,9127,2547.79,286689.06,31411.09
Municipio AL-043,AL,Alagoas,Nordeste,9917,645.36,93031.25,9380.99
Municipio AL-038,AL,Alagoas,Nordeste,9928,758.14,122232.91,12311.94
Municipio SP-619,SP,São Paulo,Sudeste,4903,2375.28,178801.87,36467.85
Municipio MG-104,MG,Minas Gerais,Sudeste,4206,2402.91,131201.45,31193.88
Municipio RJ-076,RJ,Rio de Janeiro,Sudeste,11498,2075.3,445385.67,38735.93
Municipio PA-074,PA,Pará,Norte,19902,1046.17,262528.03,13191.04
Municipio RN-039,RN,Rio Grande do Norte,Nordeste,267427,1187.03,3815046.31,14265.75
Municipio PB-126,PB,Paraíba,Nordeste,2198,563.95,16997.96,7733.38
Municipio MG-517,MG,Minas Gerais,Sudeste,2389,1809.34,65293.32,27330.82
Municipio GO-171,GO,Goiás,Centro-Oeste,10450,1669.31,326214.83,31216.73
Municipio MS-027,MS,Mato Grosso do Sul,Centro-Oeste,32572,993.04,458680.43,14082.05
Municipio PE-156,PE,Pernambuco,Nordeste,2053,760.98,21351.17,10399.99
Municipio RN-119,RN,Rio Grande do Norte,Nordeste,26524,788.42,234042.85,8823.81
Municipio MG-300,MG,Minas Gerais,Sudeste,1559,2096.26,50374.61,32312.13
Municipio MG-838,MG,Minas Gerais,Sudeste,9391,1496.16,195446.42,20812.1
Municipio GO-228,GO,Goiás,Centro-Oeste,10468,1332.85,242310.94,23147.78
Municipio MG-843,MG,Minas Gerais,Sudeste,4261,1411.81,84825.89,19907.51
Municipio MG-512,MG,Minas Gerais,Sudeste,2447,2138.44,67357.21,27526.44
Municipio MT-006,MT,Mato Grosso,Centro-Oeste,20092,2135.68,613726.66,30545.82
Municipio PI-194,PI,Piauí,Nordeste,9017,734.47,86065.63,9544.82
Municipio TO-114,TO,Tocantins,Norte,111465,1347.9,2469857.01,22158.14
Municipio BA-024,BA,Bahia,Nordeste,13713,1151.71,223926.19,16329.48
Municipio SP-259,SP,São Paulo,Sudeste,19672,1372.35,343899.95,17481.7
Municipio PR-116,PR,Paraná,Sul,93343,1994.37,3181622.89,34085.29
Municipio PR-290,PR,Paraná,Sul,9395,2047.11,361246.02,38450.88
Municipio MG-258,MG,Minas Gerais,Sudeste,5232,1045.12,101096.94,19322.81
Municipio PE-178,PE,Pernambuco,Nordeste,20780,1286.93,346785.11,16688.41
Municipio RS-426,RS,Rio Grande do Sul,Sul,22104,1047.22,300587.49,13598.78
Municipio RN-162,RN,Rio Grande do Norte,Nordeste,7990,1207.11,105260.22,13173.99
Municipio CE-151,CE,Ceará,Nordeste,20096,757.7,233194.69,11604.04
Municipio MG-374,MG,Minas Gerais,Sudeste,8847,1737.06,204888.06,23159.04
Municipio RS-054,RS,Rio Grande do Sul,Sul,2425,1471.66,66575.71,27453.9
Municipio MG-585,MG,Minas Gerais,Sudeste,54846,2125.49,1326882.88,24192.88
Municipio RS-433,RS,Rio Grande do Sul,Sul,28333,1063.05,500850.69,17677.29
Municipio CE-034,CE,Ceará,Nordeste,91214,597.01,1025647.63,11244.41
Municipio MG-262,MG,Minas Gerais,Sudeste,3189,1683.58,59517.73,18663.45
Municipio SP-366,SP,São Paulo,Sudeste,26424,1851.24,605756.35,22924.48
Municipio SC-075,SC,Santa Catarina,Sul,11009,1411.81,203093.54,18447.96
Municipio CE-181,CE,Ceará,Nordeste,48101,786.05,625934.62,13012.92
Municipio MG-807,MG,Minas Gerais,Sudeste,3274,1383.37,56763.73,17337.73
Municipio BA-288,BA,Bahia,Nordeste,24294,774.42,320705.06,13201.0
Municipio TO-016,TO,Tocantins,Norte,14057,819.52,136047.16,9678.25
Municipio SP-316,SP,São Paulo,Sudeste,7052,1389.19,121722.16,17260.66
Municipio AL-008,AL,Alagoas,Nordeste,3514,798.11,50885.64,14480.83
Municipio BA-389,BA,Bahia,Nordeste,11505,922.87,200836.2,17456.43
Municipio RN-093,RN,Rio Grande do Norte,Nordeste,33048,897.31,442347.62,13385.0
Municipio MG-421,MG,Minas Gerais,Sudeste,4501,1922.34,149349.67,33181.44
Municipio RN-001,RN,Rio Grande do Norte,Nordeste,9143,1292.21,157148.35,17187.83
Municipio MS-050,MS,Mato Grosso do Sul,Centro-Oeste,10541,993.64,174224.34,16528.26
Municipio MG-384,MG,Minas Gerais,Sudeste,6885,2453.27,292769.61,42522.82
Municipio SC-144,SC,Santa Catarina,Sul,81103,2159.35,2805417.56,34590.8
Municipio RJ-035,RJ,Rio de Janeiro,Sudeste,12104,1122.27,159837.24,13205.32
Municipio MG-478,MG,Minas Gerais,Sudeste,97240,1435.84,2388251.54,24560.38
Municipio PR-277,PR,Paraná,Sul,2721,1110.76,43348.78,15931.19
Municipio SP-551,SP,São Paulo,Sudeste,29726,1151.42,553621.02,18624.13
Municipio PB-053,PB,Paraíba,Nordeste,3686,1231.8,58938.15,15989.73
Municipio MG-828,MG,Minas Gerais,Sudeste,4317,2238.45,165327.27,38296.8
Municipio MT-113,MT,Mato Grosso,Centro-Oeste,35059,1164.83,507730.29,14482.17
Municipio RS-095,RS,Rio Grande do Sul,Sul,90698,1685.91,2490695.78,27461.42
Municipio MS-002,MS,Mato Grosso do Sul,Centro-Oeste,31637,2086.56,1075549.98,33996.59
Municipio RS-378,RS,Rio Grande do Sul,Sul,7943,2211.63,255089.77,32115.04
Municipio TO-044,TO,Tocantins,Norte,10952,1112.76,204382.05,18661.62
Municipio AM-029,AM,Amazonas,Norte,57555,910.45,865438.29,15036.72
Municipio RJ-043,RJ,Rio de Janeiro,Sudeste,4640,1607.73,100199.59,21594.74
Municipio ES-069,ES,Espírito Santo,Sudeste,11458,1551.47,284867.72,24861.91
Municipio SP-153,SP,São Paulo,Sudeste,3165,1887.37,66911.49,21141.07
Municipio AL-100,AL,Alagoas,Nordeste,15116,1225.5,272377.29,18019.14
Municipio SC-115,SC,Santa Catarina,Sul,3992,1144.62,86080.26,21563.19
Municipio SP-243,SP,São Paulo,Sudeste,23163,1983.18,557663.52,24075.62
Municipio MG-196,MG,Minas Gerais,Sudeste,12131,2118.36,420095.19,34629.89
Municipio GO-198,GO,Goiás,Centro-Oeste,2810,2320.3,78030.52,27768.87
Municipio PB-161,PB,Paraíba,Nordeste,16676,979.16,218981.6,13131.54
Municipio PR-099,PR,Paraná,Sul,4408,1860.57,100706.37,22846.27
Municipio MG-595,MG,Minas Gerais,Sudeste,71193,1161.83,1389435.15,19516.46
Municipio MG-280,MG,Minas Gerais,Sudeste,5006,1961.61,153955.3,30754.16
Municipio MG-189,MG,Minas Gerais,Sudeste,32327,1664.27,710496.59,21978.43
Municipio SP-244,SP,São Paulo,Sudeste,3243,1697.32,89882.23,27715.77
Municipio PE-093,PE,Pernambuco,Nordeste,22450,723.67,297150.13,13236.09
Municipio CE-176,CE,Ceará,Nordeste,7371,963.18,127755.37,17332.16
Municipio RS-410,RS,Rio Grande do Sul,Sul,2645,1221.0,60422.35,22843.99
Municipio PA-119,PA,Pará,Norte,27051,1306.06,429331.94,15871.2
Municipio RJ-047,RJ,Rio de Janeiro,Sudeste,9019,1293.4,137188.63,15211.07
Municipio RS-116,RS,Rio Grande do Sul,Sul,780,2304.68,22225.27,28493.94
Municipio BA-048,BA,Bahia,Nordeste,6863,1236.94,160603.93,23401.42
Municipio PB-135,PB,Paraíba,Nordeste,37163,1115.78,712492.08,19172.08
Municipio TO-004,TO,Tocantins,Norte,6248,686.77,71009.21,11365.11
Municipio PR-263,PR,Paraná,Sul,17072,1982.54,398504.05,23342.55
Municipio PI-148,PI,Piauí,Nordeste,58048,682.39,617022.97,10629.53
Municipio PE-036,PE,Pernambuco,Nordeste,3471,595.91,30265.53,8719.54
Municipio RS-324,RS,Rio Grande do Sul,Sul,24755,1862.01,758320.05,30633.01
Municipio SP-376,SP,São Paulo,Sudeste,4384,2381.92,147989.45,33756.72
Municipio CE-005,CE,Ceará,Nordeste,11166,962.77,127998.98,11463.28
Municipio TO-014,TO,Tocantins,Norte,3758,860.33,55681.31,14816.74
Municipio TO-052,TO,Tocantins,Norte,30363,1335.94,501214.97,16507.43
Municipio SP-108,SP,São Paulo,Sudeste,38762,1819.2,896501.05,23128.35
Municipio PR-109,PR,Paraná,Sul,2773,2092.1,110708.55,39923.75
Municipio BA-255,BA,Bahia,Nordeste,23753,1268.57,554851.1,23359.2
Municipio ES-003,ES,Espírito Santo,Sudeste,17394,1326.78,375385.81,21581.34
Municipio RN-153,RN,Rio Grande do Norte,Nordeste,13419,896.69,171779.14,12801.19
Municipio SP-077,SP,São Paulo,Sudeste,42705,1129.7,737182.9,17262.22
Municipio GO-236,GO,Goiás,Centro-Oeste,4401,2027.17,124159.59,28211.68
Municipio RS-124,RS,Rio Grande do Sul,Sul,1538,1913.87,47416.25,30829.81
Municipio MA-095,MA,Maranhão,Nordeste,1126,1253.99,25781.78,22896.79
Municipio PA-108,PA,Pará,Norte,1665,1039.18,30236.44,18160.02
Municipio MG-066,MG,Minas Gerais,Sudeste,4921,1984.94,114663.53,23300.86
Municipio RJ-040,RJ,Rio de Janeiro,Sudeste,21156,2406.24,614124.18,29028.37
Municipio AL-013,AL,Alagoas,Nordeste,12601,906.27,186028.25,14762.98
Municipio SP-577,SP,São Paulo,Sudeste,5380,990.74,66729.43,12403.24
Municipio PE-024,PE,Pernambuco,Nordeste,20349,904.74,312534.45,15358.71
Municipio MG-699,MG,Minas Gerais,Sudeste,10104,1208.42,153094.52,15151.87
Municipio MG-782,MG,Minas Gerais,Sudeste,29572,2270.58,1010953.32,34186.17
Municipio MA-045,MA,Maranhão,Nordeste,5998,1172.15,98161.87,16365.77
Municipio RS-162,RS,Rio Grande do Sul,Sul,9175,1977.32,248464.41,27080.59
Municipio SC-193,SC,Santa Catarina,Sul,9844,1652.23,245800.69,24969.59
Municipio SC-035,SC,Santa Catarina,Sul,26781,1643.4,803858.15,30015.99
Municipio PB-091,PB,Paraíba,Nordeste,7169,1305.31,142656.9,19899.14
Municipio MT-022,MT,Mato Grosso,Centro-Oeste,10487,2081.52,393989.09,37569.28
Municipio SP-204,SP,São Paulo,Sudeste,9351,2077.65,223808.46,23934.17
Municipio AL-085,AL,Alagoas,Nordeste,77130,596.04,642148.89,8325.54
Municipio PR-159,PR,Paraná,Sul,7081,1079.75,111670.57,15770.45
Municipio RN-041,RN,Rio Grande do Norte,Nordeste,10101,596.37,66727.77,6606.06
Municipio MG-613,MG,Minas Gerais,Sudeste,20169,1259.91,448511.77,22237.68
Municipio SP-591,SP,São Paulo,Sudeste,5085,2330.78,139469.79,27427.69
Municipio PE-016,PE,Pernambuco,Nordeste,11552,1298.16,187433.35,16225.19
Municipio MA-149,MA,Maranhão,Nordeste,8279,570.12,69476.4,8391.88
Municipio ES-028,ES,Espírito Santo,Sudeste,12315,1473.7,294596.56,23921.77
Municipio GO-087,GO,Goiás,Centro-Oeste,19090,1064.0,385886.13,20214.05
Municipio MT-035,MT,Mato Grosso,Centro-Oeste,69602,1247.43,1528295.25,21957.63
Municipio RJ-080,RJ,Rio de Janeiro,Sudeste,2018,1757.93,44816.28,22208.27
Municipio PR-252,PR,Paraná,Sul,9192,1735.98,252125.92,27428.84
Municipio PA-118,PA,Pará,Norte,10885,1313.02,263860.99,24240.79
Municipio BA-090,BA,Bahia,Nordeste,3196,1210.54,66933.71,20942.96
Municipio MA-195,MA,Maranhão,Nordeste,21700,1189.17,354725.13,16346.78
Municipio MG-067,MG,Minas Gerais,Sudeste,8519,1299.81,131185.69,15399.19
Municipio GO-230,GO,Goiás,Centro-Oeste,37583,2037.75,1039680.83,27663.59
Municipio MA-202,MA,Maranhão,Nordeste,2474,800.95,25931.78,10481.72
Municipio GO-123,GO,Goiás,Centro-Oeste,41638,983.49,572694.93,13754.14
Municipio PE-150,PE,Pernambuco,Nordeste,15824,1221.68,295352.08,18664.82
Municipio PA-013,PA,Pará,Norte,41307,786.14,533983.02,12927.18
Municipio MG-773,MG,Minas Gerais,Sudeste,5639,2185.71,208833.18,37033.73
Municipio PE-022,PE,Pernambuco,Nordeste,7255,1126.11,155171.34,21388.19
Municipio RS-367,RS,Rio Grande do Sul,Sul,19480,1746.09,610478.96,31338.76
Municipio SP-386,SP,São Paulo,Sudeste,5939,2287.36,167470.08,28198.36
Municipio PB-132,PB,Paraíba,Nordeste,4864,1105.07,69578.77,14304.85
Municipio PI-064,PI,Piauí,Nordeste,20031,1270.17,421261.27,21030.47
Municipio PB-149,PB,Paraíba,Nordeste,6809,591.57,60594.28,8899.15
Municipio MG-118,MG,Minas Gerais,Sudeste,14841,2077.03,356434.04,24016.85
Municipio RN-045,RN,Rio Grande do Norte,Nordeste,30090,1265.92,684274.91,22740.94
Municipio SP-194,SP,São Paulo,Sudeste,3467,1948.66,79612.9,22963.05
Municipio RN-025,RN,Rio Grande do Norte,Nordeste,26699,940.12,432241.83,16189.44
Municipio SC-119,SC,Santa Catarina,Sul,9729,1991.03,336014.9,34537.46
Municipio SP-294,SP,São Paulo,Sudeste,1659,2416.35,65008.68,39185.46
Municipio PB-195,PB,Paraíba,Nordeste,3013,987.33,53030.01,17600.4
Municipio PB-089,PB,Paraíba,Nordeste,19952,773.3,270160.27,13540.51
Municipio RS-336,RS,Rio Grande do Sul,Sul,7939,1196.65,112272.94,14141.95
Municipio PA-076,PA,Pará,Norte,19218,1339.54,480317.14,24993.09
Municipio CE-143,CE,Ceará,Nordeste,7501,1197.91,123030.72,16401.91
Municipio RN-117,RN,Rio Grande do Norte,Nordeste,5360,1149.12,73673.69,13745.09
Municipio PA-047,PA,Pará,Norte,3509,1062.53,48966.04,13954.41
Municipio PR-219,PR,Paraná,Sul,1482,2257.44,38697.06,26111.38
Municipio BA-181,BA,Bahia,Nordeste,72308,803.31,997637.44,13797.05
Municipio MA-150,MA,Maranhão,Nordeste,8458,1124.75,116937.34,13825.65
Municipio RS-202,RS,Rio Grande do Sul,Sul,7635,1857.99,233197.72,30543.25
Municipio RS-228,RS,Rio Grande do Sul,Sul,23961,1604.63,584665.31,24400.71
Municipio MG-795,MG,Minas Gerais,Sudeste,13517,1692.2,408785.31,30242.31
Municipio PR-238,PR,Paraná,Sul,20216,1345.99,299231.65,14801.72
Municipio SE-032,SE,Sergipe,Nordeste,2499,1177.26,54269.28,21716.4
Municipio RS-438,RS,Rio Grande do Sul,Sul,22311,2170.62,767938.05,34419.71
Municipio MA-146,MA,Maranhão,Nordeste,4993,691.7,54271.15,10869.45
Municipio AL-077,AL,Alagoas,Nordeste,61902,666.2,603941.08,9756.41
Municipio RS-251,RS,Rio Grande do Sul,Sul,5218,1444.79,105342.13,20188.22
Municipio SP-205,SP,São Paulo,Sudeste,25178,2443.7,897209.74,35634.67
Municipio RN-023,RN,Rio Grande do Norte,Nordeste,17494,1111.43,332448.3,19003.56
Municipio MA-103,MA,Maranhão,Nordeste,5142,1169.89,95625.31,18596.91
Municipio CE-093,CE,Ceará,Nordeste,19808,779.67,291434.97,14712.99
Municipio RN-091,RN,Rio Grande do Norte,Nordeste,29431,883.8,334488.03,11365.16
Municipio SP-639,SP,São Paulo,Sudeste,6726,1010.02,89933.62,13371.04
Municipio SC-059,SC,Santa Catarina,Sul,12451,1577.39,368954.74,29632.54
Municipio PA-109,PA,Pará,Norte,7342,1121.95,156235.33,21279.67
Municipio PR-228,PR,Paraná,Sul,25105,1030.12,426556.56,16990.9
Municipio BA-055,BA,Bahia,Nordeste,3342,536.41,24056.25,7198.16
Municipio GO-195,GO,Goiás,Centro-Oeste,1682,1959.82,61929.48,36818.95
Municipio MG-728,MG,Minas Gerais,Sudeste,105488,2049.83,3823753.28,36248.23
Municipio SP-266,SP,São Paulo,Sudeste,893,2357.77,24774.08,27742.53
Municipio SC-040,SC,Santa Catarina,Sul,19797,1052.99,241511.95,12199.42
Municipio MG-402,MG,Minas Gerais,Sudeste,2340,1197.99,36564.09,15625.68
Municipio RS-480,RS,Rio Grande do Sul,Sul,7873,2344.57,286577.28,36400.01
Municipio MG-084,MG,Minas Gerais,Sudeste,15873,1695.74,475388.3,29949.49
Municipio PR-151,PR,Paraná,Sul,10556,1406.38,194559.12,18431.14
Municipio RS-063,RS,Rio Grande do Sul,Sul,11181,1447.8,262623.7,23488.39
Municipio RS-071,RS,Rio Grande do Sul,Sul,2101,2303.66,52836.65,25148.33
Municipio MG-298,MG,Minas Gerais,Sudeste,11088,2177.74,356679.4,32168.06
Municipio PA-018,PA,Pará,Norte,72601,1057.59,1469046.8,20234.53
Municipio MT-037,MT,Mato Grosso,Centro-Oeste,13591,1614.45,376744.08,27720.11
Municipio RO-043,RO,Rondônia,Norte,6202,1235.1,136071.21,21939.89
Municipio PR-257,PR,Paraná,Sul,26801,1235.35,418408.26,15611.67
Municipio SC-078,SC,Santa Catarina,Sul,1330,1486.75,21567.06,16215.83
Municipio BA-244,BA,Bahia,Nordeste,13876,926.38,187650.77,13523.41
Municipio SC-057,SC,Santa Catarina,Sul,121497,1528.79,2140941.32,17621.35
Municipio AM-045,AM,Amazonas,Norte,6997,739.69,73660.36,10527.42
Municipio MS-056,MS,Mato Grosso do Sul,Centro-Oeste,10895,990.34,121204.67,11124.8
Municipio MA-047,MA,Maranhão,Nordeste,50039,641.49,550618.32,11003.78
Municipio SP-402,SP,São Paulo,Sudeste,12403,1135.34,184186.79,14850.18
Municipio MG-429,MG,Minas Gerais,Sudeste,8984,2145.66,301701.89,33582.13
Municipio PA-008,PA,Pará,Norte,41799,1168.95,658025.3,15742.61
Municipio PA-026,PA,Pará,Norte,11816,1081.24,168899.77,14294.16
Municipio GO-051,GO,Goiás,Centro-Oeste,10951,2223.89,420771.09,38423.07
Municipio CE-183,CE,Ceará,Nordeste,148654,722.68,1860920.64,12518.47
Municipio CE-062,CE,Ceará,Nordeste,6189,655.27,56490.35,9127.54
Municipio MG-573,MG,Minas Gerais,Sudeste,21438,1218.22,325808.3,15197.7
Municipio MG-080,MG,Minas Gerais,Sudeste,34852,1116.56,658131.25,18883.6
Municipio MG-808,MG,Minas Gerais,Sudeste,18720,1158.25,260416.22,13911.12
Municipio MT-025,MT,Mato Grosso,Centro-Oeste,33983,971.8,519251.83,15279.75
Municipio MG-008,MG,Minas Gerais,Sudeste,30925,2084.5,927495.84,29991.78
Municipio RS-093,RS,Rio Grande do Sul,Sul,11758,2267.16,494028.7,42016.39
Municipio SE-040,SE,Sergipe,Nordeste,8080,1276.76,161107.66,19939.07
Municipio PR-098,PR,Paraná,Sul,4373,1332.53,89146.0,20385.55
Municipio MT-100,MT,Mato Grosso,Centro-Oeste,10599,1136.97,160026.45,15098.26
Municipio MG-543,MG,Minas Gerais,Sudeste,26294,2254.7,1004255.82,38193.35
Municipio AM-006,AM,Amazonas,Norte,13901,1387.36,355888.05,25601.61
Municipio MS-041,MS,Mato Grosso do Sul,Centro-Oeste,3689,1010.27,51376.21,13926.87
Municipio MG-768,MG,Minas Gerais,Sudeste,3816,1831.11,108496.03,28431.87
Municipio PB-212,PB,Paraíba,Nordeste,10128,1040.13,122869.92,12131.71
Municipio CE-082,CE,Ceará,Nordeste,21709,1198.36,444762.78,20487.48
Municipio PI-128,PI,Piauí,Nordeste,15605,1225.51,206718.74,13246.96
Municipio PA-085,PA,Pará,Norte,16127,907.18,190465.66,11810.36
Municipio MG-272,MG,Minas Gerais,Sudeste,20380,1341.88,458380.43,22491.68
Municipio MG-823,MG,Minas Gerais,Sudeste,15528,2079.41,457846.65,29485.23
Municipio BA-254,BA,Bahia,Nordeste,2388,901.56,29175.19,12217.42
Municipio MG-128,MG,Minas Gerais,Sudeste,20861,1082.41,402720.45,19304.94
Municipio MS-049,MS,Mato Grosso do Sul,Centro-Oeste,24017,1553.66,603233.28,25116.93
Municipio MG-361,MG,Minas Gerais,Sudeste,14106,1705.56,397517.58,28180.74
Municipio BA-215,BA,Bahia,Nordeste,57413,1088.74,957240.1,16672.88
Municipio PA-019,PA,Pará,Norte,159079,1196.38,3509571.93,22061.82
Municipio SC-198,SC,Santa Catarina,Sul,43338,2515.94,1660594.96,38317.3
Municipio MS-055,MS,Mato Grosso do Sul,Centro-Oeste,1660,2276.95,55581.04,33482.55
Municipio BA-152,BA,Bahia,Nordeste,57067,1097.27,1021805.56,17905.37
Municipio SP-458,SP,São Paulo,Sudeste,5503,1334.2,103228.51,18758.59
Municipio SC-022,SC,Santa Catarina,Sul,14272,1845.87,408930.57,28652.65
Municipio RS-305,RS,Rio Grande do Sul,Sul,9504,1687.72,276184.14,29059.78
Municipio RS-119,RS,Rio Grande do Sul,Sul,4332,1611.28,132193.31,30515.54
Municipio PB-073,PB,Paraíba,Nordeste,11900,1091.07,181658.3,15265.4
Municipio SP-288,SP,São Paulo,Sudeste,3514,2240.47,142446.47,40536.84
Municipio MA-184,MA,Maranhão,Nordeste,49857,1180.63,960916.24,19273.45
Municipio MA-027,MA,Maranhão,Nordeste,36630,997.49,622574.2,16996.29
Municipio RS-211,RS,Rio Grande do Sul,Sul,6170,1639.14,179386.8,29074.04
Municipio RS-062,RS,Rio Grande do Sul,Sul,37412,2044.65,1091204.63,29167.24
Municipio BA-229,BA,Bahia,Nordeste,12277,1009.47,159574.65,12997.85
Municipio MS-054,MS,Mato Grosso do Sul,Centro-Oeste,5540,2215.9,225676.01,40735.74
Municipio SP-207,SP,São Paulo,Sudeste,7783,1874.39,206517.99,26534.5
Municipio RN-146,RN,Rio Grande do Norte,Nordeste,7424,803.68,113568.99,15297.55
Municipio CE-184,CE,Ceará,Nordeste,10327,1018.11,146946.28,14229.33
Municipio MG-010,MG,Minas Gerais,Sudeste,82381,1926.03,1983558.89,24077.87
Municipio RS-494,RS,Rio Grande do Sul,Sul,103188,1347.73,1559672.05,15114.86
Municipio ES-044,ES,Espírito Santo,Sudeste,175809,1027.1,3192037.2,18156.28
Municipio AC-012,AC,Acre,Norte,11122,1165.77,176167.9,15839.59
Municipio SP-417,SP,São Paulo,Sudeste,51840,2040.58,1650942.22,31846.88
Municipio PB-170,PB,Paraíba,Nordeste,9428,1314.23,230545.14,24453.24
Municipio PE-013,PE,Pernambuco,Nordeste,3028,838.33,42044.75,13885.32
Municipio RN-123,RN,Rio Grande do Norte,Nordeste,13520,849.58,136603.09,10103.78
Municipio AL-018,AL,Alagoas,Nordeste,8157,806.97,117348.67,14386.25
Municipio MT-121,MT,Mato Grosso,Centro-Oeste,16705,1703.36,536896.47,32139.87
Municipio SP-581,SP,São Paulo,Sudeste,12963,992.77,194716.68,15020.96
Municipio PA-016,PA,Pará,Norte,28998,1019.35,517289.0,17838.78
Municipio PI-115,PI,Piauí,Nordeste,33350,1057.98,645643.22,19359.62
Municipio MG-449,MG,Minas Gerais,Sudeste,3035,1542.82,76678.49,25264.74
Municipio MG-483,MG,Minas Gerais,Sudeste,7613,1350.92,174813.54,22962.5
Municipio RJ-011,RJ,Rio de Janeiro,Sudeste,15851,2235.36,671994.0,42394.42
Municipio BA-400,BA,Bahia,Nordeste,26588,849.99,261137.77,9821.64
Municipio MG-145,MG,Minas Gerais,Sudeste,24553,1824.79,851067.47,34662.46
Municipio PR-065,PR,Paraná,Sul,18682,2278.29,696567.3,37285.48
Municipio MG-136,MG,Minas Gerais,Sudeste,10628,1636.32,284739.38,26791.44
Municipio SP-298,SP,São Paulo,Sudeste,2159,1671.16,58433.36,27065.01
Municipio SP-490,SP,São Paulo,Sudeste,35959,2237.57,1145638.28,31859.57
Municipio PR-333,PR,Paraná,Sul,42668,2025.22,1382163.91,32393.45
Municipio SP-017,SP,São Paulo,Sudeste,14061,1113.1,248581.58,17678.8
Municipio SC-250,SC,Santa Catarina,Sul,17513,1973.62,543066.01,31009.31
Municipio PE-074,PE,Pernambuco,Nordeste,22274,1130.43,410020.27,18408.02
Municipio BA-092,BA,Bahia,Nordeste,20352,1162.07,351265.93,17259.53
Municipio SP-162,SP,São Paulo,Sudeste,7884,1271.2,180014.3,22832.86
Municipio SP-055,SP,São Paulo,Sudeste,49466,2128.33,1819446.24,36781.75
Municipio MG-397,MG,Minas Gerais,Sudeste,12372,1235.1,241070.84,19485.2
Municipio SC-084,SC,Santa Catarina,Sul,9926,2069.46,274383.8,27642.94
Municipio RS-448,RS,Rio Grande do Sul,Sul,103172,2004.64,3660328.24,35477.92
Municipio MG-108,MG,Minas Gerais,Sudeste,2432,1011.32,26833.28,11033.42
Municipio AM-058,AM,Amazonas,Norte,29335,1349.31,645782.48,22014.06
Municipio MG-450,MG,Minas Gerais,Sudeste,6795,1436.55,136981.42,20159.15
Municipio GO-010,GO,Goiás,Centro-Oeste,10258,1399.93,185040.2,18038.62
Municipio MG-529,MG,Minas Gerais,Sudeste,10623,1255.42,224520.95,21135.36
Municipio RN-142,RN,Rio Grande do Norte,Nordeste,4678,968.15,71877.56,15365.02
Municipio SC-242,SC,Santa Catarina,Sul,82998,1531.25,2413719.25,29081.66
Municipio RS-056,RS,Rio Grande do Sul,Sul,17424,1489.35,377847.65,21685.47
Municipio CE-096,CE,Ceará,Nordeste,16421,1242.92,327427.69,19939.57
Municipio PB-148,PB,Paraíba,Nordeste,131596,937.31,2237456.94,17002.47
Municipio SC-172,SC,Santa Catarina,Sul,3432,1038.3,51220.83,14924.48
Municipio PR-301,PR,Paraná,Sul,69575,2424.69,3067231.57,44085.25
Municipio MG-811,MG,Minas Gerais,Sudeste,31227,2089.98,733232.05,23480.71
Municipio BA-408,BA,Bahia,Nordeste,17862,603.06,195160.25,10926.0
Municipio MG-264,MG,Minas Gerais,Sudeste,3020,1151.68,48930.58,16202.18
Municipio AL-052,AL,Alagoas,Nordeste,4712,847.87,75932.47,16114.7
Municipio PR-149,PR,Paraná,Sul,1005,1521.85,19672.24,19574.37
Municipio CE-075,CE,Ceará,Nordeste,99463,545.95,987294.8,9926.25
Municipio PI-208,PI,Piauí,Nordeste,13055,954.29,188314.75,14424.72
Municipio GO-147,GO,Goiás,Centro-Oeste,11305,1060.68,183560.48,16237.11
Municipio SC-153,SC,Santa Catarina,Sul,11191,2196.46,426660.07,38125.29
Municipio PI-101,PI,Piauí,Nordeste,13742,684.65,128681.84,9364.13
Municipio AM-044,AM,Amazonas,Norte,21428,1219.29,317643.52,14823.76
Municipio GO-237,GO,Goiás,Centro-Oeste,8612,1186.41,187330.95,21752.32
Municipio RS-299,RS,Rio Grande do Sul,Sul,27269,2223.17,877221.79,32169.2
Municipio RS-052,RS,Rio Grande do Sul,Sul,39618,1819.57,786354.85,19848.42
Municipio RS-219,RS,Rio Grande do Sul,Sul,15874,1528.81,351970.0,22172.74
Municipio PA-091,PA,Pará,Norte,1486,581.49,12170.38,8190.03
Municipio MA-211,MA,Maranhão,Nordeste,39905,981.0,608776.56,15255.65
Municipio MG-149,MG,Minas Gerais,Sudeste,27551,1843.57,648968.38,23555.17
Municipio CE-155,CE,Ceará,Nordeste,4025,1112.84,49267.79,12240.44
Municipio TO-019,TO,Tocantins,Norte,1219,905.85,14277.47,11712.44
Municipio RS-472,RS,Rio Grande do Sul,Sul,54079,1911.41,1730072.58,31991.58
Municipio PI-085,PI,Piauí,Nordeste,4183,646.6,32490.72,7767.32
Municipio MG-310,MG,Minas Gerais,Sudeste,21361,1154.19,284228.73,13305.97
Municipio GO-034,GO,Goiás,Centro-Oeste,12078,1345.03,178200.54,14754.14
Municipio PR-363,PR,Paraná,Sul,4559,1996.57,98761.08,21662.88
Municipio SP-396,SP,São Paulo,Sudeste,32704,2018.83,1046917.4,32011.91
Municipio AM-013,AM,Amazonas,Norte,48056,664.67,455608.12,9480.77
Municipio BA-387,BA,Bahia,Nordeste,12036,1195.61,276276.82,22954.21
Municipio PI-195,PI,Piauí,Nordeste,9815,866.29,93664.01,9542.95
Municipio SP-116,SP,São Paulo,Sudeste,6682,2050.0,253180.64,37889.95
Municipio MG-806,MG,Minas Gerais,Sudeste,11288,1085.42,180788.55,16015.99
Municipio TO-020,TO,Tocantins,Norte,8442,1164.11,125454.31,14860.73
Municipio BA-376,BA,Bahia,Nordeste,9203,794.29,95680.18,10396.63
Municipio SP-185,SP,São Paulo,Sudeste,7465,1521.54,157962.3,21160.39
Municipio AL-072,AL,Alagoas,Nordeste,6016,1079.39,78495.36,13047.77
Municipio PE-121,PE,Pernambuco,Nordeste,14302,599.67,146504.69,10243.65
Municipio SC-064,SC,Santa Catarina,Sul,5195,1871.53,169337.1,32596.17
Municipio SP-499,SP,São Paulo,Sudeste,1488,1795.06,38951.84,26177.31
Municipio PB-098,PB,Paraíba,Nordeste,56578,1030.35,1031659.37,18234.28
Municipio MA-071,MA,Maranhão,Nordeste,9573,665.52,89621.45,9361.9
Municipio MG-216,MG,Minas Gerais,Sudeste,4169,1621.54,79775.24,19135.34
Municipio RS-484,RS,Rio Grande do Sul,Sul,7650,2448.94,247408.49,32340.98
Municipio MG-750,MG,Minas Gerais,Sudeste,13823,1351.19,232560.3,16824.16
Municipio TO-137,TO,Tocantins,Norte,23940,1042.01,378523.3,15811.33
Municipio MG-533,MG,Minas Gerais,Sudeste,15874,1863.61,421022.61,26522.78
Municipio PR-321,PR,Paraná,Sul,19783,2416.36,893815.29,45180.98
Municipio RJ-009,RJ,Rio de Janeiro,Sudeste,5191,1458.88,116493.05,22441.35
Municipio PR-072,PR,Paraná,Sul,9109,2400.94,288999.38,31726.8
Municipio MG-281,MG,Minas Gerais,Sudeste,5428,1246.7,111454.37,20533.23
Municipio MG-119,MG,Minas Gerais,Sudeste,12034,1965.09,306960.93,25507.81
Municipio PA-126,PA,Pará,Norte,21847,1245.15,358923.44,16428.96
Municipio TO-042,TO,Tocantins,Norte,4252,816.57,39733.02,9344.55
Municipio CE-178,CE,Ceará,Nordeste,15414,1264.52,369039.36,23941.83
Municipio PB-092,PB,Paraíba,Nordeste,6733,1227.34,113321.82,16830.81
Municipio PR-123,PR,Paraná,Sul,7348,1095.61,119139.65,16213.89
Municipio GO-104,GO,Goiás,Centro-Oeste,30357,947.75,453236.21,14930.2
Municipio RS-311,RS,Rio Grande do Sul,Sul,7961,1464.93,187812.4,23591.56
Municipio PI-171,PI,Piauí,Nordeste,3207,1052.56,60683.65,18922.25
Municipio SC-213,SC,Santa Catarina,Sul,3764,2463.32,109090.91,28982.71
Municipio SC-150,SC,Santa Catarina,Sul,12153,2314.17,367294.86,30222.57
Municipio MG-420,MG,Minas Gerais,Sudeste,32099,2031.18,951353.77,29638.11
Municipio SC-107,SC,Santa Catarina,Sul,1109,1375.67,22510.68,20298.18
Municipio MT-130,MT,Mato Grosso,Centro-Oeste,33023,1919.64,876851.16,26552.74
Municipio SC-288,SC,Santa Catarina,Sul,1328,1021.8,21526.38,16209.62
Municipio SP-610,SP,São Paulo,Sudeste,3943,1681.03,85503.44,21684.87
Municipio SC-080,SC,Santa Catarina,Sul,19714,1210.62,445196.07,22582.74
Municipio MG-791,MG,Minas Gerais,Sudeste,12979,1264.77,197921.6,15249.37
Municipio PI-108,PI,Piauí,Nordeste,10863,614.91,86908.63,8000.43
Municipio MG-383,MG,Minas Gerais,Sudeste,12518,2405.99,425790.44,34014.25
Municipio RO-038,RO,Rondônia,Norte,2561,1030.25,48987.66,19128.33
Municipio MG-263,MG,Minas Gerais,Sudeste,22580,1925.73,833094.57,36895.24
Municipio MS-079,MS,Mato Grosso do Sul,Centro-Oeste,32337,1745.59,861111.16,26629.28
Municipio BA-391,BA,Bahia,Nordeste,25059,582.91,164661.72,6570.96
Municipio CE-103,CE,Ceará,Nordeste,6024,1057.2,69301.12,11504.17
Municipio SP-279,SP,São Paulo,Sudeste,5334,1374.15,102133.22,19147.59
Municipio RS-277,RS,Rio Grande do Sul,Sul,6285,1570.83,159011.82,25300.21
Municipio MG-783,MG,Minas Gerais,Sudeste,3652,2231.46,121241.63,33198.69
Municipio TO-118,TO,Tocantins,Norte,103366,1200.63,1891883.71,18302.77
Municipio GO-029,GO,Goiás,Centro-Oeste,6153,1633.62,176847.88,28741.73
Municipio RJ-072,RJ,Rio de Janeiro,Sudeste,26471,1119.65,385632.93,14568.13
Municipio PI-157,PI,Piauí,Nordeste,4627,841.0,49389.54,10674.2
Municipio RJ-058,RJ,Rio de Janeiro,Sudeste,70292,2324.23,2161883.48,30755.75
Municipio GO-056,GO,Goiás,Centro-Oeste,9297,1102.38,164115.97,17652.57
Municipio PE-111,PE,Pernambuco,Nordeste,8852,1075.8,144163.1,16285.94
Municipio RR-001,RR,Roraima,Norte,8474,634.0,87413.31,10315.47
Municipio SP-556,SP,São Paulo,Sudeste,16265,1209.5,234050.54,14389.83
Municipio MT-132,MT,Mato Grosso,Centro-Oeste,4858,932.5,73545.97,15139.15
Municipio ES-071,ES,Espírito Santo,Sudeste,19739,1874.94,587110.25,29743.67
Municipio MA-068,MA,Maranhão,Nordeste,7975,692.06,74120.54,9294.11
Municipio MS-018,MS,Mato Grosso do Sul,Centro-Oeste,31992,1828.33,1092237.92,34140.97
Municipio MG-778,MG,Minas Gerais,Sudeste,1219,1801.99,27600.76,22642.13
Municipio SP-542,SP,São Paulo,Sudeste,6823,1179.84,106603.82,15624.19
Municipio MG-040,MG,Minas Gerais,Sudeste,9177,1942.14,273974.31,29854.45
Municipio SP-314,SP,São Paulo,Sudeste,20723,1727.86,548495.23,26467.95
Municipio RN-042,RN,Rio Grande do Norte,Nordeste,96594,1013.9,1879053.16,19453.1
Municipio MG-713,MG,Minas Gerais,Sudeste,1090,1979.25,29928.27,27457.13
Municipio PI-187,PI,Piauí,Nordeste,6352,664.81,50392.7,7933.36
Municipio SC-233,SC,Santa Catarina,Sul,48381,2156.04,1839052.06,38011.87
Municipio MG-285,MG,Minas Gerais,Sudeste,179553,2064.69,5707229.77,31785.77
Municipio MG-458,MG,Minas Gerais,Sudeste,33272,1682.77,842919.45,25334.2
Municipio BA-252,BA,Bahia,Nordeste,2657,686.13,34501.47,12985.12
Municipio SC-122,SC,Santa Catarina,Sul,780,2419.28,28059.67,35973.94
Municipio BA-358,BA,Bahia,Nordeste,7139,532.97,69057.46,9673.27
Municipio CE-032,CE,Ceará,Nordeste,10504,579.28,78205.9,7445.34
Municipio SP-152,SP,São Paulo,Sudeste,11625,2096.45,388230.94,33396.21
Municipio PR-017,PR,Paraná,Sul,37603,1051.54,634813.8,16882.0
Municipio BA-088,BA,Bahia,Nordeste,28642,1156.78,608186.31,21234.07
Municipio MT-028,MT,Mato Grosso,Centro-Oeste,44208,2164.4,1381665.37,31253.74
Municipio PE-102,PE,Pernambuco,Nordeste,780,772.56,10337.48,13253.18
Municipio RO-042,RO,Rondônia,Norte,86424,1285.05,1884063.95,21800.24
Municipio AL-036,AL,Alagoas,Nordeste,4120,1058.95,58963.05,14311.42
Municipio BA-159,BA,Bahia,Nordeste,48839,722.22,443490.32,9080.66
Municipio PR-141,PR,Paraná,Sul,6174,1756.97,178992.69,28991.37
Municipio MG-192,MG,Minas Gerais,Sudeste,113884,2418.15,4452309.23,39095.13
Municipio MG-062,MG,Minas Gerais,Sudeste,2496,1281.41,54473.14,21824.17
Municipio PR-095,PR,Paraná,Sul,51020,2029.0,1807625.58,35429.74
Municipio ES-002,ES,Espírito Santo,Sudeste,5086,1930.04,149950.25,29482.94
Municipio SE-026,SE,Sergipe,Nordeste,7214,555.99,69393.17,9619.24
Municipio BA-057,BA,Bahia,Nordeste,30047,552.43,289255.44,9626.77
Municipio PI-185,PI,Piauí,Nordeste,1464,816.19,18502.23,12638.14
Municipio PB-028,PB,Paraíba,Nordeste,3476,1027.75,59855.36,17219.61
Municipio PR-268,PR,Paraná,Sul,20348,1627.01,535003.95,26292.7
Municipio MA-062,MA,Maranhão,Nordeste,4585,1301.23,80771.03,17616.36
Municipio MT-073,MT,Mato Grosso,Centro-Oeste,6413,2160.27,189949.43,29619.43
Municipio RO-016,RO,Rondônia,Norte,4755,1236.28,79426.46,16703.78
Municipio MG-190,MG,Minas Gerais,Sudeste,19602,2293.42,556876.35,28409.16
Municipio PB-046,PB,Paraíba,Nordeste,5742,998.89,90328.82,15731.25
Municipio PB-026,PB,Paraíba,Nordeste,8642,1004.78,125215.18,14489.14
Municipio MG-619,MG,Minas Gerais,Sudeste,4183,1180.26,87441.5,20904.02
Municipio RN-131,RN,Rio Grande do Norte,Nordeste,110808,1083.33,1974254.78,17816.9
Municipio BA-061,BA,Bahia,Nordeste,11198,822.31,172013.89,15361.13
Municipio MG-821,MG,Minas Gerais,Sudeste,11384,2412.18,419098.14,36814.66
Municipio PA-117,PA,Pará,Norte,14748,1115.1,184214.82,12490.83
Municipio SP-506,SP,São Paulo,Sudeste,3387,1448.67,65112.58,19224.26
Municipio TO-100,TO,Tocantins,Norte,22939,1033.02,416964.41,18177.1
Municipio GO-083,GO,Goiás,Centro-Oeste,21606,1029.49,311786.16,14430.54
Municipio RS-452,RS,Rio Grande do Sul,Sul,26684,1186.18,436344.68,16352.3
Municipio MG-228,MG,Minas Gerais,Sudeste,8335,1361.9,191599.73,22987.37
Municipio AM-047,AM,Amazonas,Norte,15499,1332.1,345506.93,22292.21
Municipio MG-544,MG,Minas Gerais,Sudeste,8369,1537.02,180346.19,21549.31
Municipio GO-085,GO,Goiás,Centro-Oeste,8477,1870.58,262910.79,31014.6
Municipio PR-327,PR,Paraná,Sul,25294,2422.92,722855.98,28578.16
Municipio AC-009,AC,Acre,Norte,32753,1394.74,654933.15,19996.13
Municipio MA-131,MA,Maranhão,Nordeste,26557,775.67,355672.44,13392.79
Municipio RS-094,RS,Rio Grande do Sul,Sul,8640,1617.81,165558.16,19161.82
Municipio SP-274,SP,São Paulo,Sudeste,64961,1026.54,937679.21,14434.49
Municipio AL-055,AL,Alagoas,Nordeste,6849,941.85,113244.87,16534.51
Municipio PI-096,PI,Piauí,Nordeste,1041,832.02,11830.33,11364.39
Municipio MG-367,MG,Minas Gerais,Sudeste,92531,1497.82,1599771.39,17289.03
Municipio SP-375,SP,São Paulo,Sudeste,3480,1077.7,68907.41,19800.98
Municipio SC-280,SC,Santa Catarina,Sul,9097,1733.13,245120.82,26945.24
Municipio MG-219,MG,Minas Gerais,Sudeste,9553,2434.03,389828.76,40806.95
Municipio MG-033,MG,Minas Gerais,Sudeste,23126,1040.13,373614.79,16155.62
Municipio MG-268,MG,Minas Gerais,Sudeste,8386,2232.86,295068.07,35185.79
Municipio SC-291,SC,Santa Catarina,Sul,16318,1085.11,231875.76,14209.81
Municipio RS-263,RS,Rio Grande do Sul,Sul,12028,2545.67,421545.47,35047.01
Municipio SP-093,SP,São Paulo,Sudeste,12798,2196.19,508881.02,39762.54
Municipio AL-015,AL,Alagoas,Nordeste,33976,557.94,207791.53,6115.83
Municipio PI-177,PI,Piauí,Nordeste,30922,546.01,269821.36,8725.87
Municipio MA-031,MA,Maranhão,Nordeste,15854,889.74,187813.77,11846.46
Municipio AL-074,AL,Alagoas,Nordeste,13649,885.25,224628.26,16457.49
Municipio RS-197,RS,Rio Grande do Sul,Sul,11647,2130.26,274666.88,23582.63
Municipio MA-037,MA,Maranhão,Nordeste,4569,1311.81,104213.59,22808.84
Municipio PE-087,PE,Pernambuco,Nordeste,46974,540.93,452272.07,9628.14
Municipio SE-029,SE,Sergipe,Nordeste,10360,1047.54,185216.37,17878.03
Municipio GO-024,GO,Goiás,Centro-Oeste,25707,1002.79,403311.24,15688.77
Municipio BA-129,BA,Bahia,Nordeste,106444,620.24,752418.17,7068.68
Municipio MT-016,MT,Mato Grosso,Centro-Oeste,7210,1701.7,233895.96,32440.49
Municipio PE-124,PE,Pernambuco,Nordeste,1293,1160.85,23173.35,17922.16
Municipio SC-135,SC,Santa Catarina,Sul,46829,1206.66,677661.48,14470.98
Municipio PB-155,PB,Paraíba,Nordeste,6993,754.62,74680.89,10679.38
Municipio BA-137,BA,Bahia,Nordeste,10507,1167.61,132535.07,12613.98
Municipio MG-507,MG,Minas Gerais,Sudeste,8441,1961.44,270675.42,32066.75
Municipio MG-469,MG,Minas Gerais,Sudeste,4348,1673.06,112844.13,25953.11
Municipio MG-451,MG,Minas Gerais,Sudeste,35080,1501.83,749100.02,21354.05
Municipio BA-127,BA,Bahia,Nordeste,8216,737.91,82468.25,10037.52
Municipio MG-468,MG,Minas Gerais,Sudeste,79672,1993.19,2568153.03,32234.07
Municipio BA-079,BA,Bahia,Nordeste,3641,1005.42,50640.19,13908.32
Municipio RS-487,RS,Rio Grande do Sul,Sul,9453,1975.54,309480.92,32738.91
Municipio ES-068,ES,Espírito Santo,Sudeste,53146,1525.11,1259256.44,23694.28
Municipio MG-312,MG,Minas Gerais,Sudeste,1475,1490.83,30688.01,20805.43
Municipio RS-481,RS,Rio Grande do Sul,Sul,9863,1488.31,223536.62,22664.16
Municipio PB-206,PB,Paraíba,Nordeste,14816,695.48,137606.16,9287.67
Municipio MA-033,MA,Maranhão,Nordeste,129884,667.5,1209805.73,9314.51
Municipio BA-303,BA,Bahia,Nordeste,3328,1145.54,61544.41,18492.91
Municipio MG-697,MG,Minas Gerais,Sudeste,18571,1680.29,370602.38,19955.97
Municipio MA-039,MA,Maranhão,Nordeste,11038,1162.46,156149.35,14146.53
Municipio SC-086,SC,Santa Catarina,Sul,113633,1166.36,1858100.07,16351.76
Municipio MG-188,MG,Minas Gerais,Sudeste,9544,1958.9,214205.25,22443.97
Municipio PI-149,PI,Piauí,Nordeste,21323,680.06,197274.68,9251.73
Municipio PI-009,PI,Piauí,Nordeste,15183,770.27,153725.27,10124.83
Municipio PA-106,PA,Pará,Norte,5951,882.16,81613.51,13714.25
Municipio ES-047,ES,Espírito Santo,Sudeste,7752,1397.73,127837.7,16490.93
Municipio PR-050,PR,Paraná,Sul,2808,1810.59,77709.91,27674.47
Municipio BA-371,BA,Bahia,Nordeste,39187,1296.0,664398.24,16954.56
Municipio SP-426,SP,São Paulo,Sudeste,7983,1134.64,173459.86,21728.66
Municipio MG-324,MG,Minas Gerais,Sudeste,8558,1604.87,155336.72,18151.05
Municipio SP-154,SP,São Paulo,Sudeste,10279,1737.91,258687.67,25166.62
Municipio MG-351,MG,Minas Gerais,Sudeste,24419,1851.6,785292.55,32159.08
Municipio RS-466,RS,Rio Grande do Sul,Sul,7107,1075.28,119395.22,16799.67
Municipio PI-154,PI,Piauí,Nordeste,7749,885.81,101049.86,13040.37
Municipio RS-232,RS,Rio Grande do Sul,Sul,4417,2370.34,144871.02,32798.51
Municipio MG-764,MG,Minas Gerais,Sudeste,10335,2110.8,377415.06,36518.15
Municipio BA-298,BA,Bahia,Nordeste,3462,598.1,35924.21,10376.72
Municipio SP-341,SP,São Paulo,Sudeste,17495,1424.88,440446.81,25175.58
Municipio SP-463,SP,São Paulo,Sudeste,10565,2338.78,438124.37,41469.42
Municipio PA-067,PA,Pará,Norte,62528,589.64,640820.55,10248.54
Municipio BA-083,BA,Bahia,Nordeste,4608,989.15,76019.98,16497.39
Municipio SP-478,SP,São Paulo,Sudeste,16689,1236.39,348911.75,20906.69
Municipio RS-222,RS,Rio Grande do Sul,Sul,6474,1549.72,129021.32,19929.15
Municipio RO-008,RO,Rondônia,Norte,4630,1414.05,95655.1,20659.85
Municipio GO-164,GO,Goiás,Centro-Oeste,29688,2054.14,801231.58,26988.4
Municipio RS-451,RS,Rio Grande do Sul,Sul,64942,1872.38,1528888.51,23542.37
Municipio PR-371,PR,Paraná,Sul,7581,1723.95,196449.09,25913.35
Municipio MG-515,MG,Minas Gerais,Sudeste,32885,1995.85,1052625.96,32009.3
Municipio RS-067,RS,Rio Grande do Sul,Sul,12099,2279.34,355434.28,29377.16
Municipio PR-389,PR,Paraná,Sul,96126,2099.65,3212679.85,33421.55
Municipio SC-091,SC,Santa Catarina,Sul,34895,1642.97,704207.63,20180.76
Municipio MG-628,MG,Minas Gerais,Sudeste,2054,1242.27,35090.1,17083.79
Municipio PR-042,PR,Paraná,Sul,10873,1482.48,199195.91,18320.23
Municipio MG-427,MG,Minas Gerais,Sudeste,29032,2067.15,963516.89,33188.1
Municipio SP-578,SP,São Paulo,Sudeste,30881,2253.04,1065863.7,34515.19
Municipio AC-002,AC,Acre,Norte,21624,780.97,253074.47,11703.41
Municipio AL-075,AL,Alagoas,Nordeste,7359,1260.88,148458.32,20173.71
Municipio PR-329,PR,Paraná,Sul,34837,2533.36,1143696.34,32829.93
Municipio MG-724,MG,Minas Gerais,Sudeste,31735,2066.86,882859.9,27819.75
Municipio CE-182,CE,Ceará,Nordeste,24082,1051.75,328815.03,13653.98
Municipio AM-059,AM,Amazonas,Norte,37603,585.8,376478.58,10011.93
Municipio PE-097,PE,Pernambuco,Nordeste,24007,970.56,409323.77,17050.18
Municipio PI-026,PI,Piauí,Nordeste,22330,661.15,181191.35,8114.26
Municipio MG-407,MG,Minas Gerais,Sudeste,8646,1015.83,120139.08,13895.34
Municipio CE-165,CE,Ceará,Nordeste,10200,763.01,106554.01,10446.47
Municipio RS-447,RS,Rio Grande do Sul,Sul,21001,1882.67,535837.81,25514.87
Municipio MG-201,MG,Minas Gerais,Sudeste,11458,1137.61,249886.44,21808.91
Municipio SP-282,SP,São Paulo,Sudeste,15065,2288.92,583712.58,38746.27
Municipio SE-071,SE,Sergipe,Nordeste,2360,1247.91,42483.03,18001.28
Municipio MT-094,MT,Mato Grosso,Centro-Oeste,15811,1625.32,426215.64,26956.91
Municipio BA-134,BA,Bahia,Nordeste,15166,926.02,153939.11,10150.28
Municipio MG-708,MG,Minas Gerais,Sudeste,16153,1178.31,209291.9,12956.84
Municipio AL-007,AL,Alagoas,Nordeste,19190,1116.24,252100.33,13137.07
Municipio MG-127,MG,Minas Gerais,Sudeste,17097,1286.85,402173.85,23523.07
Municipio RS-027,RS,Rio Grande do Sul,Sul,6102,2503.01,167069.63,27379.49
Municipio PR-385,PR,Paraná,Sul,2148,1927.06,47968.05,22331.49
Municipio CE-039,CE,Ceará,Nordeste,22170,1041.62,299349.34,13502.45
Municipio RS-100,RS,Rio Grande do Sul,Sul,48974,2376.51,1884818.53,38486.11
Municipio PR-220,PR,Paraná,Sul,111327,1967.17,4046888.68,36351.37
Municipio MS-014,MS,Mato Grosso do Sul,Centro-Oeste,5378,2043.34,162731.38,30258.72
Municipio PB-202,PB,Paraíba,Nordeste,2352,668.96,21027.82,8940.4
Municipio SE-059,SE,Sergipe,Nordeste,19142,1254.09,309903.1,16189.69
Municipio MT-125,MT,Mato Grosso,Centro-Oeste,6849,2240.36,274514.84,40081.01
Municipio MA-182,MA,Maranhão,Nordeste,19335,949.02,347418.21,17968.36
Municipio PI-075,PI,Piauí,Nordeste,4347,530.01,30944.56,7118.6
Municipio RS-250,RS,Rio Grande do Sul,Sul,915,2274.88,27373.4,29916.28
Municipio PR-294,PR,Paraná,Sul,19177,2046.83,698811.66,36440.09
Municipio RN-081,RN,Rio Grande do Norte,Nordeste,38740,1240.12,831660.85,21467.76
Municipio CE-061,CE,Ceará,Nordeste,29119,589.57,257873.81,8855.86
Municipio AM-041,AM,Amazonas,Norte,42082,1033.28,744570.32,17693.32
Municipio BA-043,BA,Bahia,Nordeste,7139,766.4,70697.8,9903.04
Municipio MG-072,MG,Minas Gerais,Sudeste,9674,2173.8,239095.5,24715.27
Municipio GO-139,GO,Goiás,Centro-Oeste,26101,1562.72,659846.9,25280.52
Municipio RS-349,RS,Rio Grande do Sul,Sul,8358,2473.88,289087.99,34588.18
Municipio PI-158,PI,Piauí,Nordeste,17004,1076.19,298946.63,17580.96
Municipio SP-524,SP,São Paulo,Sudeste,3411,2353.1,90255.18,26460.04
Municipio GO-013,GO,Goiás,Centro-Oeste,11125,1085.33,208616.35,18752.03
Municipio BA-339,BA,Bahia,Nordeste,19095,1080.17,281697.65,14752.43
Municipio SP-167,SP,São Paulo,Sudeste,14086,1046.01,263916.49,18736.08
Municipio MG-147,MG,Minas Gerais,Sudeste,6689,1164.53,98269.97,14691.28
Municipio RS-169,RS,Rio Grande do Sul,Sul,1883,1123.41,38419.72,20403.46
Municipio MG-182,MG,Minas Gerais,Sudeste,4004,1216.92,53489.38,13358.99
Municipio MG-029,MG,Minas Gerais,Sudeste,8812,1446.52,228520.9,25932.92
Municipio MT-103,MT,Mato Grosso,Centro-Oeste,19437,1678.13,472369.11,24302.57
Municipio PE-096,PE,Pernambuco,Nordeste,127148,1240.23,2256828.05,17749.62
Municipio MG-001,MG,Minas Gerais,Sudeste,71326,2148.91,1808013.15,25348.58
Municipio SP-092,SP,São Paulo,Sudeste,22500,1627.97,567098.5,25204.38
Municipio RS-434,RS,Rio Grande do Sul,Sul,2961,1912.11,72791.35,24583.37
Municipio PR-279,PR,Paraná,Sul,54400,1768.0,1454433.22,26735.9
Municipio SP-461,SP,São Paulo,Sudeste,42972,1005.82,731091.7,17013.21
Municipio MG-720,MG,Minas Gerais,Sudeste,2041,1035.87,34058.49,16687.16
Municipio AM-005,AM,Amazonas,Norte,34662,969.02,432552.32,12479.15
Municipio PE-112,PE,Pernambuco,Nordeste,38548,675.91,391712.57,10161.68
Municipio PI-069,PI,Piauí,Nordeste,6305,1243.85,90956.53,14426.1
Municipio ES-030,ES,Espírito Santo,Sudeste,5454,1265.76,75533.52,13849.2
Municipio BA-278,BA,Bahia,Nordeste,9406,1133.52,204639.89,21756.31
Municipio SP-009,SP,São Paulo,Sudeste,7562,1311.51,124070.03,16407.04
Municipio GO-150,GO,Goiás,Centro-Oeste,2611,2215.63,75574.7,28944.73
Municipio SE-005,SE,Sergipe,Nordeste,1204,779.13,16047.63,13328.6
Municipio MG-329,MG,Minas Gerais,Sudeste,4308,1106.09,70768.06,16427.13
Municipio MG-578,MG,Minas Gerais,Sudeste,22087,1708.24,461143.09,20878.48
Municipio PR-085,PR,Paraná,Sul,5031,2206.35,193872.17,38535.51
Municipio SE-036,SE,Sergipe,Nordeste,34058,742.88,374899.95,11007.69
Municipio TO-102,TO,Tocantins,Norte,28866,1287.7,471896.16,16347.82
Municipio RO-040,RO,Rondônia,Norte,3129,1127.22,54333.99,17364.65
Municipio BA-168,BA,Bahia,Nordeste,5346,832.16,66101.55,12364.67
Municipio RN-043,RN,Rio Grande do Norte,Nordeste,42789,586.99,359653.57,8405.28
Municipio SP-565,SP,São Paulo,Sudeste,17514,2203.36,499348.84,28511.41
Municipio SP-425,SP,São Paulo,Sudeste,12380,1034.62,227638.6,18387.61
Municipio SP-462,SP,São Paulo,Sudeste,30555,2306.17,1034910.77,33870.42
Municipio BA-036,BA,Bahia,Nordeste,61427,724.24,577861.07,9407.28
Municipio MG-820,MG,Minas Gerais,Sudeste,140968,1855.28,4236736.74,30054.6
Municipio MG-308,MG,Minas Gerais,Sudeste,7899,1168.13,116633.17,14765.56
Municipio RS-338,RS,Rio Grande do Sul,Sul,30317,1090.16,506805.17,16716.86
Municipio MA-177,MA,Maranhão,Nordeste,12989,1321.32,294952.57,22707.87
Municipio BA-388,BA,Bahia,Nordeste,10379,1047.81,198420.11,19117.46
Municipio MG-535,MG,Minas Gerais,Sudeste,29736,2032.99,1062552.01,35732.85
Municipio RS-029,RS,Rio Grande do Sul,Sul,27643,1369.53,602400.59,21792.16
Municipio SP-440,SP,São Paulo,Sudeste,21852,1842.79,522805.24,23924.82
Municipio MG-499,MG,Minas Gerais,Sudeste,7082,1221.91,157971.89,22306.11
Municipio AL-067,AL,Alagoas,Nordeste,14263,789.04,212406.91,14892.16
Municipio PI-104,PI,Piauí,Nordeste,35502,816.53,372953.25,10505.13
Municipio MG-506,MG,Minas Gerais,Sudeste,6540,1259.57,94406.14,14435.19
Municipio MG-607,MG,Minas Gerais,Sudeste,1793,1497.61,51491.94,28718.32
Municipio RS-479,RS,Rio Grande do Sul,Sul,6672,1066.69,124585.29,18672.86
Municipio PR-070,PR,Paraná,Sul,8105,2492.65,226478.23,27943.03
Municipio RN-096,RN,Rio Grande do Norte,Nordeste,6980,676.22,79204.65,11347.37
Municipio CE-076,CE,Ceará,Nordeste,22757,964.99,384997.97,16917.78
Municipio MG-215,MG,Minas Gerais,Sudeste,30829,1519.63,587046.8,19042.03
Municipio BA-212,BA,Bahia,Nordeste,6434,960.19,116104.13,18045.4
Municipio CE-140,CE,Ceará,Nordeste,6227,930.45,67613.03,10858.04
Municipio SC-243,SC,Santa Catarina,Sul,14047,2258.88,581648.39,41407.3
Municipio RS-134,RS,Rio Grande do Sul,Sul,9099,2362.47,369210.3,40577.02
Municipio MG-627,MG,Minas Gerais,Sudeste,3128,1051.7,46475.59,14857.93
Municipio MG-287,MG,Minas Gerais,Sudeste,2738,1541.51,65909.03,24071.96
Municipio PB-177,PB,Paraíba,Nordeste,29175,1110.93,451622.03,15479.76
Municipio PE-069,PE,Pernambuco,Nordeste,82704,594.64,545483.37,6595.61
Municipio SC-037,SC,Santa Catarina,Sul,16465,1150.6,220381.14,13384.82
Municipio MG-253,MG,Minas Gerais,Sudeste,158240,2017.75,5405053.05,34157.31
Municipio RJ-008,RJ,Rio de Janeiro,Sudeste,7768,1973.71,287694.83,37035.89
Municipio SP-140,SP,São Paulo,Sudeste,13632,1711.08,414195.43,30384.05
Municipio PI-014,PI,Piauí,Nordeste,36841,754.15,464874.4,12618.4
Municipio SP-030,SP,São Paulo,Sudeste,3738,2124.03,142431.64,38103.7
Municipio RO-013,RO,Rondônia,Norte,18578,628.87,131979.53,7104.08
Municipio SP-548,SP,São Paulo,Sudeste,10423,1836.89,263724.67,25302.18
Municipio BA-392,BA,Bahia,Nordeste,13657,908.32,153801.68,11261.75
Municipio SP-302,SP,São Paulo,Sudeste,8742,1872.19,254297.72,29089.19
Municipio MG-111,MG,Minas Gerais,Sudeste,3638,2354.32,135248.46,37176.6
Municipio RN-110,RN,Rio Grande do Norte,Nordeste,4828,771.93,59529.7,12330.1
Municipio MG-419,MG,Minas Gerais,Sudeste,5550,1329.88,137239.44,24727.83
Municipio MT-078,MT,Mato Grosso,Centro-Oeste,4766,1857.31,158236.83,33201.18
Municipio MG-513,MG,Minas Gerais,Sudeste,9764,1679.08,193773.78,19845.74
Municipio RS-315,RS,Rio Grande do Sul,Sul,13353,1995.0,291338.43,21818.2
Municipio SP-036,SP,São Paulo,Sudeste,10584,1194.55,200903.69,18981.83
Municipio SC-226,SC,Santa Catarina,Sul,17696,1759.59,529412.9,29917.09
Municipio RN-167,RN,Rio Grande do Norte,Nordeste,187895,1151.09,4147229.47,22072.06
Municipio RS-482,RS,Rio Grande do Sul,Sul,40620,1175.82,545573.57,13431.16
Municipio PA-058,PA,Pará,Norte,1783,896.96,19179.53,10756.89
Municipio RS-298,RS,Rio Grande do Sul,Sul,226487,1266.88,4667423.62,20607.91
Municipio PI-153,PI,Piauí,Nordeste,45162,581.08,368043.04,8149.4
Municipio SC-273,SC,Santa Catarina,Sul,14574,1254.81,220371.98,15120.9
Municipio PR-025,PR,Paraná,Sul,1766,1686.45,46481.95,26320.47
Municipio RS-166,RS,Rio Grande do Sul,Sul,50656,1832.22,1012399.86,19985.78
Municipio PI-141,PI,Piauí,Nordeste,13034,739.67,180584.12,13854.85
Municipio PB-121,PB,Paraíba,Nordeste,3555,858.04,39796.14,11194.41
Municipio BA-265,BA,Bahia,Nordeste,20515,883.31,216929.98,10574.21
Municipio RO-019,RO,Rondônia,Norte,18180,801.68,254730.12,14011.56
Municipio PB-076,PB,Paraíba,Nordeste,21698,738.83,260798.35,12019.46
Municipio MG-844,MG,Minas Gerais,Sudeste,3783,1019.83,66446.65,17564.54
Municipio CE-015,CE,Ceará,Nordeste,3670,602.04,24055.47,6554.62
Municipio CE-170,CE,Ceará,Nordeste,16349,1175.5,337736.35,20657.92
Municipio MG-456,MG,Minas Gerais,Sudeste,9841,1920.55,267160.2,27147.67
Municipio BA-279,BA,Bahia,Nordeste,11410,978.32,171631.06,15042.16
Municipio GO-224,GO,Goiás,Centro-Oeste,35432,1650.12,721600.56,20365.79
Municipio PR-326,PR,Paraná,Sul,14688,2091.77,508882.07,34646.11
Municipio GO-161,GO,Goiás,Centro-Oeste,6032,2207.38,154811.39,25665.02
Municipio SC-146,SC,Santa Catarina,Sul,978,2278.02,29912.25,30585.12
Municipio PR-081,PR,Paraná,Sul,82759,1999.37,2349129.73,28385.19
Municipio RS-170,RS,Rio Grande do Sul,Sul,7087,1696.99,206608.49,29153.17
Municipio PB-063,PB,Paraíba,Nordeste,9324,1207.55,211709.31,22705.85
Municipio RS-471,RS,Rio Grande do Sul,Sul,14960,1848.2,512476.5,34256.45
Municipio MG-323,MG,Minas Gerais,Sudeste,18852,1570.3,407269.3,21603.51
Municipio GO-053,GO,Goiás,Centro-Oeste,3278,2236.5,136551.73,41657.03
Municipio RS-129,RS,Rio Grande do Sul,Sul,31144,1695.41,697323.58,22390.3
Municipio RS-201,RS,Rio Grande do Sul,Sul,25612,1150.65,323646.15,12636.5
Municipio PR-193,PR,Paraná,Sul,45720,2053.36,1112542.47,24333.82
Municipio AP-010,AP,Amapá,Norte,8468,674.41,92219.84,10890.39
Municipio MA-157,MA,Maranhão,Nordeste,24765,853.54,287107.84,11593.29
Municipio SC-275,SC,Santa Catarina,Sul,31937,2157.09,1040206.22,32570.57
Municipio MS-043,MS,Mato Grosso do Sul,Centro-Oeste,18941,1403.17,481590.51,25425.82
Municipio MG-075,MG,Minas Gerais,Sudeste,2238,1399.79,58274.24,26038.53
Municipio PR-215,PR,Paraná,Sul,82010,2434.32,2397630.86,29235.84
Municipio MG-162,MG,Minas Gerais,Sudeste,68077,2291.2,2610674.73,38348.85
Municipio CE-125,CE,Ceará,Nordeste,20163,1250.42,378971.98,18795.42
Municipio PR-338,PR,Paraná,Sul,10259,1231.17,237282.57,23129.21
Municipio RS-294,RS,Rio Grande do Sul,Sul,62174,1112.27,950590.94,15289.2
Municipio PR-037,PR,Paraná,Sul,11760,2350.68,509815.84,43351.69
Municipio SP-331,SP,São Paulo,Sudeste,95219,1899.2,1982167.08,20816.93
Municipio MS-070,MS,Mato Grosso do Sul,Centro-Oeste,10558,1716.39,231006.74,21879.78
Municipio PA-021,PA,Pará,Norte,9111,899.34,148231.84,16269.55
Municipio BA-404,BA,Bahia,Nordeste,16383,577.35,144756.04,8835.75
Municipio SP-517,SP,São Paulo,Sudeste,37039,1528.38,795773.31,21484.74
Municipio CE-157,CE,Ceará,Nordeste,82193,1055.21,1383678.52,16834.51
Municipio SE-049,SE,Sergipe,Nordeste,4154,994.63,71048.95,17103.74
Municipio AL-045,AL,Alagoas,Nordeste,8341,946.29,145158.98,17403.07
Municipio RS-138,RS,Rio Grande do Sul,Sul,25729,2529.27,949154.11,36890.44
Municipio SP-018,SP,São Paulo,Sudeste,17230,2293.43,503414.29,29217.31
Municipio PA-112,PA,Pará,Norte,780,711.87,6014.7,7711.15
Municipio RN-155,RN,Rio Grande do Norte,Nordeste,7266,645.79,59101.71,8134.01
Municipio RJ-077,RJ,Rio de Janeiro,Sudeste,105992,1428.58,2441427.15,23034.07
Municipio PR-285,PR,Paraná,Sul,13568,2140.96,407425.06,30028.38
Municipio CE-163,CE,Ceará,Nordeste,86190,568.01,658289.02,7637.65
Municipio SC-269,SC,Santa Catarina,Sul,13024,1728.54,305109.09,23426.68
Municipio BA-228,BA,Bahia,Nordeste,60411,671.69,619821.36,10260.07
Municipio ES-078,ES,Espírito Santo,Sudeste,1353,2262.16,51604.9,38141.09
Municipio SP-200,SP,São Paulo,Sudeste,9889,1875.08,244893.41,24764.22
Municipio MG-166,MG,Minas Gerais,Sudeste,25071,1996.48,698494.85,27860.67
Municipio GO-042,GO,Goiás,Centro-Oeste,3623,1006.58,41233.12,11380.93
Municipio AL-039,AL,Alagoas,Nordeste,34210,882.1,427798.23,12505.06
Municipio PE-125,PE,Pernambuco,Nordeste,34034,1013.2,424261.0,12465.8
Municipio SP-317,SP,São Paulo,Sudeste,6868,1499.35,114751.94,16708.2
Municipio RS-271,RS,Rio Grande do Sul,Sul,4227,2129.69,130598.16,30896.18
Municipio BA-343,BA,Bahia,Nordeste,2932,1005.68,40077.67,13669.06
Municipio AM-034,AM,Amazonas,Norte,54714,1394.3,1311841.65,23976.34
Municipio BA-060,BA,Bahia,Nordeste,2454,1134.02,44481.31,18126.04
Municipio MT-084,MT,Mato Grosso,Centro-Oeste,21359,2250.17,526688.36,24658.85
Municipio MG-299,MG,Minas Gerais,Sudeste,6041,1640.48,111260.2,18417.51
Municipio AL-028,AL,Alagoas,Nordeste,2266,594.69,22282.91,9833.59
Municipio SP-019,SP,São Paulo,Sudeste,21736,1792.81,480456.62,22104.19
Municipio SC-222,SC,Santa Catarina,Sul,31491,1702.25,649161.48,20614.19
Municipio PB-221,PB,Paraíba,Nordeste,191648,1320.44,4842087.73,25265.53
Municipio MA-064,MA,Maranhão,Nordeste,2053,656.15,19697.95,9594.72
Municipio MS-029,MS,Mato Grosso do Sul,Centro-Oeste,22274,1832.32,765009.64,34345.41
Municipio PI-080,PI,Piauí,Nordeste,9287,775.76,115873.73,12476.98
Municipio ES-019,ES,Espírito Santo,Sudeste,11418,1877.55,372741.27,32645.06
Municipio PB-060,PB,Paraíba,Nordeste,962,944.04,11797.51,12263.52
Municipio PR-039,PR,Paraná,Sul,72098,1169.74,1398102.14,19391.69
Municipio PI-042,PI,Piauí,Nordeste,3088,766.56,35407.02,11466.0
Municipio GO-036,GO,Goiás,Centro-Oeste,10219,1894.56,271017.61,26520.95
Municipio GO-146,GO,Goiás,Centro-Oeste,8742,1583.01,254790.92,29145.61
Municipio BA-213,BA,Bahia,Nordeste,23148,1244.66,424637.24,18344.45
Municipio MA-109,MA,Maranhão,Nordeste,5208,579.53,47338.43,9089.56
Municipio SP-626,SP,São Paulo,Sudeste,45403,2183.55,1254816.49,27637.3
Municipio PB-204,PB,Paraíba,Nordeste,5986,816.63,63785.94,10655.85
Municipio RS-265,RS,Rio Grande do Sul,Sul,12943,2381.33,514005.1,39712.98
Municipio SC-224,SC,Santa Catarina,Sul,38586,1078.71,702019.08,18193.62
Municipio RN-040,RN,Rio Grande do Norte,Nordeste,3410,1155.55,74070.09,21721.43
Municipio RS-061,RS,Rio Grande do Sul,Sul,11534,1094.1,214457.29,18593.49
Municipio MG-226,MG,Minas Gerais,Sudeste,843,2193.66,34153.97,40514.79
Municipio MS-001,MS,Mato Grosso do Sul,Centro-Oeste,10411,1666.58,201538.97,19358.27
Municipio MG-615,MG,Minas Gerais,Sudeste,7658,2245.47,290483.28,37932.0
Municipio SP-451,SP,São Paulo,Sudeste,4829,1674.03,149168.44,30890.13
Municipio BA-301,BA,Bahia,Nordeste,16905,747.18,237006.8,14019.92
Municipio PI-055,PI,Piauí,Nordeste,29452,1290.55,537386.56,18246.18
Municipio SC-015,SC,Santa Catarina,Sul,5811,2492.11,158234.28,27230.13
Municipio SC-253,SC,Santa Catarina,Sul,36170,1881.55,981519.57,27136.29
Municipio CE-162,CE,Ceará,Nordeste,7564,1239.33,112996.61,14938.74
Municipio MG-227,MG,Minas Gerais,Sudeste,32732,2343.58,1117366.83,34136.83
Municipio BA-154,BA,Bahia,Nordeste,30106,900.81,338770.02,11252.57
Municipio PB-141,PB,Paraíba,Nordeste,44348,760.34,504744.36,11381.45
Municipio PA-055,PA,Pará,Norte,9380,1355.39,211101.75,22505.52
Municipio RS-337,RS,Rio Grande do Sul,Sul,10303,1914.91,367840.56,35702.28
Municipio GO-231,GO,Goiás,Centro-Oeste,1844,1998.94,46534.76,25235.77
Municipio MA-049,MA,Maranhão,Nordeste,12518,1059.52,158234.76,12640.58
Municipio MT-083,MT,Mato Grosso,Centro-Oeste,1812,1588.4,53997.09,29799.72
Municipio RS-272,RS,Rio Grande do Sul,Sul,4050,1717.59,129496.51,31974.45
Municipio SP-488,SP,São Paulo,Sudeste,3696,1683.88,103088.38,27891.88
Municipio BA-192,BA,Bahia,Nordeste,2922,1217.1,46556.11,15932.96
Municipio PA-123,PA,Pará,Norte,17039,1412.64,455280.91,26719.93
Municipio PI-145,PI,Piauí,Nordeste,22282,977.83,235625.77,10574.71
Municipio RS-439,RS,Rio Grande do Sul,Sul,21008,1923.2,452020.06,21516.57
Municipio SP-271,SP,São Paulo,Sudeste,6852,1516.09,123525.0,18027.58
Municipio CE-067,CE,Ceará,Nordeste,3695,1073.32,50572.27,13686.68
Municipio PR-274,PR,Paraná,Sul,43811,1985.66,1100285.99,25114.38
Municipio BA-071,BA,Bahia,Nordeste,9923,619.55,100955.29,10173.87
Municipio TO-057,TO,Tocantins,Norte,10805,857.29,142869.01,13222.49
Municipio SC-124,SC,Santa Catarina,Sul,13135,1407.44,333148.24,25363.4
Municipio PE-101,PE,Pernambuco,Nordeste,128282,948.06,1450612.38,11308.0
Municipio RO-004,RO,Rondônia,Norte,25581,1335.82,481164.48,18809.45
Municipio PA-125,PA,Pará,Norte,24275,1336.29,480391.43,19789.55
Municipio MG-457,MG,Minas Gerais,Sudeste,12092,2386.69,394356.86,32613.04
Municipio SP-338,SP,São Paulo,Sudeste,47532,1175.3,636947.34,13400.39
Municipio MG-051,MG,Minas Gerais,Sudeste,94765,1624.68,2907522.87,30681.4
Municipio MA-040,MA,Maranhão,Nordeste,5792,1275.58,104231.37,17995.75
Municipio RN-019,RN,Rio Grande do Norte,Nordeste,977,987.44,11148.97,11411.43
Municipio MG-452,MG,Minas Gerais,Sudeste,4020,2073.66,120495.82,29974.08
Municipio PB-055,PB,Paraíba,Nordeste,8266,916.13,104415.83,12631.97
Municipio MS-046,MS,Mato Grosso do Sul,Centro-Oeste,3081,1713.94,87059.44,28256.88
Municipio RS-310,RS,Rio Grande do Sul,Sul,19479,1576.06,361175.51,18541.79
Municipio AL-032,AL,Alagoas,Nordeste,4254,875.42,62483.86,14688.26
Municipio CE-111,CE,Ceará,Nordeste,34265,848.37,531617.3,15514.88
Municipio SP-158,SP,São Paulo,Sudeste,84979,1967.59,3189562.8,37533.54
Municipio PI-029,PI,Piauí,Nordeste,14470,1092.17,283418.72,19586.64
Municipio RS-212,RS,Rio Grande do Sul,Sul,3547,1730.56,91818.36,25886.2
Municipio SP-464,SP,São Paulo,Sudeste,50099,1481.68,1316438.28,26276.74
Municipio CE-168,CE,Ceará,Nordeste,6420,1227.1,99781.51,15542.29
Municipio SP-155,SP,São Paulo,Sudeste,6257,1801.63,173231.61,27686.05
Municipio PE-163,PE,Pernambuco,Nordeste,6087,654.18,70258.33,11542.36
Municipio MG-088,MG,Minas Gerais,Sudeste,24290,2229.54,1008375.47,41514.02
Municipio GO-187,GO,Goiás,Centro-Oeste,24928,1031.88,351848.16,14114.58
Municipio RS-379,RS,Rio Grande do Sul,Sul,11009,2248.95,435511.92,39559.63
Municipio PB-192,PB,Paraíba,Nordeste,2463,1176.35,44807.84,18192.38
Municipio RS-275,RS,Rio Grande do Sul,Sul,2260,1573.35,44559.01,19716.38
Municipio RN-072,RN,Rio Grande do Norte,Nordeste,29434,938.43,406276.64,13802.97
Municipio MG-596,MG,Minas Gerais,Sudeste,3600,1964.9,129962.09,36100.58
Municipio PR-240,PR,Paraná,Sul,6367,2221.93,161632.06,25385.91
Municipio PR-121,PR,Paraná,Sul,17803,2114.68,568599.31,31938.4
Municipio SP-295,SP,São Paulo,Sudeste,23156,1468.8,557165.84,24061.4
Municipio PR-347,PR,Paraná,Sul,2492,1745.27,66622.01,26734.35
Municipio MG-049,MG,Minas Gerais,Sudeste,69178,1079.12,867574.73,12541.19
Municipio MG-655,MG,Minas Gerais,Sudeste,6384,1864.61,180555.93,28282.57
Municipio MG-624,MG,Minas Gerais,Sudeste,22148,1720.49,670386.55,30268.49
Municipio CE-145,CE,Ceará,Nordeste,22474,1158.44,357796.8,15920.48
Municipio MG-185,MG,Minas Gerais,Sudeste,3003,2433.32,108976.26,36289.13
Municipio AL-035,AL,Alagoas,Nordeste,33728,1060.56,569637.52,16889.16
Municipio RN-036,RN,Rio Grande do Norte,Nordeste,46116,1219.24,620837.86,13462.53
Municipio RS-296,RS,Rio Grande do Sul,Sul,53013,1602.65,1505413.7,28397.07
Municipio MG-009,MG,Minas Gerais,Sudeste,5411,1919.81,126957.7,23462.89
Municipio PR-083,PR,Paraná,Sul,63937,2537.43,2341959.75,36629.18
Municipio SP-139,SP,São Paulo,Sudeste,6864,2029.08,152509.43,22218.74
Municipio MT-067,MT,Mato Grosso,Centro-Oeste,2253,2001.31,75859.11,33670.27
Municipio AL-046,AL,Alagoas,Nordeste,7646,904.89,112288.76,14685.95
Municipio PR-078,PR,Paraná,Sul,4177,1506.34,69629.01,16669.62
Municipio RS-180,RS,Rio Grande do Sul,Sul,60693,1602.04,1694068.08,27912.08
Municipio SC-200,SC,Santa Catarina,Sul,16029,2187.84,606893.41,37862.21
Municipio SC-189,SC,Santa Catarina,Sul,22357,1715.0,546603.52,24448.88
Municipio PB-016,PB,Paraíba,Nordeste,8933,988.27,128982.43,14438.87
Municipio MG-005,MG,Minas Gerais,Sudeste,4033,2336.77,166290.85,41232.54
Municipio SP-516,SP,São Paulo,Sudeste,1015,1154.12,21197.03,20883.77
Municipio MA-171,MA,Maranhão,Nordeste,4641,631.36,36108.78,7780.39
Municipio MG-183,MG,Minas Gerais,Sudeste,11359,2304.59,302479.53,26629.06
Municipio MG-079,MG,Minas Gerais,Sudeste,11934,1609.34,297342.63,24915.59
Municipio SP-603,SP,São Paulo,Sudeste,47041,1776.8,1110875.41,23615.05
Municipio MG-241,MG,Minas Gerais,Sudeste,19734,2356.05,726025.31,36790.58
Municipio CE-051,CE,Ceará,Nordeste,26272,591.36,229224.98,8725.07
Municipio MG-818,MG,Minas Gerais,Sudeste,18273,1402.04,361089.71,19760.83
Municipio TO-065,TO,Tocantins,Norte,1410,629.72,16391.75,11625.35
Municipio SP-532,SP,São Paulo,Sudeste,26380,1614.52,655670.15,24854.82
Municipio SP-236,SP,São Paulo,Sudeste,10598,1019.28,134525.25,12693.46
Municipio SP-372,SP,São Paulo,Sudeste,13005,1496.7,236953.48,18220.18
Municipio RO-005,RO,Rondônia,Norte,11625,1284.55,179999.23,15483.8
Municipio PR-230,PR,Paraná,Sul,4017,2311.71,160746.48,40016.55
Municipio RS-266,RS,Rio Grande do Sul,Sul,7572,2406.24,280389.45,37029.77
Municipio PB-085,PB,Paraíba,Nordeste,32483,1201.36,628147.3,19337.72
Municipio RS-099,RS,Rio Grande do Sul,Sul,15941,1108.12,300602.23,18857.18
Municipio RS-415,RS,Rio Grande do Sul,Sul,41982,2339.84,1608610.42,38316.67
Municipio MT-102,MT,Mato Grosso,Centro-Oeste,71031,1496.64,1836474.31,25854.55
Municipio MS-059,MS,Mato Grosso do Sul,Centro-Oeste,167313,976.85,2529905.03,15120.79
Municipio BA-100,BA,Bahia,Nordeste,30217,1195.59,496793.84,16440.87
Municipio BA-138,BA,Bahia,Nordeste,780,1274.27,16606.29,21290.12
Municipio RN-086,RN,Rio Grande do Norte,Nordeste,43741,929.42,545076.78,12461.46
Municipio RS-051,RS,Rio Grande do Sul,Sul,39810,2076.97,1511945.68,37979.04
Municipio MG-307,MG,Minas Gerais,Sudeste,944,2327.13,26544.39,28119.06
Municipio SP-057,SP,São Paulo,Sudeste,122433,1880.0,3906189.13,31904.71
Municipio RS-009,RS,Rio Grande do Sul,Sul,4938,1071.59,61443.19,12442.93
Municipio PB-133,PB,Paraíba,Nordeste,2974,803.2,25963.13,8730.04
Municipio AM-030,AM,Amazonas,Norte,7548,782.33,94054.18,12460.81
Municipio GO-197,GO,Goiás,Centro-Oeste,1366,1031.56,22059.64,16149.08
Municipio MG-712,MG,Minas Gerais,Sudeste,7126,1577.45,171047.99,24003.37
Municipio GO-106,GO,Goiás,Centro-Oeste,4412,1214.06,65365.33,14815.35
Municipio CE-098,CE,Ceará,Nordeste,8516,775.97,89181.87,10472.27
Municipio SP-074,SP,São Paulo,Sudeste,780,1821.76,20191.36,25886.36
Municipio MA-012,MA,Maranhão,Nordeste,24877,961.44,407788.4,16392.19
Municipio RS-055,RS,Rio Grande do Sul,Sul,4553,2526.17,128910.84,28313.38
Municipio MA-042,MA,Maranhão,Nordeste,3419,824.63,53214.23,15564.27
Municipio RS-141,RS,Rio Grande do Sul,Sul,7106,1238.22,112079.67,15772.54
Municipio PR-061,PR,Paraná,Sul,15101,2465.94,434205.52,28753.43
Municipio RN-128,RN,Rio Grande do Norte,Nordeste,118362,1243.04,1965198.13,16603.29
Municipio RS-264,RS,Rio Grande do Sul,Sul,5155,2028.64,197297.4,38273.02
Municipio PA-130,PA,Pará,Norte,4238,857.05,59752.02,14099.11
Municipio SC-151,SC,Santa Catarina,Sul,75208,2452.92,3501698.71,46560.19
Municipio BA-169,BA,Bahia,Nordeste,2569,1293.01,56100.83,21837.61
Municipio RS-407,RS,Rio Grande do Sul,Sul,8982,2116.99,210737.56,23462.21
Municipio PR-027,PR,Paraná,Sul,8773,1211.93,178299.04,20323.61
Municipio MG-645,MG,Minas Gerais,Sudeste,180565,1177.73,2743598.96,15194.52
Municipio PE-049,PE,Pernambuco,Nordeste,35314,844.63,415295.97,11760.09
Municipio PR-062,PR,Paraná,Sul,7495,1530.18,135892.26,18131.06
Municipio PR-103,PR,Paraná,Sul,65352,2315.57,2801397.82,42866.29
Municipio RS-319,RS,Rio Grande do Sul,Sul,22362,1624.24,471682.04,21093.02
Municipio ES-006,ES,Espírito Santo,Sudeste,9635,1574.07,195630.18,20304.12
Municipio CE-001,CE,Ceará,Nordeste,14312,697.11,162287.86,11339.29
Municipio SP-559,SP,São Paulo,Sudeste,32287,1611.26,587512.49,18196.56
Municipio PI-097,PI,Piauí,Nordeste,5420,1170.81,89995.72,16604.38
Municipio SP-046,SP,São Paulo,Sudeste,64985,1757.75,1310803.44,20170.86
Municipio RN-152,RN,Rio Grande do Norte,Nordeste,3013,833.13,28463.43,9446.87
Municipio MG-139,MG,Minas Gerais,Sudeste,53577,2147.13,1302547.97,24311.7
Municipio SP-348,SP,São Paulo,Sudeste,3257,1888.61,83236.14,25556.08
Municipio MG-803,MG,Minas Gerais,Sudeste,12520,1208.1,271971.07,21722.93
Municipio AM-020,AM,Amazonas,Norte,13451,1351.51,295752.08,21987.37
Municipio MT-019,MT,Mato Grosso,Centro-Oeste,15284,965.45,187518.39,12268.93
Municipio BA-149,BA,Bahia,Nordeste,31033,1128.5,672003.53,21654.48
Municipio SP-394,SP,São Paulo,Sudeste,5577,2271.11,196555.52,35243.95
Municipio PB-164,PB,Paraíba,Nordeste,10774,682.24,139976.99,12992.11
Municipio MG-849,MG,Minas Gerais,Sudeste,17791,1828.05,448843.36,25228.68
Municipio MG-683,MG,Minas Gerais,Sudeste,7798,1185.92,130172.83,16693.1
Municipio SP-063,SP,São Paulo,Sudeste,33370,2424.92,1103244.64,33060.97
Municipio PB-030,PB,Paraíba,Nordeste,18530,592.43,152613.97,8236.05
Municipio SP-289,SP,São Paulo,Sudeste,95548,1763.4,2096357.06,21940.36
Municipio SE-001,SE,Sergipe,Nordeste,99061,547.93,959402.9,9684.97
Municipio RS-120,RS,Rio Grande do Sul,Sul,4377,2254.71,117174.7,26770.55
Municipio RS-028,RS,Rio Grande do Sul,Sul,7266,1230.65,140906.69,19392.61
Municipio PR-049,PR,Paraná,Sul,13992,1678.93,263661.68,18843.74
Municipio RS-217,RS,Rio Grande do Sul,Sul,28861,1384.14,645111.13,22352.35
Municipio BA-069,BA,Bahia,Nordeste,23433,663.39,248771.11,10616.27
Municipio MA-154,MA,Maranhão,Nordeste,11341,1266.96,245194.92,21620.22
Municipio CE-013,CE,Ceará,Nordeste,28443,691.63,339349.85,11930.87
Municipio PE-152,PE,Pernambuco,Nordeste,7817,737.73,98610.31,12614.85
Municipio PA-075,PA,Pará,Norte,17384,730.4,182101.71,10475.25
Municipio BA-025,BA,Bahia,Nordeste,5990,575.03,49124.4,8201.07
Municipio RO-045,RO,Rondônia,Norte,6837,1322.4,153250.39,22414.86
Municipio SP-390,SP,São Paulo,Sudeste,4034,1682.63,119507.12,29624.97
Municipio RN-027,RN,Rio Grande do Norte,Nordeste,3497,1301.24,84047.3,24034.11
Municipio PI-178,PI,Piauí,Nordeste,12707,680.21,116077.89,9134.96
Municipio PR-016,PR,Paraná,Sul,2596,1610.99,72855.65,28064.58
Municipio GO-138,GO,Goiás,Centro-Oeste,10505,1512.93,183167.01,17436.17
Municipio MG-588,MG,Minas Gerais,Sudeste,66966,2279.95,2056882.35,30715.32
Municipio CE-172,CE,Ceará,Nordeste,22493,1253.23,353807.59,15729.68
Municipio MG-276,MG,Minas Gerais,Sudeste,2369,1050.88,32266.99,13620.51
Municipio TO-032,TO,Tocantins,Norte,3904,1416.14,93484.97,23945.95
Municipio RJ-066,RJ,Rio de Janeiro,Sudeste,2909,1244.74,56969.06,19583.73
Municipio RS-352,RS,Rio Grande do Sul,Sul,9473,1422.65,218493.36,23064.85
Municipio MS-021,MS,Mato Grosso do Sul,Centro-Oeste,4701,1548.88,102956.65,21901.01
Municipio SC-047,SC,Santa Catarina,Sul,34825,1909.4,950146.28,27283.45
Municipio GO-131,GO,Goiás,Centro-Oeste,5576,1256.36,115442.69,20703.5
Municipio RN-078,RN,Rio Grande do Norte,Nordeste,5267,1000.54,61549.68,11685.91
Municipio MG-537,MG,Minas Gerais,Sudeste,16626,2175.58,438870.6,26396.64
Municipio RN-095,RN,Rio Grande do Norte,Nordeste,8816,1118.86,157900.18,17910.64
Municipio SE-067,SE,Sergipe,Nordeste,9181,1306.75,172165.75,18752.4
Municipio MA-052,MA,Maranhão,Nordeste,5375,608.12,43295.47,8054.97
Municipio SP-418,SP,São Paulo,Sudeste,30132,1701.25,904722.73,30025.31
Municipio PR-055,PR,Paraná,Sul,2260,1102.48,33787.13,14950.06
Municipio SC-181,SC,Santa Catarina,Sul,1300,1725.67,28083.76,21602.89
Municipio PR-354,PR,Paraná,Sul,6202,1029.17,73442.17,11841.69
Municipio RS-344,RS,Rio Grande do Sul,Sul,15337,2225.39,579381.96,37776.75
Municipio PR-204,PR,Paraná,Sul,18114,2470.14,660326.81,36453.95
Municipio MG-317,MG,Minas Gerais,Sudeste,17564,2248.61,740171.06,42141.37
Municipio MG-459,MG,Minas Gerais,Sudeste,8798,1997.63,332670.94,37812.11
Municipio ES-038,ES,Espírito Santo,Sudeste,4699,1866.74,109612.3,23326.73
Municipio TO-094,TO,Tocantins,Norte,2898,1287.78,43613.38,15049.48
Municipio MA-061,MA,Maranhão,Nordeste,3142,626.14,32175.96,10240.6
Municipio MG-235,MG,Minas Gerais,Sudeste,1452,2162.62,41383.77,28501.22
Municipio PB-067,PB,Paraíba,Nordeste,16136,1006.01,289256.13,17926.14
Municipio MG-154,MG,Minas Gerais,Sudeste,8278,2384.17,296956.48,35872.97
Municipio GO-193,GO,Goiás,Centro-Oeste,8509,1613.8,193382.15,22726.78
Municipio PB-081,PB,Paraíba,Nordeste,3553,1030.3,48376.04,13615.55
Municipio RS-416,RS,Rio Grande do Sul,Sul,7885,2024.69,182019.35,23084.25
Municipio PI-134,PI,Piauí,Nordeste,8322,795.93,124246.1,14929.84
Municipio MG-710,MG,Minas Gerais,Sudeste,12430,2076.42,351563.05,28283.43
Municipio RO-041,RO,Rondônia,Norte,19512,818.84,180458.49,9248.59
Municipio MG-646,MG,Minas Gerais,Sudeste,5539,1108.7,71903.42,12981.3
Municipio BA-042,BA,Bahia,Nordeste,16411,1180.05,272708.52,16617.42
Municipio MG-220,MG,Minas Gerais,Sudeste,82080,1295.43,1733463.9,21119.2
Municipio PB-205,PB,Paraíba,Nordeste,58955,1153.46,1198240.39,20324.66
Municipio PE-047,PE,Pernambuco,Nordeste,12324,886.09,208124.52,16887.74
Municipio RS-463,RS,Rio Grande do Sul,Sul,16252,1526.1,280613.68,17266.41
Municipio BA-260,BA,Bahia,Nordeste,9661,756.09,94506.52,9782.27
Municipio SP-536,SP,São Paulo,Sudeste,12750,1948.43,441368.11,34617.11
Municipio MS-042,MS,Mato Grosso do Sul,Centro-Oeste,18130,2203.2,561364.22,30963.28
Municipio PR-139,PR,Paraná,Sul,18082,1112.96,322140.28,17815.52
Municipio SP-602,SP,São Paulo,Sudeste,137058,1066.66,1774091.02,12944.09
Municipio AC-011,AC,Acre,Norte,11155,691.51,105162.01,9427.34
Municipio RJ-014,RJ,Rio de Janeiro,Sudeste,7679,2194.28,311966.71,40625.96
Municipio GO-115,GO,Goiás,Centro-Oeste,5676,1431.14,110752.47,19512.42
Municipio SC-025,SC,Santa Catarina,Sul,5061,2172.24,139210.8,27506.58
Municipio PB-039,PB,Paraíba,Nordeste,21074,987.64,285639.63,13554.12
Municipio BA-344,BA,Bahia,Nordeste,150966,575.43,1603192.73,10619.56
Municipio MG-521,MG,Minas Gerais,Sudeste,20475,1289.21,455555.16,22249.34
Municipio SE-018,SE,Sergipe,Nordeste,8433,1129.12,129161.0,15316.14
Municipio PI-150,PI,Piauí,Nordeste,14116,669.45,173005.64,12256.0
Municipio SP-313,SP,São Paulo,Sudeste,11138,2017.46,416480.66,37392.77
Municipio PE-142,PE,Pernambuco,Nordeste,19413,907.04,320662.84,16517.94
Municipio BA-342,BA,Bahia,Nordeste,7745,1220.96,132779.49,17143.9
Municipio SP-010,SP,São Paulo,Sudeste,36378,1085.07,514813.91,14151.79
Municipio BA-413,BA,Bahia,Nordeste,9575,720.63,112092.74,11706.81
Municipio RN-137,RN,Rio Grande do Norte,Nordeste,13981,781.59,187413.1,13404.84
Municipio SP-541,SP,São Paulo,Sudeste,7913,2225.8,242712.61,30672.64
Municipio SP-189,SP,São Paulo,Sudeste,141812,2197.13,5046160.0,35583.45
Municipio CE-118,CE,Ceará,Nordeste,5033,696.02,58933.24,11709.37
Municipio SC-285,SC,Santa Catarina,Sul,2970,2480.07,111079.98,37400.67
Municipio PE-033,PE,Pernambuco,Nordeste,3175,773.45,41104.76,12946.38
Municipio PE-045,PE,Pernambuco,Nordeste,3525,1036.43,62069.55,17608.38
Municipio SP-528,SP,São Paulo,Sudeste,71009,2487.54,2421966.59,34107.88
Municipio MA-140,MA,Maranhão,Nordeste,2798,868.76,37780.93,13502.83
Municipio AM-018,AM,Amazonas,Norte,3175,929.67,38744.79,12203.08
Municipio AC-008,AC,Acre,Norte,9786,753.61,93840.74,9589.28
Municipio RJ-015,RJ,Rio de Janeiro,Sudeste,75050,1169.5,1243866.09,16573.83
Municipio TO-091,TO,Tocantins,Norte,20486,1219.67,343278.72,16756.75
Municipio PE-058,PE,Pernambuco,Nordeste,46904,779.6,554801.33,11828.44
Municipio SP-322,SP,São Paulo,Sudeste,1409,1501.3,25240.42,17913.71
Municipio MS-065,MS,Mato Grosso do Sul,Centro-Oeste,34186,1574.19,629852.01,18424.27
Municipio PR-342,PR,Paraná,Sul,3179,1050.39,46621.61,14665.5
Municipio CE-044,CE,Ceará,Nordeste,54313,1119.61,842289.2,15508.06
Municipio BA-302,BA,Bahia,Nordeste,25901,548.9,206956.47,7990.29
Municipio BA-314,BA,Bahia,Nordeste,14019,1147.58,271781.56,19386.66
Municipio PR-310,PR,Paraná,Sul,14197,1052.9,265345.38,18690.24
Municipio RS-204,RS,Rio Grande do Sul,Sul,13200,2323.37,481742.16,36495.62
Municipio MA-190,MA,Maranhão,Nordeste,200173,650.12,2213504.2,11057.96
Municipio PA-046,PA,Pará,Norte,41229,859.73,576391.07,13980.23
Municipio RN-141,RN,Rio Grande do Norte,Nordeste,34191,1266.18,823298.28,24079.39
Municipio MA-038,MA,Maranhão,Nordeste,18032,612.22,168917.02,9367.63
Municipio SE-019,SE,Sergipe,Nordeste,9616,917.59,130269.51,13547.16
Municipio SC-147,SC,Santa Catarina,Sul,21142,1807.41,665266.25,31466.57
Municipio RS-150,RS,Rio Grande do Sul,Sul,28847,2176.72,745674.58,25849.29
Municipio GO-211,GO,Goiás,Centro-Oeste,9802,2215.14,369376.48,37683.79
Municipio PA-064,PA,Pará,Norte,8675,1210.39,154893.28,17855.13
Municipio MG-625,MG,Minas Gerais,Sudeste,45223,1216.8,878309.43,19421.74
Municipio PI-137,PI,Piauí,Nordeste,1720,858.82,17916.68,10416.67
Municipio MT-001,MT,Mato Grosso,Centro-Oeste,8459,1526.11,183673.8,21713.42
Municipio BA-220,BA,Bahia,Nordeste,51842,1314.16,1018058.03,19637.71
Municipio SP-454,SP,São Paulo,Sudeste,4899,1391.75,121048.92,24708.9
Municipio ES-045,ES,Espírito Santo,Sudeste,20862,1962.44,717204.44,34378.51
Municipio RS-153,RS,Rio Grande do Sul,Sul,22018,2320.14,679454.8,30859.06
Municipio PR-007,PR,Paraná,Sul,157198,1774.75,5063769.33,32212.68
Municipio PR-370,PR,Paraná,Sul,72442,2521.96,3131913.99,43233.4
Municipio RS-098,RS,Rio Grande do Sul,Sul,34395,1520.54,925488.19,26907.64
Municipio BA-012,BA,Bahia,Nordeste,58676,585.51,449667.69,7663.57
Municipio SP-230,SP,São Paulo,Sudeste,18101,2166.14,608027.81,33590.84
Municipio SP-568,SP,São Paulo,Sudeste,21220,1301.62,306839.47,14459.92
Municipio BA-216,BA,Bahia,Nordeste,27329,627.95,246617.03,9024.0
Municipio MT-064,MT,Mato Grosso,Centro-Oeste,66560,1793.63,1780408.57,26748.93
Municipio PI-094,PI,Piauí,Nordeste,2267,956.92,36380.21,16047.73
Municipio MA-199,MA,Maranhão,Nordeste,6290,894.87,69729.19,11085.72
Municipio CE-109,CE,Ceará,Nordeste,14769,857.65,223073.93,15104.2
Municipio RS-246,RS,Rio Grande do Sul,Sul,26515,1865.55,838327.28,31617.1
Municipio MG-702,MG,Minas Gerais,Sudeste,19946,1236.38,345927.75,17343.21
Municipio PR-260,PR,Paraná,Sul,2222,2492.03,62321.41,28047.44
Municipio SE-041,SE,Sergipe,Nordeste,27180,1077.87,483306.55,17781.7
Municipio BA-130,BA,Bahia,Nordeste,19023,1098.75,381637.51,20061.9
Municipio MG-061,MG,Minas Gerais,Sudeste,62208,2102.66,1607664.18,25843.37
Municipio RS-109,RS,Rio Grande do Sul,Sul,1091,1124.5,19756.73,18108.83
Municipio AC-014,AC,Acre,Norte,1179,869.58,17988.03,15257.02
Municipio BA-085,BA,Bahia,Nordeste,33722,758.2,373143.74,11065.29
Municipio AM-008,AM,Amazonas,Norte,1590,733.23,21958.59,13810.43
Municipio PE-072,PE,Pernambuco,Nordeste,7001,646.16,78088.75,11153.94
Municipio MT-039,MT,Mato Grosso,Centro-Oeste,7089,2010.01,172445.42,24325.78
Municipio SP-071,SP,São Paulo,Sudeste,28408,1890.96,1005754.97,35403.93
Municipio SC-263,SC,Santa Catarina,Sul,72894,2229.73,2364953.39,32443.73
Municipio RS-328,RS,Rio Grande do Sul,Sul,24040,1541.59,701846.62,29194.95
Municipio SP-156,SP,São Paulo,Sudeste,18714,2101.3,735339.82,39293.57
Municipio PB-138,PB,Paraíba,Nordeste,1221,679.9,12647.47,10358.29
Municipio RS-047,RS,Rio Grande do Sul,Sul,2553,1752.87,68973.55,27016.67
Municipio SP-198,SP,São Paulo,Sudeste,1487,1111.78,26296.53,17684.28
Municipio PA-097,PA,Pará,Norte,48978,931.75,689917.12,14086.27
Municipio SP-051,SP,São Paulo,Sudeste,7157,1573.72,163761.6,22881.32
Municipio MA-002,MA,Maranhão,Nordeste,7882,555.58,75160.31,9535.69
Municipio PE-026,PE,Pernambuco,Nordeste,12163,1296.2,285660.62,23486.03
Municipio PR-318,PR,Paraná,Sul,26982,2548.62,1095352.67,40595.68
Municipio MG-758,MG,Minas Gerais,Sudeste,11952,2233.23,378462.02,31665.16
Municipio SP-354,SP,São Paulo,Sudeste,25573,1402.55,389224.37,15220.13
Municipio SP-103,SP,São Paulo,Sudeste,8975,1357.33,197155.77,21967.22
Municipio BA-188,BA,Bahia,Nordeste,12707,668.78,115712.55,9106.21
Municipio PI-136,PI,Piauí,Nordeste,37792,642.52,300959.97,7963.59
Municipio PB-068,PB,Paraíba,Nordeste,19788,784.38,262986.15,13290.18
Municipio MG-826,MG,Minas Gerais,Sudeste,19160,1600.93,447484.29,23355.13
Municipio MG-753,MG,Minas Gerais,Sudeste,6451,1627.45,117997.82,18291.4
Municipio TO-078,TO,Tocantins,Norte,2708,888.61,45667.09,16863.77
Municipio MS-045,MS,Mato Grosso do Sul,Centro-Oeste,8074,1451.28,150533.14,18644.18
Municipio PA-132,PA,Pará,Norte,10022,966.19,161171.65,16081.79
Municipio CE-148,CE,Ceará,Nordeste,1918,1246.72,29264.59,15257.87
Municipio PR-026,PR,Paraná,Sul,9731,1126.95,195817.97,20123.11
Municipio RJ-031,RJ,Rio de Janeiro,Sudeste,65045,1652.5,1792038.76,27550.75
Municipio ES-074,ES,Espírito Santo,Sudeste,21762,1572.47,578846.87,26598.97
Municipio PR-197,PR,Paraná,Sul,21865,2552.95,662482.79,30298.78
Municipio MG-368,MG,Minas Gerais,Sudeste,9938,1218.91,185547.83,18670.54
Municipio MS-009,MS,Mato Grosso do Sul,Centro-Oeste,13547,1808.39,273484.03,20187.79
Municipio SP-538,SP,São Paulo,Sudeste,11965,1768.65,250788.01,20960.13
Municipio MG-550,MG,Minas Gerais,Sudeste,80698,2208.19,1949839.22,24162.18
Municipio BA-335,BA,Bahia,Nordeste,38194,1161.14,789629.86,20674.19
Municipio SC-179,SC,Santa Catarina,Sul,12025,2105.11,405481.3,33719.86
Municipio PI-135,PI,Piauí,Nordeste,28781,1184.76,448710.05,15590.5
Municipio PI-184,PI,Piauí,Nordeste,85248,1067.49,1109726.49,13017.62
Municipio SE-064,SE,Sergipe,Nordeste,14088,696.14,131042.43,9301.71
Municipio PR-348,PR,Paraná,Sul,8691,1752.76,227036.05,26123.12
Municipio RS-307,RS,Rio Grande do Sul,Sul,2363,2334.39,93911.07,39742.31
Municipio SP-101,SP,São Paulo,Sudeste,3903,1623.73,113450.79,29067.59
Municipio SP-428,SP,São Paulo,Sudeste,38551,2442.14,1274935.9,33071.41
Municipio BA-075,BA,Bahia,Nordeste,14558,1171.25,273343.68,18776.18
Municipio BA-313,BA,Bahia,Nordeste,52249,1223.31,1114126.8,21323.41
Municipio TO-018,TO,Tocantins,Norte,35461,1111.91,709237.15,20000.48
Municipio SC-197,SC,Santa Catarina,Sul,13337,2137.99,441291.42,33087.76
Municipio CE-134,CE,Ceará,Nordeste,5871,763.75,61447.16,10466.22
Municipio SP-301,SP,São Paulo,Sudeste,1477,1936.28,44015.64,29800.7
Municipio BA-179,BA,Bahia,Nordeste,7438,811.07,68829.29,9253.74
Municipio PR-275,PR,Paraná,Sul,2573,1036.89,34806.72,13527.68
Municipio PB-054,PB,Paraíba,Nordeste,1627,1186.83,32629.72,20055.14
Municipio RJ-068,RJ,Rio de Janeiro,Sudeste,4376,1462.7,96458.35,22042.58
Municipio RS-053,RS,Rio Grande do Sul,Sul,16804,2271.95,528356.02,31442.28
Municipio MG-785,MG,Minas Gerais,Sudeste,73560,1154.43,1231699.67,16744.15
Municipio SP-260,SP,São Paulo,Sudeste,15307,1585.81,284616.79,18593.9
Municipio SC-054,SC,Santa Catarina,Sul,5787,1138.77,93554.01,16166.24
Municipio RN-010,RN,Rio Grande do Norte,Nordeste,1565,926.75,26892.08,17183.44
Municipio SP-622,SP,São Paulo,Sudeste,1987,1632.95,43072.5,21677.15
Municipio BA-013,BA,Bahia,Nordeste,9928,813.15,138411.15,13941.49
Municipio MG-177,MG,Minas Gerais,Sudeste,7026,1743.43,225628.06,32113.3
Municipio MT-109,MT,Mato Grosso,Centro-Oeste,11383,1020.99,184359.44,16196.03
Municipio PI-144,PI,Piauí,Nordeste,4831,1141.81,82738.68,17126.62
Municipio SP-584,SP,São Paulo,Sudeste,2344,1204.39,40053.58,17087.7
Municipio MG-099,MG,Minas Gerais,Sudeste,25096,2186.0,660260.92,26309.41
Municipio TO-012,TO,Tocantins,Norte,5496,1163.19,113665.15,20681.43
Municipio BA-148,BA,Bahia,Nordeste,5312,1285.23,111398.9,20971.18
Municipio RS-413,RS,Rio Grande do Sul,Sul,17211,1468.09,448447.17,26055.85
Municipio SE-056,SE,Sergipe,Nordeste,13749,1052.2,200336.25,14570.97
Municipio SE-053,SE,Sergipe,Nordeste,52463,1176.07,1170327.29,22307.67
Municipio MG-133,MG,Minas Gerais,Sudeste,10013,1534.41,226630.88,22633.66
Municipio SP-477,SP,São Paulo,Sudeste,65729,1782.89,1267579.3,19284.93
Municipio MT-093,MT,Mato Grosso,Centro-Oeste,23114,1637.98,650573.73,28146.31
Municipio MA-122,MA,Maranhão,Nordeste,15198,558.66,156730.66,10312.58
Municipio SP-446,SP,São Paulo,Sudeste,14531,1478.53,287229.78,19766.69
Municipio MA-209,MA,Maranhão,Nordeste,31084,871.19,482640.14,15526.96
Municipio RS-038,RS,Rio Grande do Sul,Sul,5046,2404.79,193692.72,38385.4
Municipio RS-049,RS,Rio Grande do Sul,Sul,13178,1299.19,317984.34,24129.94
Municipio BA-323,BA,Bahia,Nordeste,7573,1296.56,156251.25,20632.68
Municipio GO-226,GO,Goiás,Centro-Oeste,3874,2050.3,108358.42,27970.68
Municipio RS-080,RS,Rio Grande do Sul,Sul,14665,1455.04,373887.54,25495.23
Municipio MG-703,MG,Minas Gerais,Sudeste,7039,1325.24,135629.92,19268.35
Municipio SC-158,SC,Santa Catarina,Sul,18424,2541.5,577906.63,31367.06
Municipio PI-079,PI,Piauí,Nordeste,8086,920.11,109094.64,13491.79
Municipio MA-059,MA,Maranhão,Nordeste,39279,1122.05,513631.9,13076.5
Municipio PE-006,PE,Pernambuco,Nordeste,6359,769.84,64166.83,10090.71
Municipio PA-098,PA,Pará,Norte,14110,1131.69,277139.62,19641.36
Municipio BA-140,BA,Bahia,Nordeste,53043,1287.93,1158188.01,21834.89
Municipio PR-244,PR,Paraná,Sul,1769,1483.11,33922.01,19175.81
Municipio AM-010,AM,Amazonas,Norte,24207,1256.87,511050.17,21111.67
Municipio SP-537,SP,São Paulo,Sudeste,7925,1030.73,132121.85,16671.53
Municipio MG-223,MG,Minas Gerais,Sudeste,3777,2285.02,98411.03,26055.34
Municipio MG-678,MG,Minas Gerais,Sudeste,10470,1530.79,249102.39,23792.01
Municipio RJ-087,RJ,Rio de Janeiro,Sudeste,9138,1411.08,168633.88,18454.13
Municipio SC-014,SC,Santa Catarina,Sul,26525,1821.51,899365.71,33906.34
Municipio GO-061,GO,Goiás,Centro-Oeste,30312,1619.49,595197.87,19635.72
Municipio MT-074,MT,Mato Grosso,Centro-Oeste,37971,1697.25,1086920.25,28625.01
Municipio BA-009,BA,Bahia,Nordeste,6621,1108.49,127099.17,19196.37
Municipio SC-295,SC,Santa Catarina,Sul,23754,1303.46,558219.9,23500.04
Municipio PR-355,PR,Paraná,Sul,37863,2491.33,1532195.86,40466.84
Municipio BA-182,BA,Bahia,Nordeste,8772,651.65,76467.24,8717.2
Municipio PB-077,PB,Paraíba,Nordeste,5033,946.42,65515.08,13017.1
Municipio SC-038,SC,Santa Catarina,Sul,4891,1107.06,86260.69,17636.62
Municipio CE-084,CE,Ceará,Nordeste,13403,976.6,242749.4,18111.57
Municipio RN-082,RN,Rio Grande do Norte,Nordeste,6570,1026.66,126292.59,19222.62
Municipio PB-008,PB,Paraíba,Nordeste,27854,876.66,447649.14,16071.27
Municipio MG-101,MG,Minas Gerais,Sudeste,1046,1527.64,26457.22,25293.71
Municipio RS-048,RS,Rio Grande do Sul,Sul,58739,1334.51,1364868.1,23236.15
Municipio TO-013,TO,Tocantins,Norte,64461,591.76,668362.54,10368.48
Municipio MG-565,MG,Minas Gerais,Sudeste,9304,2275.84,391678.36,42097.85
Municipio MA-093,MA,Maranhão,Nordeste,36097,1207.24,734093.73,20336.7
Municipio MG-663,MG,Minas Gerais,Sudeste,8803,2009.93,309049.71,35107.32
Municipio SP-318,SP,São Paulo,Sudeste,23032,1015.13,323246.98,14034.69
Municipio PR-120,PR,Paraná,Sul,14776,1318.79,272848.02,18465.62
Municipio GO-183,GO,Goiás,Centro-Oeste,9685,1036.07,157195.37,16230.81
Municipio BA-010,BA,Bahia,Nordeste,8179,798.31,75947.47,9285.67
Municipio BA-196,BA,Bahia,Nordeste,5357,1267.26,114434.79,21361.73
Municipio MA-043,MA,Maranhão,Nordeste,10808,847.76,174494.87,16144.97
Municipio PR-278,PR,Paraná,Sul,106402,1226.9,1934079.08,18177.09
Municipio GO-229,GO,Goiás,Centro-Oeste,14005,1626.46,320271.38,22868.36
Municipio MG-056,MG,Minas Gerais,Sudeste,11953,1321.53,297923.48,24924.58
Municipio GO-033,GO,Goiás,Centro-Oeste,32788,2281.57,1323787.18,40374.14
Municipio MG-553,MG,Minas Gerais,Sudeste,900,2066.53,34815.95,38684.39
Municipio PI-116,PI,Piauí,Nordeste,20893,1042.6,258916.6,12392.5
Municipio SP-280,SP,São Paulo,Sudeste,4078,1772.33,115254.59,28262.53
Municipio SP-222,SP,São Paulo,Sudeste,35125,2011.07,1352655.91,38509.78
Municipio SP-522,SP,São Paulo,Sudeste,43508,1620.61,1081617.82,24860.21
Municipio PR-239,PR,Paraná,Sul,24269,1140.47,489543.41,20171.55
Municipio MG-626,MG,Minas Gerais,Sudeste,9291,2042.35,219941.26,23672.51
Municipio MA-046,MA,Maranhão,Nordeste,78684,769.17,1115785.94,14180.6
Municipio PA-090,PA,Pará,Norte,6265,1238.45,108037.71,17244.65
Municipio PR-115,PR,Paraná,Sul,2123,1860.18,73682.87,34706.96
Municipio PB-058,PB,Paraíba,Nordeste,24511,1282.84,518781.6,21165.26
Municipio PR-222,PR,Paraná,Sul,6902,2108.82,167675.81,24293.8
Municipio SP-290,SP,São Paulo,Sudeste,12598,2161.92,442000.73,35084.99
Municipio MG-230,MG,Minas Gerais,Sudeste,7178,1612.29,168582.63,23486.02
Municipio PB-044,PB,Paraíba,Nordeste,25902,1185.56,345744.94,13348.19
Municipio SE-009,SE,Sergipe,Nordeste,33752,1146.21,526531.29,15600.0
Municipio PR-296,PR,Paraná,Sul,22615,1926.19,617638.05,27310.99
Municipio SP-172,SP,São Paulo,Sudeste,60921,1142.34,989995.37,16250.48
Municipio SP-460,SP,São Paulo,Sudeste,19408,1110.46,346284.58,17842.36
Municipio RJ-030,RJ,Rio de Janeiro,Sudeste,11012,2442.42,421236.72,38252.52
Municipio MG-491,MG,Minas Gerais,Sudeste,77383,2018.07,1734530.64,22414.88
Municipio RJ-012,RJ,Rio de Janeiro,Sudeste,12927,1796.26,377198.75,29179.14
Municipio ES-041,ES,Espírito Santo,Sudeste,6247,2346.28,210824.74,33748.16
Municipio MA-128,MA,Maranhão,Nordeste,20602,546.0,146033.62,7088.32
Municipio PB-012,PB,Paraíba,Nordeste,6245,1210.09,138951.16,22249.99
Municipio PI-215,PI,Piauí,Nordeste,28679,1145.32,520835.31,18160.86
Municipio SP-075,SP,São Paulo,Sudeste,2448,2293.72,82962.9,33890.07
Municipio MG-666,MG,Minas Gerais,Sudeste,11734,1757.06,374296.11,31898.42
Municipio SP-086,SP,São Paulo,Sudeste,26367,2070.06,745974.43,28291.97
Municipio AP-015,AP,Amapá,Norte,78540,1231.91,1269598.64,16164.99
Municipio TO-059,TO,Tocantins,Norte,15457,1219.39,266808.77,17261.36
Municipio MA-198,MA,Maranhão,Nordeste,19726,534.28,136085.57,6898.79
Municipio MG-204,MG,Minas Gerais,Sudeste,4640,1444.99,109030.63,23497.98
Municipio RS-279,RS,Rio Grande do Sul,Sul,2983,1024.3,57399.75,19242.29
Municipio PR-227,PR,Paraná,Sul,69373,1911.28,2218948.98,31985.77
Municipio MG-424,MG,Minas Gerais,Sudeste,10451,1424.13,175572.37,16799.58
Municipio MT-026,MT,Mato Grosso,Centro-Oeste,34669,1410.98,798297.72,23026.27
Municipio PB-146,PB,Paraíba,Nordeste,11609,686.48,117934.46,10158.88
Municipio SC-167,SC,Santa Catarina,Sul,8486,1437.08,222822.53,26257.66
Municipio MG-557,MG,Minas Gerais,Sudeste,8922,2169.62,267663.11,30000.35
Municipio RN-127,RN,Rio Grande do Norte,Nordeste,3238,861.48,45154.88,13945.3
Municipio PA-121,PA,Pará,Norte,36727,731.58,455620.98,12405.61
Municipio MA-172,MA,Maranhão,Nordeste,8134,688.08,83540.51,10270.53
Municipio PR-245,PR,Paraná,Sul,58013,2102.3,1434571.13,24728.44
Municipio BA-306,BA,Bahia,Nordeste,133041,832.34,1269276.8,9540.49
Municipio MG-846,MG,Minas Gerais,Sudeste,97408,1011.54,1068266.5,10966.93
Municipio AM-055,AM,Amazonas,Norte,30214,1020.56,585851.52,19390.07
Municipio SP-384,SP,São Paulo,Sudeste,15576,1260.36,275109.39,17662.39
Municipio SP-369,SP,São Paulo,Sudeste,10974,1787.04,334131.67,30447.57
Municipio SP-599,SP,São Paulo,Sudeste,780,2073.38,21743.93,27876.83
Municipio PE-171,PE,Pernambuco,Nordeste,15096,903.03,168260.56,11146.04
Municipio CE-060,CE,Ceará,Nordeste,3500,736.63,31486.45,8996.13
Municipio MG-776,MG,Minas Gerais,Sudeste,1736,2078.75,65558.63,37764.19
Municipio MG-509,MG,Minas Gerais,Sudeste,6071,1388.41,132612.73,21843.64
Municipio SP-413,SP,São Paulo,Sudeste,175384,2113.48,5989659.28,34151.69
Municipio MG-831,MG,Minas Gerais,Sudeste,119390,1040.19,1383536.04,11588.37
Municipio BA-285,BA,Bahia,Nordeste,20445,981.47,350708.39,17153.75
Municipio SC-261,SC,Santa Catarina,Sul,13493,2451.37,457592.54,33913.33
Municipio SC-264,SC,Santa Catarina,Sul,15192,1419.27,368137.08,24232.3
Municipio MA-213,MA,Maranhão,Nordeste,19906,575.46,188893.58,9489.28
Municipio PI-060,PI,Piauí,Nordeste,2737,1283.85,45282.75,16544.67
Municipio PI-018,PI,Piauí,Nordeste,5636,1173.65,112889.21,20030.02
Municipio PR-165,PR,Paraná,Sul,6369,1211.96,83903.58,13173.74
Municipio RS-256,RS,Rio Grande do Sul,Sul,5556,1078.98,112479.55,20244.7
Municipio BA-410,BA,Bahia,Nordeste,1498,1266.2,36186.99,24156.87
Municipio PE-075,PE,Pernambuco,Nordeste,30283,1231.85,714441.89,23592.18
Municipio GO-157,GO,Goiás,Centro-Oeste,3138,1294.71,50021.02,15940.41
Municipio SP-099,SP,São Paulo,Sudeste,5596,1032.37,78638.78,14052.68
Municipio PA-100,PA,Pará,Norte,54374,1215.53,774682.6,14247.3
Municipio PR-289,PR,Paraná,Sul,8391,1263.66,164350.57,19586.53
Municipio BA-038,BA,Bahia,Nordeste,16603,740.36,219961.97,13248.33
Municipio MG-672,MG,Minas Gerais,Sudeste,40911,2237.94,1678386.66,41025.31
Municipio SC-016,SC,Santa Catarina,Sul,2967,1031.31,35646.53,12014.33
Municipio SP-572,SP,São Paulo,Sudeste,4976,1110.4,72444.05,14558.69
Municipio MG-170,MG,Minas Gerais,Sudeste,3537,1852.27,82618.76,23358.43
Municipio SP-307,SP,São Paulo,Sudeste,56316,1801.87,1194062.17,21202.89
Municipio SC-177,SC,Santa Catarina,Sul,7827,1057.16,91736.21,11720.48
Municipio RS-225,RS,Rio Grande do Sul,Sul,4110,1591.54,84281.5,20506.45
Municipio PR-337,PR,Paraná,Sul,1142,1524.06,22732.72,19906.06
Municipio PI-088,PI,Piauí,Nordeste,4710,1099.06,67424.33,14315.14
Municipio PB-004,PB,Paraíba,Nordeste,50306,1209.1,805560.67,16013.21
Municipio MA-082,MA,Maranhão,Nordeste,792,784.79,9488.22,11980.08
Municipio MG-437,MG,Minas Gerais,Sudeste,20280,2398.4,829591.66,40906.89
Municipio MT-024,MT,Mato Grosso,Centro-Oeste,27083,1382.79,684833.46,25286.47
Municipio SP-256,SP,São Paulo,Sudeste,49731,2004.29,1113818.04,22396.86
Municipio PB-203,PB,Paraíba,Nordeste,63628,752.45,773459.42,12155.96
Municipio SC-123,SC,Santa Catarina,Sul,4679,1338.22,84231.35,18002.0
Municipio MG-603,MG,Minas Gerais,Sudeste,11032,2410.68,429172.5,38902.51
Municipio PE-118,PE,Pernambuco,Nordeste,1695,1282.55,33762.11,19918.65
Municipio MG-800,MG,Minas Gerais,Sudeste,47249,1937.12,1018948.71,21565.51
Municipio RS-281,RS,Rio Grande do Sul,Sul,26026,1464.14,621235.22,23869.79
Municipio GO-107,GO,Goiás,Centro-Oeste,26072,2313.07,851902.77,32675.01
Municipio PR-242,PR,Paraná,Sul,10972,1602.87,249465.4,22736.55
Municipio PR-226,PR,Paraná,Sul,50305,2221.61,1296632.46,25775.42
Municipio RS-205,RS,Rio Grande do Sul,Sul,41543,1821.43,1274093.3,30669.27
Municipio RS-373,RS,Rio Grande do Sul,Sul,69424,2003.41,2386883.36,34381.24
Municipio MA-097,MA,Maranhão,Nordeste,780,768.14,10636.32,13636.31
Municipio CE-156,CE,Ceará,Nordeste,12376,597.36,128533.15,10385.68
Municipio SP-420,SP,São Paulo,Sudeste,959,1068.77,13145.62,13707.63
Municipio CE-088,CE,Ceará,Nordeste,28319,1175.45,457753.14,16164.17
Municipio AM-053,AM,Amazonas,Norte,3247,1089.48,59617.88,18360.91
Municipio RO-050,RO,Rondônia,Norte,90442,715.04,981371.32,10850.84
Municipio SP-457,SP,São Paulo,Sudeste,16877,1211.88,226576.01,13425.14
Municipio RS-295,RS,Rio Grande do Sul,Sul,28211,1536.13,726586.77,25755.44
Municipio SP-142,SP,São Paulo,Sudeste,27946,1086.71,460143.46,16465.45
Municipio MG-475,MG,Minas Gerais,Sudeste,38373,2132.44,1058926.13,27595.6
Municipio MG-554,MG,Minas Gerais,Sudeste,8770,1189.75,190187.02,21686.09
Municipio AL-022,AL,Alagoas,Nordeste,27249,1320.17,678552.0,24901.9
Municipio SC-260,SC,Santa Catarina,Sul,1133,1531.66,33269.86,29364.4
Municipio ES-027,ES,Espírito Santo,Sudeste,5161,1008.11,90977.52,17627.89
Municipio GO-209,GO,Goiás,Centro-Oeste,53036,1243.1,1025908.35,19343.62
Municipio MG-591,MG,Minas Gerais,Sudeste,168315,2029.8,4498151.02,26724.6
Municipio BA-346,BA,Bahia,Nordeste,3859,1048.97,65844.22,17062.51
Municipio BA-370,BA,Bahia,Nordeste,3937,730.71,46167.3,11726.52
Municipio BA-214,BA,Bahia,Nordeste,163923,929.66,2101451.62,12819.75
Municipio PI-048,PI,Piauí,Nordeste,15623,893.91,187613.38,12008.79
Municipio RJ-067,RJ,Rio de Janeiro,Sudeste,74713,2253.93,2678755.25,35853.94
Municipio PE-086,PE,Pernambuco,Nordeste,33503,951.63,573829.17,17127.7
Municipio PR-188,PR,Paraná,Sul,25785,2282.43,654855.52,25396.76
Municipio MT-118,MT,Mato Grosso,Centro-Oeste,17813,2037.59,668022.1,37501.94
Municipio BA-262,BA,Bahia,Nordeste,3403,775.49,31484.85,9252.09
Municipio MG-635,MG,Minas Gerais,Sudeste,4815,2143.71,191415.46,39753.99
Municipio MG-199,MG,Minas Gerais,Sudeste,5507,2080.56,200749.68,36453.55
Municipio SP-429,SP,São Paulo,Sudeste,34866,1116.13,721070.43,20681.19
Municipio TO-035,TO,Tocantins,Norte,20857,864.91,283965.41,13614.87
Municipio SC-212,SC,Santa Catarina,Sul,5678,1379.74,112260.65,19771.16
Municipio SP-109,SP,São Paulo,Sudeste,212850,1622.77,6373146.11,29941.96
Municipio TO-105,TO,Tocantins,Norte,3300,928.67,44961.03,13624.55
Municipio MA-203,MA,Maranhão,Nordeste,69910,954.92,1061084.36,15177.86
Municipio MG-784,MG,Minas Gerais,Sudeste,2612,2277.11,87652.49,33557.61
Municipio MG-765,MG,Minas Gerais,Sudeste,8635,1606.47,194990.91,22581.46
Municipio SC-125,SC,Santa Catarina,Sul,43978,1956.66,1458289.93,33159.53
Municipio PR-397,PR,Paraná,Sul,2381,1687.4,49265.41,20691.06
Municipio MG-495,MG,Minas Gerais,Sudeste,968,2166.24,22940.38,23698.74
Municipio PI-003,PI,Piauí,Nordeste,3197,533.63,23970.55,7497.83
Municipio RS-254,RS,Rio Grande do Sul,Sul,1738,1939.79,44100.7,25374.4
Municipio MA-101,MA,Maranhão,Nordeste,21359,729.59,256151.25,11992.66
Municipio CE-031,CE,Ceará,Nordeste,8950,1108.54,146247.16,16340.46
Municipio RN-126,RN,Rio Grande do Norte,Nordeste,6359,1171.6,130869.91,20580.27
Municipio PB-108,PB,Paraíba,Nordeste,25021,921.29,438285.08,17516.69
Municipio AL-027,AL,Alagoas,Nordeste,1616,883.3,22733.66,14067.86
Municipio PI-190,PI,Piauí,Nordeste,11353,998.67,212346.33,18703.98
Municipio PB-049,PB,Paraíba,Nordeste,2581,865.3,30428.9,11789.58
Municipio RS-431,RS,Rio Grande do Sul,Sul,5940,2418.15,172052.59,28965.08
Municipio BA-360,BA,Bahia,Nordeste,19863,920.3,209373.97,10540.9
Municipio PB-143,PB,Paraíba,Nordeste,117623,936.05,1293891.62,11000.33
Municipio GO-242,GO,Goiás,Centro-Oeste,86715,1985.78,2675890.83,30858.45
Municipio BA-177,BA,Bahia,Nordeste,16846,912.02,191993.44,11396.97
Municipio SP-395,SP,São Paulo,Sudeste,80600,1940.13,2179243.74,27037.76
Municipio SC-004,SC,Santa Catarina,Sul,31626,2478.29,1221243.17,38615.16
Municipio PR-170,PR,Paraná,Sul,70915,1842.44,1500179.48,21154.61
Municipio PB-005,PB,Paraíba,Nordeste,4770,1159.34,95342.66,19987.98
Municipio PB-120,PB,Paraíba,Nordeste,77975,690.89,681585.3,8741.07
Municipio PR-038,PR,Paraná,Sul,36447,2375.86,1649759.26,45264.61
Municipio BA-248,BA,Bahia,Nordeste,5241,972.13,66232.81,12637.44
Municipio MG-772,MG,Minas Gerais,Sudeste,22465,1187.19,448536.56,19966.02
Municipio MG-330,MG,Minas Gerais,Sudeste,30821,2272.41,1206280.5,39138.27
Municipio PA-007,PA,Pará,Norte,38672,1228.42,543942.89,14065.55
Municipio AL-005,AL,Alagoas,Nordeste,14658,1162.82,203415.23,13877.42
Municipio SC-173,SC,Santa Catarina,Sul,110788,2452.51,5036061.04,45456.74
Municipio PR-317,PR,Paraná,Sul,15563,2401.21,688252.36,44223.63
Municipio SC-165,SC,Santa Catarina,Sul,2427,2420.8,76180.39,31388.71
Municipio MG-462,MG,Minas Gerais,Sudeste,35629,1379.83,854039.09,23970.34
Municipio RS-151,RS,Rio Grande do Sul,Sul,5569,2282.43,177785.68,31924.17
Municipio PI-143,PI,Piauí,Nordeste,8992,1076.34,163346.13,18165.72
Municipio MG-103,MG,Minas Gerais,Sudeste,17649,2003.88,577387.77,32715.04
Municipio PI-082,PI,Piauí,Nordeste,74740,1102.29,1158531.36,15500.82
Municipio RS-145,RS,Rio Grande do Sul,Sul,7030,1912.32,170273.63,24221.0
Municipio SP-606,SP,São Paulo,Sudeste,7435,1495.0,209087.74,28122.09
Municipio MA-204,MA,Maranhão,Nordeste,8355,822.39,93388.0,11177.5
Municipio MA-006,MA,Maranhão,Nordeste,1640,1198.75,37729.43,23005.75
Municipio PB-097,PB,Paraíba,Nordeste,12937,830.67,144774.45,11190.73
Municipio BA-362,BA,Bahia,Nordeste,8381,707.48,107770.65,12858.92
Municipio SE-058,SE,Sergipe,Nordeste,15519,1112.5,293453.34,18909.29
Municipio PE-106,PE,Pernambuco,Nordeste,26129,1316.57,558189.02,21362.82
Municipio PA-001,PA,Pará,Norte,84499,714.83,854599.5,10113.72
Municipio MT-106,MT,Mato Grosso,Centro-Oeste,22571,2068.99,512922.14,22724.83
Municipio MG-671,MG,Minas Gerais,Sudeste,1980,1159.11,25731.61,12995.76
Municipio MG-620,MG,Minas Gerais,Sudeste,8575,1884.77,197043.55,22978.84
Municipio BA-332,BA,Bahia,Nordeste,24099,1013.77,304168.16,12621.61
Municipio RS-280,RS,Rio Grande do Sul,Sul,6775,1953.58,161045.62,23770.57
Municipio PE-005,PE,Pernambuco,Nordeste,24120,1292.78,393183.99,16301.16
Municipio MG-236,MG,Minas Gerais,Sudeste,4209,1746.74,111442.16,26477.11
Municipio CE-131,CE,Ceará,Nordeste,15927,1124.27,318247.89,19981.66
Municipio PI-041,PI,Piauí,Nordeste,57564,884.21,633314.35,11001.92
Municipio MG-053,MG,Minas Gerais,Sudeste,1602,2407.84,50567.87,31565.46
Municipio MG-222,MG,Minas Gerais,Sudeste,18018,1683.15,402105.37,22316.87
Municipio GO-057,GO,Goiás,Centro-Oeste,11454,1763.6,277734.03,24247.78
Municipio BA-021,BA,Bahia,Nordeste,29212,850.96,391940.27,13417.1
Municipio MG-210,MG,Minas Gerais,Sudeste,88071,1232.74,1591818.35,18074.26
Municipio MG-612,MG,Minas Gerais,Sudeste,49899,1101.71,791551.12,15863.07
Municipio MG-732,MG,Minas Gerais,Sudeste,2200,2389.6,70830.26,32195.57
Municipio RN-094,RN,Rio Grande do Norte,Nordeste,15394,800.35,199005.03,12927.44
Municipio MG-850,MG,Minas Gerais,Sudeste,34083,1189.7,617270.69,18110.81
Municipio SE-003,SE,Sergipe,Nordeste,5020,813.75,77903.24,15518.57
Municipio RS-458,RS,Rio Grande do Sul,Sul,67410,2368.36,2926187.59,43408.81
Municipio PR-058,PR,Paraná,Sul,18961,1030.79,352589.89,18595.53
Municipio SP-062,SP,São Paulo,Sudeste,81079,1050.12,1057913.93,13047.94
Municipio RN-124,RN,Rio Grande do Norte,Nordeste,7557,855.77,112519.29,14889.41
Municipio RJ-042,RJ,Rio de Janeiro,Sudeste,6004,2411.41,267250.15,44512.02
Municipio BA-231,BA,Bahia,Nordeste,3690,564.48,28428.68,7704.25
Municipio PR-090,PR,Paraná,Sul,52212,1491.78,1413956.79,27081.07
Municipio MG-024,MG,Minas Gerais,Sudeste,12308,1417.82,214998.13,17468.16
Municipio PR-241,PR,Paraná,Sul,9818,1570.16,202593.17,20634.87
Municipio BA-153,BA,Bahia,Nordeste,18833,893.62,227466.02,12078.06
Municipio PB-176,PB,Paraíba,Nordeste,5993,863.35,95469.79,15930.22
Municipio RJ-062,RJ,Rio de Janeiro,Sudeste,11736,1795.53,318564.15,27144.18
Municipio SP-474,SP,São Paulo,Sudeste,9959,2457.95,388501.42,39010.08
Municipio SP-469,SP,São Paulo,Sudeste,12927,1859.11,368406.38,28498.99
Municipio BA-096,BA,Bahia,Nordeste,8070,727.73,95013.95,11773.72
Municipio MG-551,MG,Minas Gerais,Sudeste,34612,1789.17,855009.93,24702.7
Municipio MA-020,MA,Maranhão,Nordeste,5252,1233.57,105868.62,20157.77
Municipio SP-117,SP,São Paulo,Sudeste,1240,1167.49,19598.67,15805.38
Municipio SC-028,SC,Santa Catarina,Sul,5116,1218.58,82901.75,16204.41
Municipio PE-084,PE,Pernambuco,Nordeste,15364,701.37,185832.16,12095.3
Municipio PR-191,PR,Paraná,Sul,2499,2167.28,59258.29,23712.8
Municipio SP-173,SP,São Paulo,Sudeste,3548,1509.96,61494.58,17332.18
Municipio PR-344,PR,Paraná,Sul,17470,1123.69,226556.69,12968.33
Municipio RO-033,RO,Rondônia,Norte,8458,1418.02,193123.99,22833.29
Municipio MA-013,MA,Maranhão,Nordeste,17821,1214.45,249145.21,13980.43
Municipio PR-262,PR,Paraná,Sul,10944,1705.38,323968.15,29602.35
Municipio RS-469,RS,Rio Grande do Sul,Sul,5314,2535.72,186034.32,35008.34
Municipio SC-109,SC,Santa Catarina,Sul,6105,1918.51,170137.86,27868.61
Municipio AL-080,AL,Alagoas,Nordeste,935,963.06,14469.38,15475.27
Municipio SP-261,SP,São Paulo,Sudeste,1835,1014.82,22403.82,12209.17
Municipio RS-453,RS,Rio Grande do Sul,Sul,5743,1481.65,137727.05,23981.73
Municipio SP-403,SP,São Paulo,Sudeste,18879,2171.06,668027.87,35384.71
Municipio SP-342,SP,São Paulo,Sudeste,13566,2408.45,377899.63,27856.38
Municipio SC-201,SC,Santa Catarina,Sul,34509,2528.61,1409656.11,40848.94
Municipio AL-099,AL,Alagoas,Nordeste,15311,854.74,161416.0,10542.49
Municipio MA-178,MA,Maranhão,Nordeste,7283,816.97,70197.85,9638.59
Municipio SP-367,SP,São Paulo,Sudeste,5664,1684.1,112319.29,19830.38
Municipio RN-160,RN,Rio Grande do Norte,Nordeste,3554,534.66,20802.55,5853.28
Municipio PB-125,PB,Paraíba,Nordeste,116046,1275.1,2633960.24,22697.55
Municipio SP-039,SP,São Paulo,Sudeste,12233,1280.75,243280.62,19887.24
Municipio RN-105,RN,Rio Grande do Norte,Nordeste,24442,1244.9,540121.65,22098.1
Municipio GO-219,GO,Goiás,Centro-Oeste,956,1749.63,21301.61,22282.02
Municipio MG-510,MG,Minas Gerais,Sudeste,11091,2240.29,343335.05,30956.19
Municipio RJ-022,RJ,Rio de Janeiro,Sudeste,32781,1323.33,517019.11,15771.91
Municipio CE-135,CE,Ceará,Nordeste,1093,1165.24,23175.9,21203.93
Municipio PR-172,PR,Paraná,Sul,33875,1101.86,417168.59,12314.94
Municipio MG-762,MG,Minas Gerais,Sudeste,2894,2005.85,87997.39,30406.84
Municipio TO-126,TO,Tocantins,Norte,47017,852.47,562372.36,11961.04
Municipio MG-746,MG,Minas Gerais,Sudeste,4399,1248.87,61528.16,13986.85
Municipio GO-050,GO,Goiás,Centro-Oeste,20223,1540.54,413453.8,20444.73
Municipio MG-741,MG,Minas Gerais,Sudeste,20239,1530.19,447790.07,22125.11
Municipio MA-120,MA,Maranhão,Nordeste,4540,923.54,69223.81,15247.54
Municipio PE-136,PE,Pernambuco,Nordeste,7541,891.8,95183.88,12622.18
Municipio MG-729,MG,Minas Gerais,Sudeste,5181,1497.99,85257.73,16455.84
Municipio SP-249,SP,São Paulo,Sudeste,41957,1383.45,709345.95,16906.5
Municipio SC-223,SC,Santa Catarina,Sul,20234,1897.51,596576.49,29483.86
Municipio MG-132,MG,Minas Gerais,Sudeste,18925,1992.86,579664.87,30629.58
Municipio RS-400,RS,Rio Grande do Sul,Sul,1683,1158.65,32176.08,19118.29
Municipio GO-199,GO,Goiás,Centro-Oeste,1611,931.88,18549.83,11514.48
Municipio MG-097,MG,Minas Gerais,Sudeste,3670,1787.72,115961.52,31597.14
Municipio MS-052,MS,Mato Grosso do Sul,Centro-Oeste,15389,2323.61,448230.74,29126.7
Municipio PI-071,PI,Piauí,Nordeste,23576,633.05,276838.31,11742.38
Municipio PR-357,PR,Paraná,Sul,5785,1274.05,98084.79,16955.02
Municipio MG-435,MG,Minas Gerais,Sudeste,64690,1101.4,1011361.74,15633.97
Municipio AL-042,AL,Alagoas,Nordeste,6937,1000.62,131851.51,19006.99
Municipio PA-033,PA,Pará,Norte,5732,822.65,66523.4,11605.62
Municipio MA-005,MA,Maranhão,Nordeste,5051,1150.74,107124.78,21208.63
Municipio MT-052,MT,Mato Grosso,Centro-Oeste,16178,1110.8,239607.25,14810.68
Municipio PE-031,PE,Pernambuco,Nordeste,16462,1043.8,281952.21,17127.46
Municipio MG-759,MG,Minas Gerais,Sudeste,5865,2428.86,174203.99,29702.3
Municipio MA-207,MA,Maranhão,Nordeste,40723,908.94,600940.52,14756.78
Municipio PI-084,PI,Piauí,Nordeste,19545,852.58,289355.43,14804.58
Municipio SC-168,SC,Santa Catarina,Sul,6527,1793.59,134286.08,20573.94
Municipio RS-443,RS,Rio Grande do Sul,Sul,3826,1339.82,58516.27,15294.37
Municipio BA-337,BA,Bahia,Nordeste,9132,744.26,89459.56,9796.27
Municipio PR-302,PR,Paraná,Sul,3517,1435.29,61606.63,17516.81
Municipio MA-011,MA,Maranhão,Nordeste,3579,779.3,39782.14,11115.43
Municipio RJ-036,RJ,Rio de Janeiro,Sudeste,6393,2463.52,200148.95,31307.52
Municipio BA-381,BA,Bahia,Nordeste,68771,1235.91,1302394.22,18938.13
Municipio BA-239,BA,Bahia,Nordeste,26084,728.63,235229.1,9018.14
Municipio PB-088,PB,Paraíba,Nordeste,18996,652.65,201378.76,10601.11
Municipio RS-161,RS,Rio Grande do Sul,Sul,52093,2174.08,2016377.54,38707.26
Municipio PR-237,PR,Paraná,Sul,29319,1814.68,943559.6,32182.53
Municipio MA-069,MA,Maranhão,Nordeste,6374,735.28,56916.61,8929.5
Municipio BA-044,BA,Bahia,Nordeste,29121,1314.82,585951.6,20121.27
Municipio PE-130,PE,Pernambuco,Nordeste,11859,1094.7,189415.21,15972.28
Municipio PE-039,PE,Pernambuco,Nordeste,4660,940.45,57479.64,12334.69
Municipio PI-220,PI,Piauí,Nordeste,112847,1202.84,1811656.53,16054.1
Municipio SP-281,SP,São Paulo,Sudeste,18475,1893.27,643641.08,34838.49
Municipio MG-582,MG,Minas Gerais,Sudeste,13534,2131.15,503611.36,37210.83
Municipio PE-011,PE,Pernambuco,Nordeste,25159,582.79,240508.98,9559.56
Municipio SC-066,SC,Santa Catarina,Sul,14539,2235.36,414144.32,28485.06
Municipio MG-606,MG,Minas Gerais,Sudeste,3369,2456.77,98705.96,29298.3
Municipio PA-086,PA,Pará,Norte,9546,1390.98,210601.41,22061.74
Municipio RS-183,RS,Rio Grande do Sul,Sul,9699,1412.96,215978.21,22268.09
Municipio BA-193,BA,Bahia,Nordeste,17304,646.24,145750.68,8422.95
Municipio RJ-091,RJ,Rio de Janeiro,Sudeste,35486,1502.47,621447.58,17512.47
Municipio MA-126,MA,Maranhão,Nordeste,5386,1250.84,115897.6,21518.31
Municipio PI-008,PI,Piauí,Nordeste,33479,835.52,532296.12,15899.4
Municipio PR-036,PR,Paraná,Sul,9729,1535.07,216689.0,22272.48
Municipio MS-019,MS,Mato Grosso do Sul,Centro-Oeste,43563,2273.34,1433522.35,32906.88
Municipio RS-478,RS,Rio Grande do Sul,Sul,8772,1813.76,281345.3,32073.11
Municipio BA-028,BA,Bahia,Nordeste,8278,799.98,82645.08,9983.7
Municipio SP-465,SP,São Paulo,Sudeste,5992,1219.68,133060.21,22206.31
Municipio RS-455,RS,Rio Grande do Sul,Sul,22270,2044.52,681435.77,30598.82
Municipio PE-119,PE,Pernambuco,Nordeste,14062,914.89,180812.9,12858.26
Municipio RS-057,RS,Rio Grande do Sul,Sul,7550,1246.34,106299.35,14079.38
Municipio PB-105,PB,Paraíba,Nordeste,152060,538.88,1002673.6,6593.93
Municipio PA-051,PA,Pará,Norte,187304,729.64,1524030.42,8136.67
Municipio PR-331,PR,Paraná,Sul,873,2184.49,23197.64,26572.33
Municipio MA-134,MA,Maranhão,Nordeste,10739,545.79,97521.59,9081.07
Municipio MS-078,MS,Mato Grosso do Sul,Centro-Oeste,43534,1760.91,836770.04,19221.07
Municipio MT-117,MT,Mato Grosso,Centro-Oeste,66723,1080.64,870744.61,13050.14
Municipio MG-385,MG,Minas Gerais,Sudeste,54953,1720.39,1511784.21,27510.49
Municipio PB-002,PB,Paraíba,Nordeste,2653,782.64,25225.97,9508.47
Municipio SC-023,SC,Santa Catarina,Sul,14022,1135.73,183704.48,13101.16
Municipio RS-261,RS,Rio Grande do Sul,Sul,24958,1055.58,380144.64,15231.37
Municipio RS-206,RS,Rio Grande do Sul,Sul,14270,1148.45,207178.09,14518.44
Municipio PE-044,PE,Pernambuco,Nordeste,26541,719.58,366402.42,13805.15
Municipio GO-135,GO,Goiás,Centro-Oeste,20181,2226.57,760088.47,37663.57
Municipio SP-287,SP,São Paulo,Sudeste,53338,2436.89,2345319.3,43970.89
Municipio RS-323,RS,Rio Grande do Sul,Sul,5517,1909.82,149885.92,27168.01
Municipio AP-006,AP,Amapá,Norte,1200,1230.89,21153.76,17628.13
Municipio GO-086,GO,Goiás,Centro-Oeste,2042,2153.51,59254.77,29018.01
Municipio BA-146,BA,Bahia,Nordeste,14564,582.8,158271.31,10867.3
Municipio MG-610,MG,Minas Gerais,Sudeste,3915,1172.77,61138.75,15616.54
Municipio SC-161,SC,Santa Catarina,Sul,5877,1961.37,210728.8,35856.53
Municipio MS-030,MS,Mato Grosso do Sul,Centro-Oeste,65554,1417.0,1468514.6,22401.6
Municipio PR-187,PR,Paraná,Sul,26346,1201.76,376159.43,14277.67
Municipio MG-664,MG,Minas Gerais,Sudeste,5839,1453.44,129498.4,22178.18
Municipio RS-192,RS,Rio Grande do Sul,Sul,55073,1271.02,1314384.17,23866.22
Municipio PR-256,PR,Paraná,Sul,9968,1054.64,116431.04,11680.48
Municipio PB-196,PB,Paraíba,Nordeste,19736,1186.27,266824.13,13519.67
Municipio SP-399,SP,São Paulo,Sudeste,18542,1619.28,537700.81,28999.07
Municipio MS-048,MS,Mato Grosso do Sul,Centro-Oeste,8388,1929.91,280469.93,33437.04
Municipio GO-114,GO,Goiás,Centro-Oeste,14356,1466.56,353085.85,24595.0
Municipio PB-007,PB,Paraíba,Nordeste,39909,615.02,361462.03,9057.16
Municipio PR-271,PR,Paraná,Sul,39570,1538.1,1071176.68,27070.42
Municipio MG-247,MG,Minas Gerais,Sudeste,16794,2273.66,534752.1,31841.85
Municipio BA-186,BA,Bahia,Nordeste,37197,965.72,654175.0,17586.77
Municipio MG-152,MG,Minas Gerais,Sudeste,2269,1065.9,27955.03,12320.42
Municipio MT-030,MT,Mato Grosso,Centro-Oeste,79801,964.45,1369965.4,17167.27
Municipio BA-053,BA,Bahia,Nordeste,1125,1011.66,16550.57,14711.62
Municipio CE-133,CE,Ceará,Nordeste,41272,654.26,325225.55,7880.05
Municipio PA-082,PA,Pará,Norte,19866,641.18,230516.3,11603.56
Municipio AC-003,AC,Acre,Norte,6570,1394.31,153111.48,23304.64
Municipio MG-393,MG,Minas Gerais,Sudeste,18499,2111.23,506919.01,27402.51
Municipio SC-027,SC,Santa Catarina,Sul,21678,2386.35,914599.11,42190.2
Municipio BA-232,BA,Bahia,Nordeste,8378,903.26,100445.56,11989.21
Municipio PI-083,PI,Piauí,Nordeste,19502,1242.99,342782.99,17576.81
Municipio SC-011,SC,Santa Catarina,Sul,11756,1786.71,280845.33,23889.53
Municipio PI-214,PI,Piauí,Nordeste,20363,809.59,291318.27,14306.25
Municipio CE-055,CE,Ceará,Nordeste,38114,907.27,565680.91,14841.81
Municipio MG-012,MG,Minas Gerais,Sudeste,6730,2245.51,235706.84,35023.3
Municipio GO-118,GO,Goiás,Centro-Oeste,19323,1597.45,486448.35,25174.58
Municipio CE-045,CE,Ceará,Nordeste,57451,595.52,563198.13,9803.1
Municipio GO-094,GO,Goiás,Centro-Oeste,8470,1136.54,108447.43,12803.71
Municipio RS-199,RS,Rio Grande do Sul,Sul,41746,2509.59,1605469.69,38458.05
Municipio MA-125,MA,Maranhão,Nordeste,8308,1218.45,161790.61,19474.07
Municipio SP-561,SP,São Paulo,Sudeste,7623,1782.45,177953.11,23344.24
Municipio RN-035,RN,Rio Grande do Norte,Nordeste,22827,1093.78,395531.77,17327.37
Municipio PI-183,PI,Piauí,Nordeste,53494,1324.53,1178509.07,22030.68
Municipio PR-343,PR,Paraná,Sul,25372,1267.55,382357.98,15070.08
Municipio RS-412,RS,Rio Grande do Sul,Sul,12274,1406.98,318903.24,25982.01
Municipio ES-016,ES,Espírito Santo,Sudeste,7011,2444.09,324764.26,46322.1
Municipio MG-095,MG,Minas Gerais,Sudeste,1802,1947.48,47160.51,26171.2
Municipio PI-181,PI,Piauí,Nordeste,27686,663.0,288526.11,10421.37
Municipio GO-172,GO,Goiás,Centro-Oeste,22280,1179.36,394762.21,17718.23
Municipio MG-602,MG,Minas Gerais,Sudeste,1774,1292.9,35213.29,19849.66
Municipio SP-283,SP,São Paulo,Sudeste,17896,1900.62,572704.09,32001.79
Municipio SC-005,SC,Santa Catarina,Sul,6456,2481.86,215668.12,33405.84
Municipio GO-238,GO,Goiás,Centro-Oeste,22317,1326.49,566803.46,25397.83
Municipio MS-011,MS,Mato Grosso do Sul,Centro-Oeste,1117,1861.69,32350.63,28962.07
Municipio MG-335,MG,Minas Gerais,Sudeste,13382,1754.08,444342.58,33204.5
Municipio PR-169,PR,Paraná,Sul,11289,2352.71,305394.59,27052.4
Municipio PB-182,PB,Paraíba,Nordeste,19175,599.29,131061.05,6835.0
Municipio SP-184,SP,São Paulo,Sudeste,780,1016.23,12817.43,16432.6
Municipio RJ-052,RJ,Rio de Janeiro,Sudeste,20713,1967.46,600085.14,28971.43
Municipio PE-079,PE,Pernambuco,Nordeste,41778,794.34,587476.82,14061.87
Municipio PI-074,PI,Piauí,Nordeste,4232,784.59,59193.57,13987.14
Municipio RS-340,RS,Rio Grande do Sul,Sul,12174,1845.5,365191.44,29997.65
Municipio RS-374,RS,Rio Grande do Sul,Sul,1574,1085.79,28287.44,17971.69
Municipio MA-070,MA,Maranhão,Nordeste,4923,1260.96,82540.99,16766.4
Municipio CE-090,CE,Ceará,Nordeste,5191,1030.81,76359.98,14710.07
Municipio MG-291,MG,Minas Gerais,Sudeste,105699,2065.0,3559067.12,33671.72
Municipio SE-028,SE,Sergipe,Nordeste,31309,1011.96,408052.84,13033.08
Municipio SP-409,SP,São Paulo,Sudeste,10073,1420.31,252931.99,25109.9
Municipio TO-074,TO,Tocantins,Norte,7815,857.94,83931.24,10739.76
Municipio MA-054,MA,Maranhão,Nordeste,12352,1173.45,271159.33,21952.67
Municipio MG-493,MG,Minas Gerais,Sudeste,4772,1802.64,97028.91,20332.97
Municipio RS-397,RS,Rio Grande do Sul,Sul,32086,2236.65,1141617.56,35579.93
Municipio SC-102,SC,Santa Catarina,Sul,1913,1541.35,55961.49,29253.26
Municipio SP-501,SP,São Paulo,Sudeste,25196,1380.96,485474.46,19267.92
Municipio PB-111,PB,Paraíba,Nordeste,4263,1177.43,77451.27,18168.25
Municipio BA-268,BA,Bahia,Nordeste,2762,610.99,24336.51,8811.19
Municipio CE-079,CE,Ceará,Nordeste,7948,780.53,77109.06,9701.69
Municipio SP-329,SP,São Paulo,Sudeste,19712,1282.35,329707.65,16726.24
Municipio AP-008,AP,Amapá,Norte,38611,1200.48,878000.05,22739.64
Municipio RS-155,RS,Rio Grande do Sul,Sul,10552,1784.02,213742.12,20256.08
Municipio GO-072,GO,Goiás,Centro-Oeste,54496,2051.46,1625231.27,29822.95
Municipio TO-043,TO,Tocantins,Norte,22472,998.56,269260.0,11982.02
Municipio MT-042,MT,Mato Grosso,Centro-Oeste,47460,2198.49,1807839.79,38091.86
Municipio RS-019,RS,Rio Grande do Sul,Sul,11807,2189.15,391796.24,33183.39
Municipio MS-051,MS,Mato Grosso do Sul,Centro-Oeste,16183,1453.53,262982.1,16250.52
Municipio MG-120,MG,Minas Gerais,Sudeste,75014,1042.67,1318679.81,17579.12
Municipio MG-698,MG,Minas Gerais,Sudeste,6585,2140.23,179878.55,27316.41
Municipio AL-097,AL,Alagoas,Nordeste,23719,916.29,313934.95,13235.59
Municipio MA-099,MA,Maranhão,Nordeste,13424,1306.15,326144.22,24295.61
Municipio RS-329,RS,Rio Grande do Sul,Sul,6582,1813.88,142912.46,21712.62
Municipio BA-116,BA,Bahia,Nordeste,39319,813.44,605494.03,15399.53
Municipio PA-036,PA,Pará,Norte,5615,759.38,47263.43,8417.35
Municipio AL-066,AL,Alagoas,Nordeste,27233,593.32,190279.27,6987.08
Municipio ES-017,ES,Espírito Santo,Sudeste,3979,1561.97,73397.27,18446.16
Municipio MG-490,MG,Minas Gerais,Sudeste,6858,1623.96,165748.38,24168.62
Municipio MG-173,MG,Minas Gerais,Sudeste,18544,2047.06,628484.54,33891.53
Municipio BA-209,BA,Bahia,Nordeste,6733,632.38,77370.84,11491.29
Municipio CE-100,CE,Ceará,Nordeste,28454,1003.43,382212.86,13432.66
Municipio CE-120,CE,Ceará,Nordeste,26715,1131.88,573603.17,21471.2
Municipio RN-044,RN,Rio Grande do Norte,Nordeste,63953,669.79,668956.06,10460.12
Municipio MS-004,MS,Mato Grosso do Sul,Centro-Oeste,32476,1019.49,514103.44,15830.26
Municipio MS-022,MS,Mato Grosso do Sul,Centro-Oeste,10127,1123.91,173114.61,17094.36
Municipio SP-058,SP,São Paulo,Sudeste,7101,2156.77,239010.06,33658.65
Municipio SC-262,SC,Santa Catarina,Sul,29216,1515.37,662834.64,22687.38
Municipio SP-177,SP,São Paulo,Sudeste,43836,2373.88,1678967.59,38301.11
Municipio PI-089,PI,Piauí,Nordeste,7089,871.19,84373.57,11902.04
Municipio RJ-007,RJ,Rio de Janeiro,Sudeste,5340,2284.85,148036.66,27722.22
Municipio MG-213,MG,Minas Gerais,Sudeste,2903,1367.71,70227.96,24191.51
Municipio BA-128,BA,Bahia,Nordeste,3536,785.15,48758.95,13789.3
Municipio PR-362,PR,Paraná,Sul,23467,1901.26,839103.46,35756.74
Municipio MG-693,MG,Minas Gerais,Sudeste,6417,2444.07,192476.45,29994.77
Municipio MG-344,MG,Minas Gerais,Sudeste,9053,2049.26,243042.25,26846.6
Municipio MG-641,MG,Minas Gerais,Sudeste,21261,1074.85,413410.44,19444.54
Municipio MG-548,MG,Minas Gerais,Sudeste,24008,1372.25,617552.16,25722.77
Municipio PR-320,PR,Paraná,Sul,15583,1502.48,281709.8,18078.02
Municipio SP-247,SP,São Paulo,Sudeste,6545,1911.33,218737.4,33420.53
Municipio SP-421,SP,São Paulo,Sudeste,21020,1358.61,339496.93,16151.14
Municipio MT-116,MT,Mato Grosso,Centro-Oeste,38965,1687.4,1198180.93,30750.18
Municipio PI-091,PI,Piauí,Nordeste,34648,1272.47,609327.0,17586.21
Municipio PE-094,PE,Pernambuco,Nordeste,24103,1240.19,395962.31,16427.93
Municipio BA-143,BA,Bahia,Nordeste,35276,1265.34,581360.48,16480.34
Municipio BA-226,BA,Bahia,Nordeste,25452,627.47,202598.43,7960.02
Municipio CE-016,CE,Ceará,Nordeste,201990,699.17,1732131.53,8575.33
Municipio MA-028,MA,Maranhão,Nordeste,68575,1215.16,1394190.82,20330.89
Municipio SP-590,SP,São Paulo,Sudeste,3577,1755.27,87210.27,24380.84
Municipio MT-115,MT,Mato Grosso,Centro-Oeste,6419,1707.66,131836.12,20538.42
Municipio MG-107,MG,Minas Gerais,Sudeste,38807,1904.41,1061761.52,27360.05
Municipio SP-483,SP,São Paulo,Sudeste,42906,2368.84,1932494.08,45040.18
Municipio PI-172,PI,Piauí,Nordeste,32353,1297.04,502382.37,15528.15
Municipio PR-234,PR,Paraná,Sul,14714,1378.26,336115.36,22843.24
Municipio MG-115,MG,Minas Gerais,Sudeste,28150,1887.78,745149.93,26470.69
Municipio PI-151,PI,Piauí,Nordeste,142251,596.2,1454675.41,10226.12
Municipio CE-141,CE,Ceará,Nordeste,3771,700.78,33357.25,8845.73
Municipio TO-130,TO,Tocantins,Norte,46955,775.28,532084.4,11331.79
Municipio PI-133,PI,Piauí,Nordeste,9021,1182.88,188108.19,20852.25
Municipio RS-382,RS,Rio Grande do Sul,Sul,17759,1724.84,530377.78,29865.3
Municipio MA-051,MA,Maranhão,Nordeste,25795,1303.23,431568.45,16730.7
Municipio SP-041,SP,São Paulo,Sudeste,1641,1539.95,40011.11,24382.15
Municipio AL-062,AL,Alagoas,Nordeste,21813,895.78,307364.23,14090.87
Municipio PA-056,PA,Pará,Norte,24168,1142.19,388113.53,16058.98
Municipio SP-003,SP,São Paulo,Sudeste,46442,2403.47,1742912.81,37528.81
Municipio BA-353,BA,Bahia,Nordeste,77973,588.14,518774.83,6653.26
Municipio PB-052,PB,Paraíba,Nordeste,28514,617.6,258528.74,9066.73
Municipio PA-059,PA,Pará,Norte,7865,955.47,126989.43,16146.14
Municipio PR-207,PR,Paraná,Sul,1183,1616.51,24085.26,20359.48
Municipio RN-007,RN,Rio Grande do Norte,Nordeste,110274,588.33,940030.83,8524.5
Municipio TO-053,TO,Tocantins,Norte,13576,872.81,139256.74,10257.57
Municipio MG-810,MG,Minas Gerais,Sudeste,42994,1947.76,1252880.35,29140.82
Municipio PR-054,PR,Paraná,Sul,14453,2436.77,524269.04,36274.06
Municipio RS-380,RS,Rio Grande do Sul,Sul,12067,1023.32,233475.6,19348.27
Municipio BA-027,BA,Bahia,Nordeste,45145,1233.68,622342.86,13785.42
Municipio RN-092,RN,Rio Grande do Norte,Nordeste,6826,1044.78,136270.93,19963.51
Municipio AM-017,AM,Amazonas,Norte,80907,773.59,1000157.78,12361.82
Municipio PI-102,PI,Piauí,Nordeste,30772,885.5,385140.01,12515.92
Municipio PB-095,PB,Paraíba,Nordeste,4501,843.41,56364.4,12522.64
Municipio BA-267,BA,Bahia,Nordeste,7366,697.12,65450.86,8885.54
Municipio MG-041,MG,Minas Gerais,Sudeste,12116,2036.48,336159.25,27745.07
Municipio MA-021,MA,Maranhão,Nordeste,5922,1310.92,143402.94,24215.29
Municipio RS-158,RS,Rio Grande do Sul,Sul,11545,1571.81,291115.81,25215.75
Municipio AL-040,AL,Alagoas,Nordeste,5044,1097.73,99878.58,19801.46
Municipio PB-128,PB,Paraíba,Nordeste,15789,785.11,226295.28,14332.46
Municipio SE-045,SE,Sergipe,Nordeste,22166,994.84,394974.23,17818.92
Municipio MG-353,MG,Minas Gerais,Sudeste,19847,2163.67,610047.93,30737.54
Municipio RS-231,RS,Rio Grande do Sul,Sul,11281,1513.67,201876.7,17895.28
Municipio MG-690,MG,Minas Gerais,Sudeste,6180,1387.19,99985.22,16178.84
Municipio SP-571,SP,São Paulo,Sudeste,61547,1060.14,1130690.76,18371.18
Municipio SP-604,SP,São Paulo,Sudeste,13383,1632.11,300599.77,22461.31
Municipio SE-074,SE,Sergipe,Nordeste,17633,1215.31,299582.42,16989.87
Municipio MG-461,MG,Minas Gerais,Sudeste,7886,1423.88,211576.01,26829.32
Municipio SP-489,SP,São Paulo,Sudeste,26594,1145.78,517542.92,19460.89
Municipio PB-162,PB,Paraíba,Nordeste,15076,888.6,152489.14,10114.69
Municipio MA-088,MA,Maranhão,Nordeste,1928,1123.0,33008.92,17120.81
Municipio RS-381,RS,Rio Grande do Sul,Sul,4578,1524.66,76227.29,16650.78
Municipio SC-252,SC,Santa Catarina,Sul,12171,2550.78,357259.22,29353.32
Municipio PE-048,PE,Pernambuco,Nordeste,30376,1206.24,642078.46,21137.69
Municipio PR-148,PR,Paraná,Sul,7723,1281.4,123581.27,16001.72
Municipio PA-120,PA,Pará,Norte,5472,811.74,77447.84,14153.48
Municipio MG-224,MG,Minas Gerais,Sudeste,10635,996.72,143350.38,13479.11
Municipio MG-372,MG,Minas Gerais,Sudeste,9660,1645.19,254338.77,26329.07
Municipio BA-328,BA,Bahia,Nordeste,110812,819.98,1492287.33,13466.84
Municipio SC-192,SC,Santa Catarina,Sul,23104,1256.8,429000.88,18568.25
Municipio MA-081,MA,Maranhão,Nordeste,5993,1027.95,69835.82,11652.9
Municipio CE-069,CE,Ceará,Nordeste,4206,1190.2,74384.83,17685.41
Municipio BA-350,BA,Bahia,Nordeste,33518,1318.69,787324.77,23489.61
Municipio SE-061,SE,Sergipe,Nordeste,1856,1006.61,21755.24,11721.57
Municipio BA-365,BA,Bahia,Nordeste,32601,829.75,373234.92,11448.57
Municipio CE-006,CE,Ceará,Nordeste,18521,1044.95,286595.87,15474.1
Municipio RS-423,RS,Rio Grande do Sul,Sul,15973,1766.58,448373.1,28070.69
Municipio MA-023,MA,Maranhão,Nordeste,32258,874.38,483672.67,14993.88
Municipio MA-175,MA,Maranhão,Nordeste,13531,684.34,176991.07,13080.41
Municipio SC-058,SC,Santa Catarina,Sul,11340,1354.16,261518.9,23061.63
Municipio SP-121,SP,São Paulo,Sudeste,2888,1452.99,59264.87,20521.08
Municipio AM-057,AM,Amazonas,Norte,35510,759.89,422114.52,11887.2
Municipio SP-427,SP,São Paulo,Sudeste,7768,1261.89,183848.52,23667.42
Municipio TO-029,TO,Tocantins,Norte,12734,760.31,179706.29,14112.32
Municipio RJ-026,RJ,Rio de Janeiro,Sudeste,2640,1714.9,61186.73,23176.79
Municipio RS-111,RS,Rio Grande do Sul,Sul,13604,1495.96,360716.71,26515.49
Municipio MG-048,MG,Minas Gerais,Sudeste,32162,1741.27,926807.96,28816.86
Municipio MG-431,MG,Minas Gerais,Sudeste,43537,1622.8,1038519.47,23853.72
Municipio PI-035,PI,Piauí,Nordeste,799,1311.32,19402.7,24283.73
Municipio PE-078,PE,Pernambuco,Nordeste,36717,650.55,402894.85,10972.98
Municipio RS-159,RS,Rio Grande do Sul,Sul,15232,1120.12,317255.48,20828.22
Municipio RS-032,RS,Rio Grande do Sul,Sul,28302,1576.33,638501.03,22560.28
Municipio PE-063,PE,Pernambuco,Nordeste,61839,1131.71,1006639.83,16278.4
Municipio CE-086,CE,Ceará,Nordeste,21466,1004.47,376142.93,17522.73
Municipio MG-283,MG,Minas Gerais,Sudeste,2586,1554.1,56580.9,21879.7
Municipio PB-014,PB,Paraíba,Nordeste,12700,1175.37,278041.49,21893.03
Municipio MG-042,MG,Minas Gerais,Sudeste,14606,2273.24,621855.21,42575.33
Municipio TO-009,TO,Tocantins,Norte,13130,871.52,150948.35,11496.45
Municipio SP-620,SP,São Paulo,Sudeste,20711,1538.47,507414.95,24499.78
Municipio SP-112,SP,São Paulo,Sudeste,14361,2455.52,657712.64,45798.53
Municipio RN-067,RN,Rio Grande do Norte,Nordeste,25566,1211.58,397392.18,15543.78
Municipio PE-122,PE,Pernambuco,Nordeste,6486,1041.91,101170.1,15598.23
Municipio RN-002,RN,Rio Grande do Norte,Nordeste,36634,675.94,330438.87,9020.01
Municipio PR-255,PR,Paraná,Sul,2923,2224.14,89745.78,30703.31
Municipio SP-397,SP,São Paulo,Sudeste,155262,1975.73,3793946.52,24435.77
Municipio PB-119,PB,Paraíba,Nordeste,2984,907.2,29374.65,9844.05
Municipio PE-148,PE,Pernambuco,Nordeste,70137,1013.51,970757.11,13840.87
Municipio SP-085,SP,São Paulo,Sudeste,25680,1632.21,566459.49,22058.39
Municipio PE-052,PE,Pernambuco,Nordeste,4581,647.71,52855.18,11537.91
Municipio PI-217,PI,Piauí,Nordeste,7967,1171.34,173569.83,21786.1
Municipio RS-137,RS,Rio Grande do Sul,Sul,4356,1055.22,86380.42,19830.22
Municipio SP-360,SP,São Paulo,Sudeste,30773,1468.42,674606.29,21922.02
Municipio MG-085,MG,Minas Gerais,Sudeste,4019,996.56,44602.98,11098.03
Municipio SP-479,SP,São Paulo,Sudeste,20243,2365.36,576085.9,28458.52
Municipio TO-093,TO,Tocantins,Norte,68158,596.51,606669.95,8900.94
Municipio PI-005,PI,Piauí,Nordeste,24128,823.05,274516.21,11377.5
Municipio PE-103,PE,Pernambuco,Nordeste,11261,1248.06,256025.42,22735.58
Municipio SP-567,SP,São Paulo,Sudeste,20272,1781.04,492122.29,24275.96
Municipio SC-001,SC,Santa Catarina,Sul,6562,1072.43,131134.84,19983.97
Municipio MG-555,MG,Minas Gerais,Sudeste,25237,1143.77,465316.66,18437.88
Municipio BA-300,BA,Bahia,Nordeste,26275,1105.07,501019.52,19068.3
Municipio RS-149,RS,Rio Grande do Sul,Sul,15563,1988.42,465368.32,29902.22
Municipio MG-531,MG,Minas Gerais,Sudeste,11910,1045.98,226635.04,19028.97
Municipio PR-060,PR,Paraná,Sul,20428,1401.22,409710.68,20056.33
Municipio RS-025,RS,Rio Grande do Sul,Sul,9104,2147.76,340694.26,37422.48
Municipio MT-098,MT,Mato Grosso,Centro-Oeste,7328,1444.43,180439.92,24623.35
Municipio ES-023,ES,Espírito Santo,Sudeste,10331,1696.13,295638.8,28616.67
Municipio BA-089,BA,Bahia,Nordeste,2085,707.31,25624.74,12290.04
Municipio MG-309,MG,Minas Gerais,Sudeste,43329,1695.55,1066177.98,24606.57
Municipio PR-249,PR,Paraná,Sul,25415,1653.8,592767.86,23323.54
Municipio GO-148,GO,Goiás,Centro-Oeste,9733,1708.12,240501.96,24709.95
Municipio SP-147,SP,São Paulo,Sudeste,7910,1098.72,134682.38,17026.85
Municipio SP-339,SP,São Paulo,Sudeste,58308,1603.53,1317519.94,22595.87
Municipio BA-319,BA,Bahia,Nordeste,163378,1241.57,3266234.76,19991.89
Municipio RN-099,RN,Rio Grande do Norte,Nordeste,38342,679.25,422824.35,11027.71
Municipio TO-132,TO,Tocantins,Norte,24073,1059.64,326676.92,13570.26
Municipio MS-060,MS,Mato Grosso do Sul,Centro-Oeste,104589,2137.76,3105578.42,29693.16
Municipio PE-092,PE,Pernambuco,Nordeste,8140,933.92,97578.61,11987.54
Municipio RR-009,RR,Roraima,Norte,19791,1129.1,290162.03,14661.31
Municipio GO-221,GO,Goiás,Centro-Oeste,15435,1273.24,261323.07,16930.55
Municipio SP-630,SP,São Paulo,Sudeste,3145,2224.37,99787.66,31728.99
Municipio RJ-048,RJ,Rio de Janeiro,Sudeste,4820,2473.15,153231.92,31790.85
Municipio MG-221,MG,Minas Gerais,Sudeste,10951,1297.27,224812.28,20528.93
Municipio MT-079,MT,Mato Grosso,Centro-Oeste,8024,1539.36,199082.7,24810.9
Municipio SP-595,SP,São Paulo,Sudeste,63506,2055.92,2029371.26,31955.58
Municipio SP-410,SP,São Paulo,Sudeste,79111,1570.96,2328805.58,29437.19
Municipio MG-096,MG,Minas Gerais,Sudeste,2821,1657.39,71760.09,25437.82
Municipio MG-622,MG,Minas Gerais,Sudeste,26728,1824.19,567093.08,21217.19
Municipio MG-052,MG,Minas Gerais,Sudeste,10289,1271.84,230305.72,22383.68
Municipio SP-357,SP,São Paulo,Sudeste,135439,1295.71,1921970.61,14190.67
Municipio PR-088,PR,Paraná,Sul,15510,2529.47,600329.36,38705.95
Municipio RN-111,RN,Rio Grande do Norte,Nordeste,16305,1128.11,201931.26,12384.62
Municipio PR-233,PR,Paraná,Sul,5607,1163.82,102694.88,18315.48
Municipio PR-214,PR,Paraná,Sul,119587,1294.38,2356661.17,19706.67
Municipio MG-349,MG,Minas Gerais,Sudeste,4507,1245.83,103195.67,22896.75
Municipio RS-127,RS,Rio Grande do Sul,Sul,31857,1108.73,629460.44,19758.94
Municipio PI-196,PI,Piauí,Nordeste,27200,532.33,190737.37,7012.4
Municipio SP-378,SP,São Paulo,Sudeste,12393,1098.07,179694.4,14499.67
Municipio MG-486,MG,Minas Gerais,Sudeste,19530,1451.51,534954.15,27391.41
Municipio SP-533,SP,São Paulo,Sudeste,3437,1624.99,95876.98,27895.54
Municipio RS-392,RS,Rio Grande do Sul,Sul,189784,1590.6,5590129.49,29455.22
Municipio AP-012,AP,Amapá,Norte,5552,1314.01,113698.25,20478.79
Municipio ES-065,ES,Espírito Santo,Sudeste,40704,1107.48,858663.88,21095.32
Municipio PA-023,PA,Pará,Norte,20284,1186.96,347939.54,17153.4
Municipio MA-090,MA,Maranhão,Nordeste,9785,619.12,70486.15,7203.49
Municipio GO-220,GO,Goiás,Centro-Oeste,6124,1575.07,184581.09,30140.61
Municipio MG-526,MG,Minas Gerais,Sudeste,3841,1483.97,102861.78,26779.95
Municipio SP-292,SP,São Paulo,Sudeste,29263,1349.07,536760.71,18342.64
Municipio SE-022,SE,Sergipe,Nordeste,52905,1144.44,724192.29,13688.54
Municipio PI-182,PI,Piauí,Nordeste,2399,1293.01,39002.55,16257.84
Municipio MG-083,MG,Minas Gerais,Sudeste,17369,1270.37,400845.44,23078.21
Municipio SP-468,SP,São Paulo,Sudeste,16022,2152.52,379084.74,23660.26
Municipio RN-103,RN,Rio Grande do Norte,Nordeste,23928,1205.2,352446.18,14729.45
Municipio SP-447,SP,São Paulo,Sudeste,4701,2401.42,152421.95,32423.3
Municipio PI-123,PI,Piauí,Nordeste,40642,1158.35,564063.14,13878.82
Municipio MA-186,MA,Maranhão,Nordeste,2985,751.73,28168.9,9436.82
Municipio BA-223,BA,Bahia,Nordeste,4097,734.46,43514.64,10621.1
Municipio MG-251,MG,Minas Gerais,Sudeste,9633,2157.16,233847.53,24275.67
Municipio PI-059,PI,Piauí,Nordeste,4380,1112.37,55137.95,12588.57
Municipio MG-479,MG,Minas Gerais,Sudeste,221648,2051.57,6889274.84,31082.05
Municipio GO-208,GO,Goiás,Centro-Oeste,6528,2092.32,216596.39,33179.59
Municipio RO-010,RO,Rondônia,Norte,6956,1203.13,94612.81,13601.61
Municipio PE-055,PE,Pernambuco,Nordeste,3529,715.18,33669.06,9540.68
Municipio MG-730,MG,Minas Gerais,Sudeste,14065,1553.69,419404.75,29819.04
Municipio RS-491,RS,Rio Grande do Sul,Sul,11805,1584.73,240416.59,20365.66
Municipio MG-604,MG,Minas Gerais,Sudeste,15935,1144.38,295460.32,18541.6
Municipio MA-112,MA,Maranhão,Nordeste,44955,1254.95,827834.76,18414.74
Municipio MA-144,MA,Maranhão,Nordeste,64092,1251.25,1217821.81,19001.15
Municipio SC-209,SC,Santa Catarina,Sul,17394,1583.53,411643.88,23665.85
Municipio BA-247,BA,Bahia,Nordeste,32183,918.3,536818.72,16680.2
Municipio GO-077,GO,Goiás,Centro-Oeste,28125,2161.58,927371.01,32973.19
Municipio SP-481,SP,São Paulo,Sudeste,17133,1060.0,277335.9,16187.24
Municipio MG-718,MG,Minas Gerais,Sudeste,4927,1234.24,66469.81,13490.93
Municipio PR-316,PR,Paraná,Sul,3330,2221.17,139491.04,41889.2
Municipio CE-106,CE,Ceará,Nordeste,24241,550.82,207642.6,8565.76
Municipio RJ-020,RJ,Rio de Janeiro,Sudeste,13365,1986.96,356108.1,26644.83
Municipio PE-034,PE,Pernambuco,Nordeste,16434,770.34,195202.9,11877.99
Municipio SC-137,SC,Santa Catarina,Sul,10103,1276.9,164488.02,16281.11
Municipio RS-288,RS,Rio Grande do Sul,Sul,16686,1658.45,509063.19,30508.4
Municipio PR-218,PR,Paraná,Sul,4757,1804.88,106447.27,22376.97
Municipio PI-081,PI,Piauí,Nordeste,1933,865.5,30315.97,15683.38
Municipio PI-168,PI,Piauí,Nordeste,20742,912.23,238489.12,11497.88
Municipio MG-070,MG,Minas Gerais,Sudeste,3865,2192.5,141917.19,36718.55
Municipio ES-036,ES,Espírito Santo,Sudeste,1825,2031.9,45149.25,24739.32
Municipio PE-088,PE,Pernambuco,Nordeste,20890,1162.61,290992.15,13929.73
Municipio SP-374,SP,São Paulo,Sudeste,29761,1598.43,813054.97,27319.48
Municipio MG-396,MG,Minas Gerais,Sudeste,2177,2354.0,55527.14,25506.27
Municipio TO-101,TO,Tocantins,Norte,4895,899.72,80392.72,16423.44
Municipio MG-853,MG,Minas Gerais,Sudeste,8785,1294.71,180355.58,20529.95
Municipio RS-356,RS,Rio Grande do Sul,Sul,6478,2022.51,250300.52,38638.55
Municipio MG-662,MG,Minas Gerais,Sudeste,3575,1100.53,54199.96,15160.83
Municipio PI-067,PI,Piauí,Nordeste,8569,1187.07,142749.16,16658.79
Municipio MT-089,MT,Mato Grosso,Centro-Oeste,7436,2175.27,286696.36,38555.19
Municipio RJ-027,RJ,Rio de Janeiro,Sudeste,7384,1761.88,183063.65,24791.94
Municipio MG-454,MG,Minas Gerais,Sudeste,2160,2079.22,70380.45,32583.54
Municipio SP-229,SP,São Paulo,Sudeste,21680,1499.44,365964.61,16880.29
Municipio SP-164,SP,São Paulo,Sudeste,22128,1015.01,354073.39,16001.15
Municipio MG-206,MG,Minas Gerais,Sudeste,24357,1874.99,811768.37,33327.93
Municipio SC-259,SC,Santa Catarina,Sul,16352,1036.67,226371.64,13843.67
Municipio PR-020,PR,Paraná,Sul,11233,1585.42,225515.61,20076.17
Municipio MG-004,MG,Minas Gerais,Sudeste,50549,2416.95,2013451.8,39831.68
Municipio GO-154,GO,Goiás,Centro-Oeste,1345,2324.66,59969.39,44586.91
Municipio RS-395,RS,Rio Grande do Sul,Sul,92149,2315.4,3847481.77,41752.83
Municipio SP-034,SP,São Paulo,Sudeste,8942,1321.26,156907.57,17547.26
Municipio MG-150,MG,Minas Gerais,Sudeste,46541,2418.08,2057741.2,44213.51
Municipio MG-124,MG,Minas Gerais,Sudeste,48165,1501.99,1187188.15,24648.36
Municipio GO-103,GO,Goiás,Centro-Oeste,52268,1835.82,1301341.32,24897.48
Municipio SP-588,SP,São Paulo,Sudeste,17140,1192.84,302165.7,17629.27
Municipio PE-068,PE,Pernambuco,Nordeste,6442,747.71,87438.83,13573.24
Municipio SP-641,SP,São Paulo,Sudeste,5743,2330.61,149217.88,25982.57
Municipio PI-203,PI,Piauí,Nordeste,19455,1008.66,280884.28,14437.64
Municipio SP-383,SP,São Paulo,Sudeste,8705,2465.88,288201.03,33107.53
Municipio ES-076,ES,Espírito Santo,Sudeste,5745,1765.36,163841.57,28518.99
Municipio BA-253,BA,Bahia,Nordeste,5535,908.25,94010.87,16984.8
Municipio BA-373,BA,Bahia,Nordeste,15949,649.57,148318.4,9299.54
Municipio RO-049,RO,Rondônia,Norte,31941,1053.82,494872.39,15493.33
Municipio RO-007,RO,Rondônia,Norte,42596,1295.44,1004222.56,23575.51
Municipio SP-192,SP,São Paulo,Sudeste,8200,1515.17,177121.18,21600.14
Municipio SP-126,SP,São Paulo,Sudeste,780,2251.79,24255.53,31096.83
Municipio BA-131,BA,Bahia,Nordeste,7568,679.19,79526.63,10508.28
Municipio RS-230,RS,Rio Grande do Sul,Sul,11287,1720.64,316152.58,28010.33
Municipio AM-051,AM,Amazonas,Norte,4305,794.08,40297.01,9360.51
Municipio PB-209,PB,Paraíba,Nordeste,49962,688.12,592328.67,11855.58
Municipio MT-120,MT,Mato Grosso,Centro-Oeste,9889,1487.87,212865.97,21525.53
Municipio PR-029,PR,Paraná,Sul,34668,2398.42,1594993.02,46007.64
Municipio AP-005,AP,Amapá,Norte,3972,1213.88,79881.65,20111.19
Municipio GO-044,GO,Goiás,Centro-Oeste,16369,1950.0,365448.39,22325.64
Municipio RS-302,RS,Rio Grande do Sul,Sul,2784,1422.77,74385.29,26718.85
Municipio SC-090,SC,Santa Catarina,Sul,8535,2430.0,269974.55,31631.46
Municipio SP-233,SP,São Paulo,Sudeste,9805,2199.96,248015.33,25294.78
Municipio PR-235,PR,Paraná,Sul,3170,1580.58,75951.01,23959.31
Municipio RS-179,RS,Rio Grande do Sul,Sul,39901,1052.34,506970.47,12705.71
Municipio AL-056,AL,Alagoas,Nordeste,18351,1208.99,383502.96,20898.21
Municipio RN-028,RN,Rio Grande do Norte,Nordeste,2113,750.74,24501.25,11595.48
Municipio TO-068,TO,Tocantins,Norte,13523,861.26,147104.98,10878.13
Municipio SP-492,SP,São Paulo,Sudeste,25985,1617.78,583732.58,22464.21
Municipio PI-050,PI,Piauí,Nordeste,9623,676.57,70734.26,7350.54
Municipio PE-060,PE,Pernambuco,Nordeste,28639,1166.88,555606.61,19400.35
Municipio MS-071,MS,Mato Grosso do Sul,Centro-Oeste,82429,1553.01,1780415.22,21599.38
Municipio SP-006,SP,São Paulo,Sudeste,9420,2271.76,358548.91,38062.52
Municipio PR-179,PR,Paraná,Sul,1832,2476.74,77231.92,42157.16
Municipio SP-107,SP,São Paulo,Sudeste,85777,2048.4,2908897.93,33912.33
Municipio SP-505,SP,São Paulo,Sudeste,6493,1435.46,174319.2,26847.25
Municipio RJ-065,RJ,Rio de Janeiro,Sudeste,65314,2239.95,2093025.5,32045.59
Municipio BA-007,BA,Bahia,Nordeste,274985,1119.76,5620944.08,20440.91
Municipio RN-050,RN,Rio Grande do Norte,Nordeste,6984,566.63,70098.04,10036.95
Municipio PB-065,PB,Paraíba,Nordeste,29229,818.24,330338.68,11301.74
Municipio BA-243,BA,Bahia,Nordeste,8958,1089.97,133360.33,14887.29
Municipio CE-048,CE,Ceará,Nordeste,31723,1290.74,639139.45,20147.51
Municipio SE-025,SE,Sergipe,Nordeste,52660,683.48,503405.62,9559.54
Municipio SC-292,SC,Santa Catarina,Sul,11518,2184.28,285771.91,24810.9
Municipio GO-025,GO,Goiás,Centro-Oeste,26859,1554.82,569728.96,21211.85
Municipio RN-089,RN,Rio Grande do Norte,Nordeste,6206,1080.35,101218.84,16309.84
Municipio CE-081,CE,Ceará,Nordeste,16930,1140.3,306528.3,18105.63
Municipio RS-495,RS,Rio Grande do Sul,Sul,5040,2334.11,220885.29,43826.45
Municipio TO-073,TO,Tocantins,Norte,53259,1272.02,1019775.08,19147.47
Municipio PR-395,PR,Paraná,Sul,56648,1891.28,2002644.16,35352.42
Municipio GO-111,GO,Goiás,Centro-Oeste,71986,1845.05,1497049.56,20796.4
Municipio RS-015,RS,Rio Grande do Sul,Sul,32153,2485.44,1229612.92,38242.56
Municipio MA-030,MA,Maranhão,Nordeste,5826,1124.1,81298.1,13954.36
Municipio SP-038,SP,São Paulo,Sudeste,9193,1362.6,189437.85,20606.75
Municipio RS-486,RS,Rio Grande do Sul,Sul,6617,1786.15,202976.85,30675.06
Municipio PB-075,PB,Paraíba,Nordeste,42894,993.42,497276.25,11593.14
Municipio PI-173,PI,Piauí,Nordeste,5612,768.02,81489.51,14520.58
Municipio RN-018,RN,Rio Grande do Norte,Nordeste,824,1180.69,12695.26,15406.87
Municipio MG-109,MG,Minas Gerais,Sudeste,23747,2469.14,701437.72,29537.95
Municipio RJ-004,RJ,Rio de Janeiro,Sudeste,12007,2100.44,354737.13,29544.19
Municipio RS-226,RS,Rio Grande do Sul,Sul,9853,1890.43,299430.51,30389.78
Municipio MT-077,MT,Mato Grosso,Centro-Oeste,21016,1347.85,447629.01,21299.44
Municipio MG-657,MG,Minas Gerais,Sudeste,13515,1282.24,287236.55,21253.17
Municipio SP-278,SP,São Paulo,Sudeste,31963,2044.34,1019103.35,31883.85
Municipio BA-333,BA,Bahia,Nordeste,32947,1319.38,671542.93,20382.52
Municipio PA-029,PA,Pará,Norte,8631,598.68,82959.59,9611.82
Municipio MG-346,MG,Minas Gerais,Sudeste,2258,1408.92,54976.55,24347.45
Municipio MA-155,MA,Maranhão,Nordeste,13168,1301.67,251587.15,19105.95
Municipio MG-023,MG,Minas Gerais,Sudeste,29051,1726.72,634739.78,21849.15
Municipio SC-031,SC,Santa Catarina,Sul,5273,1857.61,124058.23,23527.07
Municipio MG-163,MG,Minas Gerais,Sudeste,32151,2457.84,858621.38,26705.9
Municipio PR-250,PR,Paraná,Sul,9025,1436.57,172030.98,19061.6
Municipio MG-006,MG,Minas Gerais,Sudeste,30557,1267.98,423579.27,13861.94
Municipio MG-549,MG,Minas Gerais,Sudeste,10032,1839.07,330014.85,32896.22
Municipio TO-038,TO,Tocantins,Norte,22243,1333.28,390492.49,17555.75
Municipio SP-148,SP,São Paulo,Sudeste,919,1143.59,14087.87,15329.56
Municipio MG-812,MG,Minas Gerais,Sudeste,4655,1041.26,70580.02,15162.2
Municipio BA-405,BA,Bahia,Nordeste,62274,734.81,789501.56,12677.87
Municipio SC-164,SC,Santa Catarina,Sul,8128,2015.68,221286.88,27225.26
Municipio SC-072,SC,Santa Catarina,Sul,21764,1425.41,579753.97,26638.21
Municipio SC-108,SC,Santa Catarina,Sul,47266,1462.23,849477.09,17972.27
Municipio CE-047,CE,Ceará,Nordeste,5135,1288.71,114236.97,22246.73
Municipio MG-017,MG,Minas Gerais,Sudeste,42010,2212.55,1451203.16,34544.23
Municipio GO-002,GO,Goiás,Centro-Oeste,25764,2154.3,908250.03,35252.68
Municipio RN-034,RN,Rio Grande do Norte,Nordeste,7059,707.21,87590.52,12408.35
Municipio PR-190,PR,Paraná,Sul,13260,1751.61,355345.78,26798.32
Municipio PA-087,PA,Pará,Norte,2284,1251.79,50486.54,22104.44
Municipio RS-368,RS,Rio Grande do Sul,Sul,19272,1074.13,333331.07,17296.13
Municipio SC-163,SC,Santa Catarina,Sul,57938,1088.19,990298.67,17092.39
Municipio MG-278,MG,Minas Gerais,Sudeste,2404,1583.64,55970.61,23282.28
Municipio RS-131,RS,Rio Grande do Sul,Sul,31945,1805.19,738346.38,23113.05
Municipio CE-146,CE,Ceará,Nordeste,34411,922.81,470084.36,13660.87
Municipio MG-077,MG,Minas Gerais,Sudeste,29795,2009.84,917060.53,30779.01
Municipio MG-143,MG,Minas Gerais,Sudeste,8258,1514.28,230201.8,27876.22
Municipio MA-115,MA,Maranhão,Nordeste,20803,952.48,322620.5,15508.36
Municipio PA-088,PA,Pará,Norte,14927,1161.08,249513.27,16715.57
Municipio RO-029,RO,Rondônia,Norte,5965,1304.33,105256.46,17645.68
Municipio RJ-024,RJ,Rio de Janeiro,Sudeste,2885,2395.71,96436.91,33427.01
Municipio BA-077,BA,Bahia,Nordeste,780,792.4,10059.82,12897.21
Municipio GO-037,GO,Goiás,Centro-Oeste,15390,2050.74,566597.08,36815.92
Municipio TO-036,TO,Tocantins,Norte,12761,848.46,167011.14,13087.62
Municipio CE-113,CE,Ceará,Nordeste,12224,819.45,132820.24,10865.53
Municipio RS-110,RS,Rio Grande do Sul,Sul,2837,1254.98,48299.6,17024.89
Municipio PR-283,PR,Paraná,Sul,10113,1257.26,156187.35,15444.22
Municipio AL-051,AL,Alagoas,Nordeste,17220,626.21,131309.58,7625.41
Municipio GO-145,GO,Goiás,Centro-Oeste,17925,1838.86,505736.5,28214.03
Municipio MG-453,MG,Minas Gerais,Sudeste,14695,1969.81,402574.38,27395.33
Municipio SC-277,SC,Santa Catarina,Sul,10849,1396.5,273188.24,25180.96
Municipio PA-041,PA,Pará,Norte,9637,1404.42,256765.26,26643.69
Municipio RN-132,RN,Rio Grande do Norte,Nordeste,16864,1028.19,194675.06,11543.82
Municipio PR-185,PR,Paraná,Sul,3531,2281.76,111340.23,31532.21
Municipio TO-024,TO,Tocantins,Norte,82548,1303.17,2026777.99,24552.72
Municipio ES-005,ES,Espírito Santo,Sudeste,24769,1603.4,501356.89,20241.31
Municipio PA-136,PA,Pará,Norte,7328,695.02,78647.55,10732.47
Municipio RR-005,RR,Roraima,Norte,9391,851.84,138633.76,14762.41
Municipio RN-066,RN,Rio Grande do Norte,Nordeste,11453,735.17,135156.06,11800.93
Municipio MT-101,MT,Mato Grosso,Centro-Oeste,18152,1636.18,419734.73,23123.33
Municipio MG-113,MG,Minas Gerais,Sudeste,2005,1105.73,28680.23,14304.35
Municipio RR-011,RR,Roraima,Norte,48041,1201.17,1007918.5,20980.38
Municipio PE-177,PE,Pernambuco,Nordeste,19837,942.18,296363.78,14939.95
Municipio SP-566,SP,São Paulo,Sudeste,10910,1762.76,285485.74,26167.35
Municipio AL-058,AL,Alagoas,Nordeste,2024,1055.14,31534.78,15580.42
Municipio RO-017,RO,Rondônia,Norte,7927,1234.36,126786.35,15994.24
Municipio MG-151,MG,Minas Gerais,Sudeste,2894,1026.22,50340.89,17394.92
Municipio MG-305,MG,Minas Gerais,Sudeste,5822,2074.21,169049.11,29036.26
Municipio MA-029,MA,Maranhão,Nordeste,42485,1174.59,875355.6,20603.87
Municipio TO-090,TO,Tocantins,Norte,47508,636.38,549710.13,11570.9
Municipio BA-238,BA,Bahia,Nordeste,6466,915.12,99438.72,15378.71
Municipio RS-218,RS,Rio Grande do Sul,Sul,35175,2369.56,1375510.12,39104.77
Municipio PA-035,PA,Pará,Norte,37547,682.58,283326.38,7545.91
Municipio PR-033,PR,Paraná,Sul,5396,1462.22,142013.22,26318.24
Municipio PI-033,PI,Piauí,Nordeste,19976,572.74,188914.12,9457.05
Municipio RN-080,RN,Rio Grande do Norte,Nordeste,30647,957.79,468968.86,15302.28
Municipio SP-011,SP,São Paulo,Sudeste,1218,1469.42,29746.18,24422.15
Municipio GO-027,GO,Goiás,Centro-Oeste,9200,2319.31,256388.73,27868.34
Municipio SC-142,SC,Santa Catarina,Sul,56364,2380.11,2213222.56,39266.6
Municipio RS-208,RS,Rio Grande do Sul,Sul,11864,2214.36,389033.25,32791.07
Municipio SP-502,SP,São Paulo,Sudeste,16336,1155.66,209348.52,12815.16
Municipio SP-178,SP,São Paulo,Sudeste,40361,1679.74,1140573.3,28259.29
Municipio BA-040,BA,Bahia,Nordeste,62683,1142.65,974016.26,15538.76
Municipio SP-129,SP,São Paulo,Sudeste,13923,1874.7,427948.13,30736.78
Municipio MG-255,MG,Minas Gerais,Sudeste,23945,2416.36,741373.0,30961.5
Municipio PE-025,PE,Pernambuco,Nordeste,290161,1327.18,7217614.59,24874.52
Municipio MG-078,MG,Minas Gerais,Sudeste,61843,2036.09,1841560.01,29777.99
Municipio SP-171,SP,São Paulo,Sudeste,17754,2196.55,679184.32,38255.28
Municipio PE-037,PE,Pernambuco,Nordeste,16607,617.31,115176.08,6935.39
Municipio AP-016,AP,Amapá,Norte,5547,916.21,68473.25,12344.2
Municipio SP-084,SP,São Paulo,Sudeste,5061,1423.77,110367.24,21807.4
Municipio TO-048,TO,Tocantins,Norte,11379,1047.13,220389.44,19368.09
Municipio AM-036,AM,Amazonas,Norte,11192,1306.44,273905.74,24473.35
Municipio MG-019,MG,Minas Gerais,Sudeste,5798,1350.29,100804.85,17386.14
Municipio BA-034,BA,Bahia,Nordeste,42872,741.39,372299.12,8683.97
Municipio RS-445,RS,Rio Grande do Sul,Sul,26181,2038.24,1008159.73,38507.3
Municipio BA-101,BA,Bahia,Nordeste,3925,710.37,42966.08,10946.77
Municipio PA-089,PA,Pará,Norte,11266,980.84,130054.81,11544.01
Municipio RN-026,RN,Rio Grande do Norte,Nordeste,8349,634.34,95606.28,11451.23
Municipio MG-110,MG,Minas Gerais,Sudeste,35913,2404.07,1348778.89,37556.84
Municipio BA-272,BA,Bahia,Nordeste,43921,689.74,538485.46,12260.32
Municipio RS-320,RS,Rio Grande do Sul,Sul,59213,1975.92,1538820.42,25987.88
Municipio SC-129,SC,Santa Catarina,Sul,63569,1387.93,1096419.95,17247.71
Municipio MG-487,MG,Minas Gerais,Sudeste,18313,1108.93,254940.48,13921.28
Municipio RS-102,RS,Rio Grande do Sul,Sul,8395,1448.72,200737.07,23911.5
Municipio RS-113,RS,Rio Grande do Sul,Sul,10806,1789.87,298491.12,27622.72
Municipio PR-309,PR,Paraná,Sul,25614,1127.34,471300.02,18400.09
Municipio MT-128,MT,Mato Grosso,Centro-Oeste,26854,1190.13,562896.81,20961.38
Municipio PR-057,PR,Paraná,Sul,56527,1333.9,1441343.94,25498.33
Municipio MG-027,MG,Minas Gerais,Sudeste,2475,1156.05,50862.92,20550.67
Municipio MA-010,MA,Maranhão,Nordeste,45621,1002.83,690931.59,15145.03
Municipio MG-825,MG,Minas Gerais,Sudeste,93487,1051.43,1587952.4,16985.81
Municipio PA-049,PA,Pará,Norte,2289,774.68,29289.4,12795.72
Municipio PE-053,PE,Pernambuco,Nordeste,7936,1002.67,106254.1,13388.87
Municipio ES-011,ES,Espírito Santo,Sudeste,2542,1487.43,61151.04,24056.27
Municipio SP-311,SP,São Paulo,Sudeste,4280,1291.49,75964.19,17748.64
Municipio RS-040,RS,Rio Grande do Sul,Sul,20994,2023.1,811818.95,38669.09
Municipio MG-651,MG,Minas Gerais,Sudeste,4171,1261.31,86036.94,20627.41
Municipio MG-237,MG,Minas Gerais,Sudeste,2960,2067.88,67330.94,22746.94
Municipio PB-093,PB,Paraíba,Nordeste,2236,639.63,18844.46,8427.75
Municipio AL-091,AL,Alagoas,Nordeste,52688,1219.84,782945.87,14860.04
Municipio PA-022,PA,Pará,Norte,22389,1369.51,351764.23,15711.48
Municipio MG-648,MG,Minas Gerais,Sudeste,66514,2030.64,1537425.85,23114.32
Municipio PB-140,PB,Paraíba,Nordeste,19452,1101.28,344158.21,17692.69
Municipio PB-110,PB,Paraíba,Nordeste,6458,1033.86,119246.0,18464.85
Municipio MA-104,MA,Maranhão,Nordeste,4340,964.46,70462.75,16235.66
Municipio AL-031,AL,Alagoas,Nordeste,23843,891.84,326901.27,13710.58
Municipio BA-380,BA,Bahia,Nordeste,9632,730.48,110735.38,11496.61
Municipio GO-182,GO,Goiás,Centro-Oeste,24384,1629.95,605543.29,24833.63
Municipio SC-258,SC,Santa Catarina,Sul,9976,1093.86,137905.66,13823.74
Municipio PE-018,PE,Pernambuco,Nordeste,9729,668.37,98185.53,10092.05
Municipio PR-080,PR,Paraná,Sul,13056,1986.14,373532.38,28610.02
Municipio SC-218,SC,Santa Catarina,Sul,17431,1069.98,338849.56,19439.48
Municipio RS-330,RS,Rio Grande do Sul,Sul,30362,1353.39,734949.09,24206.21
Municipio PA-043,PA,Pará,Norte,5998,1403.85,120958.69,20166.5
Municipio PE-010,PE,Pernambuco,Nordeste,28162,853.39,399471.47,14184.77
Municipio MG-731,MG,Minas Gerais,Sudeste,6050,1297.15,113760.63,18803.41
Municipio SP-227,SP,São Paulo,Sudeste,26204,2144.56,877343.01,33481.26
Municipio TO-106,TO,Tocantins,Norte,794,643.69,9279.45,11686.96
Municipio PR-063,PR,Paraná,Sul,29560,1803.1,764727.84,25870.36
Municipio SC-034,SC,Santa Catarina,Sul,7086,1074.09,105414.1,14876.39
Municipio BA-402,BA,Bahia,Nordeste,28312,971.92,307096.41,10846.86
Municipio RN-109,RN,Rio Grande do Norte,Nordeste,9813,714.71,134483.43,13704.62
Municipio GO-080,GO,Goiás,Centro-Oeste,33098,1431.4,791977.68,23928.26
Municipio MA-067,MA,Maranhão,Nordeste,307382,1328.11,5108408.18,16619.09
Municipio PR-334,PR,Paraná,Sul,4452,2122.52,164893.71,37038.12
Municipio MG-609,MG,Minas Gerais,Sudeste,16202,1008.87,291020.91,17962.04
Municipio PE-015,PE,Pernambuco,Nordeste,7299,939.95,88949.91,12186.59
Municipio SP-175,SP,São Paulo,Sudeste,41001,1517.65,923782.35,22530.73
Municipio SP-305,SP,São Paulo,Sudeste,22235,1355.25,501531.61,22555.95
Municipio AM-024,AM,Amazonas,Norte,77027,1153.96,1460326.29,18958.63
Municipio MG-569,MG,Minas Gerais,Sudeste,20638,1131.93,356878.28,17292.29
Municipio TO-051,TO,Tocantins,Norte,3466,1013.86,38872.91,11215.5
Municipio SP-134,SP,São Paulo,Sudeste,7830,1003.32,99291.72,12680.93
Municipio MT-038,MT,Mato Grosso,Centro-Oeste,5806,991.22,95567.94,16460.2
Municipio SP-436,SP,São Paulo,Sudeste,16279,995.66,218348.98,13412.92
Municipio RS-130,RS,Rio Grande do Sul,Sul,17587,2004.85,462736.54,26311.28
Municipio AL-049,AL,Alagoas,Nordeste,6350,1211.04,105909.65,16678.69
Municipio SP-187,SP,São Paulo,Sudeste,2922,1754.24,87618.74,29985.88
Municipio TO-030,TO,Tocantins,Norte,780,759.2,10197.18,13073.31
Municipio MA-055,MA,Maranhão,Nordeste,9649,824.79,114982.04,11916.47
Municipio ES-026,ES,Espírito Santo,Sudeste,2647,2381.71,86396.76,32639.5
Municipio PR-212,PR,Paraná,Sul,25532,1826.48,605871.27,23729.88
Municipio PR-297,PR,Paraná,Sul,11611,1999.36,354001.61,30488.47
Municipio BA-118,BA,Bahia,Nordeste,100977,650.22,1193144.68,11816.0
Municipio PE-176,PE,Pernambuco,Nordeste,36686,1041.76,677406.28,18464.98
Municipio SC-195,SC,Santa Catarina,Sul,3674,1811.18,117002.16,31845.99
Municipio ES-040,ES,Espírito Santo,Sudeste,19041,1702.52,408467.73,21452.01
Municipio PA-127,PA,Pará,Norte,37105,1180.74,722476.67,19471.14
Municipio PR-126,PR,Paraná,Sul,11352,2424.37,500790.21,44114.71
Municipio PB-198,PB,Paraíba,Nordeste,4461,756.58,61220.95,13723.59
Municipio SP-253,SP,São Paulo,Sudeste,98801,2206.31,4020008.61,40687.93
Municipio MG-570,MG,Minas Gerais,Sudeste,47483,2000.67,1161475.53,24460.87
Municipio PI-186,PI,Piauí,Nordeste,18533,603.87,202746.82,10939.77
Municipio SC-240,SC,Santa Catarina,Sul,24701,1519.25,717513.26,29047.94
Municipio PR-360,PR,Paraná,Sul,7412,1221.54,147477.29,19897.1
Municipio PR-352,PR,Paraná,Sul,19071,2550.19,728254.94,38186.51
Municipio SE-006,SE,Sergipe,Nordeste,15726,634.93,137355.44,8734.29
Municipio SP-285,SP,São Paulo,Sudeste,11770,1516.51,321230.52,27292.31
Municipio MG-131,MG,Minas Gerais,Sudeste,5047,2297.34,188177.99,37285.12
Municipio RN-136,RN,Rio Grande do Norte,Nordeste,34914,694.62,314759.83,9015.29
Municipio RS-005,RS,Rio Grande do Sul,Sul,1872,1799.08,53956.74,28823.04
Municipio PR-323,PR,Paraná,Sul,20036,2277.25,817269.06,40790.03
Municipio PB-112,PB,Paraíba,Nordeste,12795,645.47,91818.27,7176.11
Municipio BA-135,BA,Bahia,Nordeste,52906,1073.72,630333.86,11914.22
Municipio MG-737,MG,Minas Gerais,Sudeste,1945,999.18,22321.58,11476.39
Municipio BA-315,BA,Bahia,Nordeste,15349,748.18,162473.86,10585.31
Municipio MG-841,MG,Minas Gerais,Sudeste,12891,1307.36,235958.29,18304.11
Municipio SC-020,SC,Santa Catarina,Sul,35308,2396.54,1340482.7,37965.41
Municipio MG-294,MG,Minas Gerais,Sudeste,15679,1408.19,399405.07,25473.89
Municipio SP-340,SP,São Paulo,Sudeste,42464,1874.29,1467650.0,34562.22
Municipio MG-089,MG,Minas Gerais,Sudeste,32819,1893.31,699656.6,21318.64
Municipio RS-186,RS,Rio Grande do Sul,Sul,3142,2429.7,143145.66,45558.77
Municipio PA-102,PA,Pará,Norte,38350,840.72,436642.68,11385.73
Municipio PI-073,PI,Piauí,Nordeste,67530,1066.88,949058.34,14053.88
Municipio MG-658,MG,Minas Gerais,Sudeste,10837,1764.45,320631.76,29586.76
Municipio RS-293,RS,Rio Grande do Sul,Sul,81124,1623.55,1797605.24,22158.74
Municipio PE-141,PE,Pernambuco,Nordeste,1127,538.42,10996.86,9757.64
Municipio BA-147,BA,Bahia,Nordeste,21760,1117.13,435649.96,20020.68
Municipio RS-031,RS,Rio Grande do Sul,Sul,65650,2329.64,2663543.37,40571.87
Municipio MG-576,MG,Minas Gerais,Sudeste,6749,1823.19,218062.56,32310.35
Municipio SC-101,SC,Santa Catarina,Sul,15022,2083.26,482563.22,32123.77
Municipio TO-067,TO,Tocantins,Norte,6950,1069.92,91672.17,13190.24
Municipio RN-163,RN,Rio Grande do Norte,Nordeste,6630,973.94,78310.94,11811.6
Municipio RS-341,RS,Rio Grande do Sul,Sul,5798,2437.22,190876.86,32921.16
Municipio PR-265,PR,Paraná,Sul,48344,1751.43,999861.32,20682.22
Municipio BA-377,BA,Bahia,Nordeste,5914,1221.28,129062.28,21823.18
Municipio AM-042,AM,Amazonas,Norte,67564,695.06,612253.27,9061.83
Municipio PR-398,PR,Paraná,Sul,25458,2278.78,640564.05,25161.6
Municipio RS-429,RS,Rio Grande do Sul,Sul,7956,1850.04,167805.18,21091.65
Municipio MG-520,MG,Minas Gerais,Sudeste,2802,1610.7,63526.84,22671.96
Municipio PR-246,PR,Paraná,Sul,4880,1526.45,80921.66,16582.31
Municipio RN-003,RN,Rio Grande do Norte,Nordeste,2328,969.9,34522.68,14829.33
Municipio MG-153,MG,Minas Gerais,Sudeste,7288,2182.63,285308.55,39147.72
Municipio RS-196,RS,Rio Grande do Sul,Sul,20558,1458.35,449430.75,21861.6
Municipio MG-636,MG,Minas Gerais,Sudeste,148510,1877.6,4230128.85,28483.8
Municipio PI-077,PI,Piauí,Nordeste,32293,882.65,532066.04,16476.2
Municipio CE-097,CE,Ceará,Nordeste,15494,948.33,264075.14,17043.7
Municipio RS-411,RS,Rio Grande do Sul,Sul,30957,2482.29,1399079.85,45194.3
Municipio TO-112,TO,Tocantins,Norte,135507,716.34,1384824.36,10219.58
Municipio MG-338,MG,Minas Gerais,Sudeste,5385,1110.67,112702.88,20929.04
Municipio PA-144,PA,Pará,Norte,2046,570.63,16029.93,7834.77
Municipio SC-211,SC,Santa Catarina,Sul,20379,2096.1,543550.07,26672.07
Municipio MG-834,MG,Minas Gerais,Sudeste,1463,2018.4,33379.33,22815.67
Municipio PR-171,PR,Paraná,Sul,2981,2208.14,104779.09,35148.97
Municipio PE-090,PE,Pernambuco,Nordeste,25481,717.05,268848.35,10550.93
Municipio MG-827,MG,Minas Gerais,Sudeste,18903,1549.77,523085.74,27672.1
Municipio MG-799,MG,Minas Gerais,Sudeste,86246,1120.87,1388354.9,16097.61
Municipio MG-726,MG,Minas Gerais,Sudeste,60505,2388.84,2036186.89,33653.2
Municipio PE-173,PE,Pernambuco,Nordeste,17299,1319.73,336532.15,19453.85
Municipio PR-046,PR,Paraná,Sul,18459,1685.4,529202.96,28669.1
Municipio SP-007,SP,São Paulo,Sudeste,24347,1744.37,684493.41,28114.08
Municipio MG-191,MG,Minas Gerais,Sudeste,4202,1259.32,81384.82,19368.12
Municipio PB-025,PB,Paraíba,Nordeste,19752,1043.64,246639.19,12486.8
Municipio BA-330,BA,Bahia,Nordeste,17070,572.81,109392.01,6408.44
Municipio SP-362,SP,São Paulo,Sudeste,63190,1426.71,1525907.5,24147.93
Municipio SC-227,SC,Santa Catarina,Sul,6967,2372.2,314825.26,45188.07
Municipio RS-018,RS,Rio Grande do Sul,Sul,4415,1303.08,109612.21,24827.23
Municipio MA-205,MA,Maranhão,Nordeste,13030,852.75,212185.82,16284.41
Municipio BA-016,BA,Bahia,Nordeste,14439,1152.06,180186.31,12479.14
Municipio RS-190,RS,Rio Grande do Sul,Sul,25575,2466.06,1013748.09,39638.24
Municipio PE-143,PE,Pernambuco,Nordeste,8000,913.18,114399.55,14299.94
Municipio PA-012,PA,Pará,Norte,20321,1289.21,498988.89,24555.33
Municipio PR-369,PR,Paraná,Sul,5434,1804.92,170226.89,31326.26
Municipio PR-068,PR,Paraná,Sul,6220,1839.19,204404.44,32862.45
Municipio BA-108,BA,Bahia,Nordeste,18241,802.8,251491.88,13787.18
Municipio BA-163,BA,Bahia,Nordeste,38912,761.81,462033.63,11873.81
Municipio MG-198,MG,Minas Gerais,Sudeste,11430,1131.99,214679.11,18782.07
Municipio CE-040,CE,Ceará,Nordeste,7652,896.53,94383.3,12334.46
Municipio SE-017,SE,Sergipe,Nordeste,1606,610.89,13806.24,8596.66
Municipio CE-117,CE,Ceará,Nordeste,31821,593.07,346207.76,10879.85
Municipio PR-382,PR,Paraná,Sul,29990,1385.35,649157.75,21645.81
Municipio SC-070,SC,Santa Catarina,Sul,1535,1254.54,20957.36,13653.0
Municipio SP-094,SP,São Paulo,Sudeste,1641,1374.76,27445.24,16724.7
Municipio PE-155,PE,Pernambuco,Nordeste,4951,843.98,57486.29,11611.05
Municipio MA-087,MA,Maranhão,Nordeste,1634,953.29,19407.58,11877.34
Municipio SP-644,SP,São Paulo,Sudeste,23741,2062.7,922058.49,38838.23
Municipio GO-012,GO,Goiás,Centro-Oeste,7084,2103.08,187977.03,26535.44
Municipio SC-169,SC,Santa Catarina,Sul,2074,1111.59,37750.98,18202.02
Municipio RJ-054,RJ,Rio de Janeiro,Sudeste,3301,1428.07,90487.41,27412.12
Municipio MA-001,MA,Maranhão,Nordeste,46860,1049.22,538291.31,11487.22
Municipio GO-241,GO,Goiás,Centro-Oeste,5478,2195.32,138424.8,25269.22
Municipio RS-239,RS,Rio Grande do Sul,Sul,6926,2158.97,254183.03,36699.83
Municipio SP-208,SP,São Paulo,Sudeste,23483,2165.86,797878.1,33976.84
Municipio SC-088,SC,Santa Catarina,Sul,23349,2210.27,856591.58,36686.44
Municipio AM-062,AM,Amazonas,Norte,15002,598.14,147751.96,9848.82
Municipio BA-063,BA,Bahia,Nordeste,45141,860.9,707218.41,15666.88
Municipio MA-168,MA,Maranhão,Nordeste,27148,1134.6,552459.08,20349.9
Municipio CE-004,CE,Ceará,Nordeste,6145,845.51,70538.57,11479.02
Municipio AP-002,AP,Amapá,Norte,23114,751.08,215214.24,9310.99
Municipio GO-055,GO,Goiás,Centro-Oeste,8971,1334.63,180570.25,20128.22
Municipio PE-071,PE,Pernambuco,Nordeste,3832,1291.53,58087.52,15158.54
Municipio CE-050,CE,Ceará,Nordeste,19785,715.21,181164.91,9156.68
Municipio MA-151,MA,Maranhão,Nordeste,1801,584.46,13093.84,7270.32
Municipio CE-085,CE,Ceará,Nordeste,17023,595.06,175808.13,10327.68
Municipio AP-004,AP,Amapá,Norte,26129,1073.55,401539.92,15367.6
Municipio SP-471,SP,São Paulo,Sudeste,17249,2422.78,579421.75,33591.61
Municipio GO-141,GO,Goiás,Centro-Oeste,3416,1613.3,65831.68,19271.57
Municipio MT-013,MT,Mato Grosso,Centro-Oeste,12937,1499.84,284399.27,21983.4
Municipio MG-665,MG,Minas Gerais,Sudeste,5137,1032.56,71847.2,13986.22
Municipio BA-098,BA,Bahia,Nordeste,103086,1137.4,2085436.72,20230.07
Municipio SP-472,SP,São Paulo,Sudeste,2549,2396.48,97835.94,38382.09
Municipio MG-238,MG,Minas Gerais,Sudeste,47845,1320.37,1085493.83,22687.72
Municipio PE-149,PE,Pernambuco,Nordeste,1588,1244.93,22281.6,14031.23
Municipio PR-307,PR,Paraná,Sul,20291,1219.48,455270.3,22437.06
Municipio PB-037,PB,Paraíba,Nordeste,36952,700.05,374633.88,10138.39
Municipio SC-082,SC,Santa Catarina,Sul,11439,2184.01,280275.16,24501.72
Municipio RS-136,RS,Rio Grande do Sul,Sul,12113,1909.35,326390.41,26945.46
Municipio PR-393,PR,Paraná,Sul,9118,2359.0,253648.37,27818.42
Municipio SC-113,SC,Santa Catarina,Sul,14294,2353.5,411618.96,28796.63
Municipio PR-366,PR,Paraná,Sul,21019,1527.26,465051.28,22125.28
Municipio MG-071,MG,Minas Gerais,Sudeste,5328,1569.16,137605.9,25826.93
Municipio CE-070,CE,Ceará,Nordeste,12056,1311.6,218337.08,18110.24
Municipio SP-552,SP,São Paulo,Sudeste,24429,1783.23,627858.15,25701.34
Municipio SP-332,SP,São Paulo,Sudeste,35959,1864.74,978853.26,27221.37
Municipio PR-186,PR,Paraná,Sul,7482,2028.56,230428.79,30797.75
Municipio MG-444,MG,Minas Gerais,Sudeste,3402,1566.72,73448.05,21589.67
Municipio RS-273,RS,Rio Grande do Sul,Sul,787,1041.68,12141.42,15427.47
Municipio SE-023,SE,Sergipe,Nordeste,5275,672.46,52392.15,9932.16
Municipio SE-033,SE,Sergipe,Nordeste,3276,630.05,28535.1,8710.35
Municipio SP-476,SP,São Paulo,Sudeste,4222,1721.53,105621.73,25016.99
Municipio MT-065,MT,Mato Grosso,Centro-Oeste,58278,1349.24,1279705.57,21958.64
Municipio PB-189,PB,Paraíba,Nordeste,3108,629.31,23663.0,7613.58
Municipio GO-074,GO,Goiás,Centro-Oeste,2920,1616.2,72305.25,24762.07
Municipio MG-747,MG,Minas Gerais,Sudeste,4030,2472.29,154529.28,38344.73
Municipio MG-577,MG,Minas Gerais,Sudeste,8899,1981.54,202326.45,22735.86
Municipio MG-002,MG,Minas Gerais,Sudeste,4153,1423.44,92383.76,22245.07
Municipio MG-275,MG,Minas Gerais,Sudeste,58283,1835.92,1675477.29,28747.27
Municipio MG-815,MG,Minas Gerais,Sudeste,3796,1109.65,73630.5,19396.87
Municipio RS-493,RS,Rio Grande do Sul,Sul,983,1359.86,20997.14,21360.26
Municipio SP-014,SP,São Paulo,Sudeste,329436,2456.04,15421456.45,46811.69
Municipio GO-126,GO,Goiás,Centro-Oeste,70423,952.67,847567.27,12035.38
Municipio MG-649,MG,Minas Gerais,Sudeste,3529,2442.23,128731.53,36478.19
Municipio SP-106,SP,São Paulo,Sudeste,20793,1716.63,483153.88,23236.37
Municipio MS-066,MS,Mato Grosso do Sul,Centro-Oeste,3787,2116.91,117035.01,30904.41
Municipio BA-121,BA,Bahia,Nordeste,48166,957.64,882625.99,18324.67
Municipio RS-114,RS,Rio Grande do Sul,Sul,70574,1857.62,1508354.81,21372.67
Municipio SC-232,SC,Santa Catarina,Sul,2755,1757.23,78668.88,28554.95
Municipio PB-069,PB,Paraíba,Nordeste,44848,1065.56,538058.16,11997.37
Municipio MA-159,MA,Maranhão,Nordeste,780,800.73,8076.06,10353.92
Municipio SC-083,SC,Santa Catarina,Sul,23671,1327.74,530148.89,22396.56
Municipio MG-269,MG,Minas Gerais,Sudeste,25966,2371.04,684429.96,26358.7
Municipio RS-252,RS,Rio Grande do Sul,Sul,13486,1081.12,212827.39,15781.36
Municipio MA-096,MA,Maranhão,Nordeste,16236,842.62,210453.5,12962.15
Municipio BA-191,BA,Bahia,Nordeste,3014,1256.21,58225.26,19318.27
Municipio BA-338,BA,Bahia,Nordeste,780,723.66,7691.44,9860.82
Municipio SC-061,SC,Santa Catarina,Sul,6131,1164.61,131600.73,21464.81
Municipio RS-026,RS,Rio Grande do Sul,Sul,3281,2377.71,141923.55,43256.19
Municipio MG-575,MG,Minas Gerais,Sudeste,8430,1584.74,249582.69,29606.49
Municipio RS-450,RS,Rio Grande do Sul,Sul,11840,2126.0,392212.9,33126.09
Municipio PR-353,PR,Paraná,Sul,8977,1178.93,154522.74,17213.18
Municipio MG-751,MG,Minas Gerais,Sudeste,867,1700.69,20815.8,24009.0
Municipio SC-026,SC,Santa Catarina,Sul,10315,2502.19,423323.79,41039.63
Municipio SP-076,SP,São Paulo,Sudeste,31348,1253.2,665859.09,21240.88
Municipio PR-376,PR,Paraná,Sul,17033,2197.32,472665.62,27749.99
Municipio PE-132,PE,Pernambuco,Nordeste,19467,1077.39,394064.87,20242.71
Municipio AL-026,AL,Alagoas,Nordeste,2808,780.97,28004.71,9973.19
Municipio PB-034,PB,Paraíba,Nordeste,42800,711.02,382847.95,8945.05
Municipio GO-174,GO,Goiás,Centro-Oeste,6597,2115.42,216036.25,32747.65
Municipio RS-370,RS,Rio Grande do Sul,Sul,17674,1927.2,383671.35,21708.24
Municipio SE-039,SE,Sergipe,Nordeste,19004,769.12,204508.71,10761.35
Municipio PA-044,PA,Pará,Norte,10631,644.23,117993.14,11098.97
Municipio PB-104,PB,Paraíba,Nordeste,15109,1076.28,242591.6,16056.1
Municipio PR-028,PR,Paraná,Sul,19329,1443.6,462361.32,23920.6
Municipio MA-137,MA,Maranhão,Nordeste,3609,1140.93,77334.47,21428.23
Municipio RJ-061,RJ,Rio de Janeiro,Sudeste,173391,2452.98,5491585.53,31671.69
Municipio SP-190,SP,São Paulo,Sudeste,70730,1909.86,2197973.27,31075.54
Municipio RS-465,RS,Rio Grande do Sul,Sul,11229,1099.92,157356.02,14013.36
Municipio RO-030,RO,Rondônia,Norte,12974,1280.75,288723.58,22254.01
Municipio MS-076,MS,Mato Grosso do Sul,Centro-Oeste,2698,1315.68,63665.2,23597.18
Municipio MG-325,MG,Minas Gerais,Sudeste,4049,2465.64,185932.95,45920.71
Municipio PB-175,PB,Paraíba,Nordeste,33419,891.14,502066.34,15023.38
Municipio PA-142,PA,Pará,Norte,35657,653.72,380616.16,10674.37
Municipio RS-247,RS,Rio Grande do Sul,Sul,104546,2375.81,4013963.63,38394.23
Municipio PR-221,PR,Paraná,Sul,5224,1760.2,171231.99,32777.95
Municipio MT-133,MT,Mato Grosso,Centro-Oeste,8985,1156.51,169387.56,18852.26
Municipio PE-070,PE,Pernambuco,Nordeste,4818,957.42,69441.54,14412.94
Municipio MG-464,MG,Minas Gerais,Sudeste,8706,1129.33,120150.16,13800.85
Municipio RS-050,RS,Rio Grande do Sul,Sul,49413,1431.85,1007176.83,20382.83
Municipio PI-113,PI,Piauí,Nordeste,2169,860.67,35636.09,16429.73
Municipio MG-135,MG,Minas Gerais,Sudeste,22133,1299.9,357700.25,16161.4
Municipio MG-652,MG,Minas Gerais,Sudeste,81151,1065.71,1631307.4,20102.12
Municipio PB-078,PB,Paraíba,Nordeste,4362,1025.71,54083.97,12398.89
Municipio MG-244,MG,Minas Gerais,Sudeste,128327,1693.27,4065836.15,31683.4
Municipio SC-215,SC,Santa Catarina,Sul,13215,1658.43,348370.06,26361.71
Municipio AM-015,AM,Amazonas,Norte,7040,716.6,65393.6,9288.86
Municipio SP-336,SP,São Paulo,Sudeste,14509,1209.34,334638.17,23064.18
Municipio AC-017,AC,Acre,Norte,4409,737.36,49182.25,11154.97
Municipio SC-105,SC,Santa Catarina,Sul,27635,2533.96,1234347.75,44666.1
Municipio MA-210,MA,Maranhão,Nordeste,5327,1283.55,89052.76,16717.24
Municipio PA-011,PA,Pará,Norte,6632,873.03,81269.49,12254.15
Municipio SP-262,SP,São Paulo,Sudeste,7262,1396.69,194165.03,26737.13
Municipio MG-527,MG,Minas Gerais,Sudeste,16495,1215.09,378893.74,22970.22
Municipio MG-623,MG,Minas Gerais,Sudeste,12362,1192.17,181125.35,14651.78
Municipio TO-011,TO,Tocantins,Norte,34940,614.39,411085.62,11765.47
Municipio RS-106,RS,Rio Grande do Sul,Sul,4017,2465.17,181446.7,45169.7
Municipio MG-760,MG,Minas Gerais,Sudeste,20689,1288.03,310127.77,14989.98
Municipio RO-046,RO,Rondônia,Norte,10864,1402.82,206688.09,19025.05
Municipio PA-062,PA,Pará,Norte,421196,693.28,3678654.12,8733.83
Municipio SP-193,SP,São Paulo,Sudeste,51439,2321.37,1480444.0,28780.58
Municipio MG-592,MG,Minas Gerais,Sudeste,5290,2252.6,227631.15,43030.46
Municipio RS-258,RS,Rio Grande do Sul,Sul,22276,2353.9,801961.36,36001.14
Municipio TO-002,TO,Tocantins,Norte,5631,1098.94,81512.76,14475.72
Municipio MG-379,MG,Minas Gerais,Sudeste,5744,1657.23,118109.59,20562.25
Municipio MA-114,MA,Maranhão,Nordeste,12921,1278.35,310978.4,24067.67
Municipio MT-082,MT,Mato Grosso,Centro-Oeste,3049,1971.75,108335.02,35531.33
Municipio SP-586,SP,São Paulo,Sudeste,15043,1871.19,451066.87,29985.17
Municipio CE-063,CE,Ceará,Nordeste,6023,801.42,81920.5,13601.28
Municipio ES-031,ES,Espírito Santo,Sudeste,18903,1842.16,597330.13,31599.75
Municipio SP-632,SP,São Paulo,Sudeste,2296,2404.06,89451.91,38959.89
Municipio SC-103,SC,Santa Catarina,Sul,1219,1917.01,35873.65,29428.75
Municipio RS-245,RS,Rio Grande do Sul,Sul,73377,1308.59,1164095.06,15864.58
Municipio MG-561,MG,Minas Gerais,Sudeste,20630,2282.54,724698.5,35128.38
Municipio SP-563,SP,São Paulo,Sudeste,9470,1251.34,188250.06,19878.57
Municipio GO-151,GO,Goiás,Centro-Oeste,8375,1419.62,148515.3,17733.17
Municipio SP-350,SP,São Paulo,Sudeste,171264,1480.63,3204480.7,18710.77
Municipio RR-008,RR,Roraima,Norte,8673,640.11,67054.33,7731.39
Municipio MG-514,MG,Minas Gerais,Sudeste,13916,1307.39,278524.01,20014.66
Municipio BA-162,BA,Bahia,Nordeste,9091,884.0,112334.24,12356.64
Municipio RN-154,RN,Rio Grande do Norte,Nordeste,7367,676.66,56893.06,7722.69
Municipio PR-358,PR,Paraná,Sul,23976,2552.27,1139465.47,47525.25
Municipio PI-212,PI,Piauí,Nordeste,6972,848.37,112214.89,16095.08
Municipio BA-056,BA,Bahia,Nordeste,8351,674.75,88848.97,10639.32
Municipio MG-400,MG,Minas Gerais,Sudeste,2073,2031.77,77762.2,37511.92
Municipio MG-031,MG,Minas Gerais,Sudeste,7134,1130.28,152855.73,21426.37
Municipio BA-407,BA,Bahia,Nordeste,3938,602.99,44215.53,11227.92
Municipio MG-171,MG,Minas Gerais,Sudeste,37658,1266.79,558379.94,14827.66
Municipio TO-116,TO,Tocantins,Norte,31065,1396.56,704533.32,22679.33
Municipio RS-403,RS,Rio Grande do Sul,Sul,44199,1159.7,729361.57,16501.77
Municipio PR-073,PR,Paraná,Sul,2879,1749.99,73430.28,25505.48
Municipio BA-336,BA,Bahia,Nordeste,27749,602.42,231240.92,8333.31
Municipio GO-014,GO,Goiás,Centro-Oeste,2704,1955.93,79477.31,29392.5
Municipio MG-709,MG,Minas Gerais,Sudeste,20080,1676.16,482382.63,24023.04
Municipio RS-122,RS,Rio Grande do Sul,Sul,24015,1197.98,440813.41,18355.75
Municipio SP-022,SP,São Paulo,Sudeste,11189,1123.75,216846.38,19380.32
Municipio MA-102,MA,Maranhão,Nordeste,1150,840.58,12718.22,11059.32
Municipio RS-383,RS,Rio Grande do Sul,Sul,29284,1957.21,863440.61,29485.06
Municipio BA-064,BA,Bahia,Nordeste,7687,767.58,85476.71,11119.64
Municipio RS-238,RS,Rio Grande do Sul,Sul,6243,1158.84,134927.51,21612.61
Municipio SP-520,SP,São Paulo,Sudeste,2901,2238.81,103399.36,35642.66
Municipio GO-073,GO,Goiás,Centro-Oeste,41738,1494.51,1059891.04,25393.91
Municipio RS-090,RS,Rio Grande do Sul,Sul,34289,1399.23,883611.04,25769.52
Municipio MG-579,MG,Minas Gerais,Sudeste,5409,1395.76,143296.87,26492.3
Municipio RN-130,RN,Rio Grande do Norte,Nordeste,6340,927.44,77544.07,12230.93
Municipio TO-064,TO,Tocantins,Norte,57171,1368.12,860693.21,15054.72
Municipio MT-075,MT,Mato Grosso,Centro-Oeste,3825,2142.83,110845.5,28979.22
Municipio TO-063,TO,Tocantins,Norte,60914,1104.67,759016.6,12460.46
Municipio RO-035,RO,Rondônia,Norte,59172,953.27,688247.28,11631.3
Municipio PE-139,PE,Pernambuco,Nordeste,128073,894.07,2096460.91,16369.27
Municipio SP-598,SP,São Paulo,Sudeste,1333,1149.23,27193.59,20400.29
Municipio PR-092,PR,Paraná,Sul,24831,2387.91,845997.68,34070.22
Municipio SP-214,SP,São Paulo,Sudeste,71500,1402.5,1206060.82,16867.98
Municipio RO-032,RO,Rondônia,Norte,8660,1385.81,229226.99,26469.63
Municipio PI-207,PI,Piauí,Nordeste,18987,1198.81,314628.15,16570.71
Municipio MG-205,MG,Minas Gerais,Sudeste,38930,1442.87,644179.98,16547.14
Municipio MG-589,MG,Minas Gerais,Sudeste,2251,1278.58,32900.81,14616.09
Municipio MG-546,MG,Minas Gerais,Sudeste,67020,1279.87,1080494.13,16121.97
Municipio RN-047,RN,Rio Grande do Norte,Nordeste,12010,1280.97,260947.44,21727.51
Municipio SC-241,SC,Santa Catarina,Sul,16984,2341.11,741259.63,43644.58
Municipio PR-167,PR,Paraná,Sul,9366,1099.48,117660.77,12562.54
Municipio MG-851,MG,Minas Gerais,Sudeste,11481,1754.68,351153.95,30585.66
Municipio BA-230,BA,Bahia,Nordeste,51260,1273.96,1216117.12,23724.49
Municipio PB-015,PB,Paraíba,Nordeste,2707,602.55,19940.65,7366.33
Municipio SP-546,SP,São Paulo,Sudeste,20566,2338.3,654625.59,31830.48
Municipio PR-032,PR,Paraná,Sul,8692,1791.19,292216.77,33619.05
Municipio MG-742,MG,Minas Gerais,Sudeste,9669,1484.58,274064.72,28344.68
Municipio GO-144,GO,Goiás,Centro-Oeste,1809,2102.64,43879.81,24256.39
Municipio BA-269,BA,Bahia,Nordeste,30867,984.99,373515.51,12100.8
Municipio PR-325,PR,Paraná,Sul,59365,1079.44,872722.52,14700.96
Municipio TO-096,TO,Tocantins,Norte,12512,1425.99,200565.66,16029.86
Municipio RS-064,RS,Rio Grande do Sul,Sul,5983,1336.71,92574.32,15472.89
Municipio PB-171,PB,Paraíba,Nordeste,34210,1005.91,485166.16,14182.0
Municipio PR-135,PR,Paraná,Sul,3200,1194.16,44830.11,14009.41
Municipio SP-209,SP,São Paulo,Sudeste,9196,1844.15,235684.63,25629.04
Municipio MG-691,MG,Minas Gerais,Sudeste,1566,1445.23,25048.74,15995.36
Municipio SP-297,SP,São Paulo,Sudeste,12083,2454.66,539438.33,44644.4
Municipio GO-133,GO,Goiás,Centro-Oeste,3109,2133.69,86946.85,27966.18
Municipio BA-183,BA,Bahia,Nordeste,2502,1174.57,47911.29,19149.2
Municipio PI-001,PI,Piauí,Nordeste,29943,1164.9,472486.36,15779.53
Municipio PI-124,PI,Piauí,Nordeste,41914,530.99,342210.47,8164.59
Municipio SP-269,SP,São Paulo,Sudeste,2832,1248.68,42436.85,14984.76
Municipio SP-130,SP,São Paulo,Sudeste,92986,2188.22,3772090.42,40566.22
Municipio SC-166,SC,Santa Catarina,Sul,12277,1655.85,325586.9,26520.07
Municipio GO-245,GO,Goiás,Centro-Oeste,995,2093.21,38227.55,38419.65
Municipio SP-445,SP,São Paulo,Sudeste,56806,2337.21,1688272.5,29719.97
Municipio MG-105,MG,Minas Gerais,Sudeste,11758,1243.96,274885.68,23378.61
Municipio MG-172,MG,Minas Gerais,Sudeste,6163,2312.29,257550.92,41789.86
Municipio CE-116,CE,Ceará,Nordeste,56854,1196.19,1192416.6,20973.31
Municipio CE-053,CE,Ceará,Nordeste,66115,569.79,421688.61,6378.11
Municipio PB-215,PB,Paraíba,Nordeste,89860,864.1,1252124.36,13934.17
Municipio PB-193,PB,Paraíba,Nordeste,5287,995.85,58503.86,11065.61
Municipio RS-147,RS,Rio Grande do Sul,Sul,2955,1044.84,35011.39,11848.19
Municipio AL-068,AL,Alagoas,Nordeste,26732,1075.66,471633.86,17643.04
Municipio ES-008,ES,Espírito Santo,Sudeste,5035,2464.35,232570.57,46190.78
Municipio SP-097,SP,São Paulo,Sudeste,2303,2417.4,71845.73,31196.58
Municipio RN-084,RN,Rio Grande do Norte,Nordeste,19984,1202.56,336104.69,16818.69
Municipio SP-601,SP,São Paulo,Sudeste,4437,1165.3,71999.03,16226.96
Municipio SP-299,SP,São Paulo,Sudeste,3788,1635.71,110935.05,29285.92
Municipio SC-067,SC,Santa Catarina,Sul,2275,1175.9,46783.73,20564.28
Municipio ES-004,ES,Espírito Santo,Sudeste,1463,2192.21,46797.07,31987.06
Municipio RS-335,RS,Rio Grande do Sul,Sul,161453,1213.85,2731936.97,16920.94
Municipio PR-224,PR,Paraná,Sul,9189,2237.19,309124.86,33640.75
Municipio CE-052,CE,Ceará,Nordeste,17516,611.19,192126.31,10968.62
Municipio RS-355,RS,Rio Grande do Sul,Sul,53321,1801.96,1100628.39,20641.56
Municipio PA-143,PA,Pará,Norte,66375,884.45,738626.02,11128.08
Municipio SC-248,SC,Santa Catarina,Sul,23885,1391.15,408979.98,17122.88
Municipio GO-110,GO,Goiás,Centro-Oeste,3932,1692.43,109783.77,27920.59
Municipio PR-213,PR,Paraná,Sul,4146,1093.92,84052.59,20273.18
Municipio SP-044,SP,São Paulo,Sudeste,3227,1098.51,67653.73,20964.9
Municipio ES-012,ES,Espírito Santo,Sudeste,2640,1494.76,62890.76,23822.26
Municipio GO-186,GO,Goiás,Centro-Oeste,28084,1381.21,662578.01,23592.72
Municipio MA-167,MA,Maranhão,Nordeste,43594,1303.77,902674.94,20706.4
Municipio CE-173,CE,Ceará,Nordeste,27731,1234.65,462404.99,16674.66
Municipio MG-273,MG,Minas Gerais,Sudeste,17708,2204.08,698845.65,39464.97
Municipio SP-238,SP,São Paulo,Sudeste,780,2359.16,23406.68,30008.56
Municipio MG-654,MG,Minas Gerais,Sudeste,31114,1254.46,533827.79,17157.16
Municipio SC-029,SC,Santa Catarina,Sul,968,1514.59,25780.3,26632.54
Municipio MG-022,MG,Minas Gerais,Sudeste,3185,1680.29,100913.74,31684.06
Municipio MG-321,MG,Minas Gerais,Sudeste,100218,1283.49,2254749.31,22498.45
Municipio BA-208,BA,Bahia,Nordeste,14766,553.42,154503.2,10463.44
Municipio MT-027,MT,Mato Grosso,Centro-Oeste,6772,1505.64,115493.64,17054.58
Municipio RS-030,RS,Rio Grande do Sul,Sul,45615,1946.11,1662401.22,36444.18
Municipio TO-075,TO,Tocantins,Norte,118199,1255.63,2102705.93,17789.54
Municipio PI-164,PI,Piauí,Nordeste,66475,1145.68,1384203.15,20822.91
Municipio RO-012,RO,Rondônia,Norte,1163,990.73,17853.44,15351.2
Municipio SC-134,SC,Santa Catarina,Sul,3003,1464.24,73301.86,24409.54
Municipio BA-049,BA,Bahia,Nordeste,2507,625.87,20304.28,8099.03
Municipio AL-020,AL,Alagoas,Nordeste,46091,573.44,405151.6,8790.25
Municipio RS-476,RS,Rio Grande do Sul,Sul,10352,1669.36,236362.36,22832.53
Municipio SP-128,SP,São Paulo,Sudeste,8399,1700.12,167980.93,20000.11
Municipio CE-094,CE,Ceará,Nordeste,1135,571.03,9979.5,8792.51
Municipio RN-097,RN,Rio Grande do Norte,Nordeste,8152,1220.35,184803.06,22669.66
Municipio PA-122,PA,Pará,Norte,28775,714.96,295514.78,10269.84
Municipio SP-435,SP,São Paulo,Sudeste,122008,1706.57,2398088.69,19655.18
Municipio SP-387,SP,São Paulo,Sudeste,1695,2400.3,64488.2,38046.14
Municipio RS-006,RS,Rio Grande do Sul,Sul,26968,1061.06,427677.49,15858.7
Municipio GO-089,GO,Goiás,Centro-Oeste,21111,1400.72,452307.37,21425.2
Municipio SP-486,SP,São Paulo,Sudeste,6478,1701.58,190617.05,29425.29
Municipio MT-051,MT,Mato Grosso,Centro-Oeste,10461,2053.69,327063.51,31265.03
Municipio GO-190,GO,Goiás,Centro-Oeste,9733,2003.74,218772.81,22477.43
Municipio MG-422,MG,Minas Gerais,Sudeste,10450,1155.46,164775.9,15768.03
Municipio SP-056,SP,São Paulo,Sudeste,32050,2402.87,923680.7,28819.99
Municipio AL-061,AL,Alagoas,Nordeste,70743,1006.73,1174378.05,16600.63
Municipio PR-295,PR,Paraná,Sul,31916,1130.22,511636.36,16030.72
Municipio MG-286,MG,Minas Gerais,Sudeste,36436,1396.96,970660.04,26640.14
Municipio RJ-060,RJ,Rio de Janeiro,Sudeste,6705,1563.9,153002.83,22819.21
Municipio RN-151,RN,Rio Grande do Norte,Nordeste,12738,1127.94,187451.64,14715.94
Municipio MG-129,MG,Minas Gerais,Sudeste,8053,2149.35,249228.61,30948.54
Municipio PE-109,PE,Pernambuco,Nordeste,13719,1052.99,157373.5,11471.21
Municipio PE-091,PE,Pernambuco,Nordeste,8200,636.09,67766.88,8264.25
Municipio CE-010,CE,Ceará,Nordeste,2519,1034.02,33939.75,13473.5
Municipio PE-146,PE,Pernambuco,Nordeste,1257,612.14,9175.22,7299.3
Municipio PB-006,PB,Paraíba,Nordeste,6949,533.6,58161.27,8369.73
Municipio SC-162,SC,Santa Catarina,Sul,9160,2289.75,341192.4,37248.08
Municipio PB-051,PB,Paraíba,Nordeste,11654,1127.7,148825.98,12770.38
Municipio MA-160,MA,Maranhão,Nordeste,2744,1070.96,45736.77,16667.92
Municipio PR-117,PR,Paraná,Sul,75032,1465.62,1652585.61,22025.08
Municipio GO-159,GO,Goiás,Centro-Oeste,25395,2002.73,866226.45,34110.12
Municipio PE-129,PE,Pernambuco,Nordeste,4288,843.79,50788.19,11844.26
Municipio MT-126,MT,Mato Grosso,Centro-Oeste,22355,2161.47,734176.26,32841.7
Municipio PB-019,PB,Paraíba,Nordeste,18980,1311.62,475640.9,25060.11
Municipio MG-327,MG,Minas Gerais,Sudeste,12382,2018.25,458846.96,37057.58
Municipio PR-365,PR,Paraná,Sul,2696,2497.49,86794.5,32193.81
Municipio MG-161,MG,Minas Gerais,Sudeste,49832,1314.34,1096762.94,22009.21
Municipio MG-377,MG,Minas Gerais,Sudeste,16770,1358.66,337343.05,20115.86
Municipio PB-084,PB,Paraíba,Nordeste,9393,1000.46,164848.83,17550.18
Municipio MG-679,MG,Minas Gerais,Sudeste,9750,1064.5,123970.87,12714.96
Municipio SP-265,SP,São Paulo,Sudeste,2270,1541.73,66257.33,29188.25
Municipio MT-045,MT,Mato Grosso,Centro-Oeste,15774,1852.09,462687.82,29332.31
Municipio GO-244,GO,Goiás,Centro-Oeste,6656,1449.62,130326.43,19580.29
Municipio BA-068,BA,Bahia,Nordeste,42425,1192.04,652719.53,15385.26
Municipio SC-052,SC,Santa Catarina,Sul,3762,2528.72,104542.94,27789.19
Municipio SP-550,SP,São Paulo,Sudeste,8408,1264.9,201858.96,24007.96
Municipio MG-386,MG,Minas Gerais,Sudeste,3657,1366.85,92278.86,25233.49
Municipio MG-314,MG,Minas Gerais,Sudeste,10089,1949.84,299026.48,29638.86
Municipio MG-847,MG,Minas Gerais,Sudeste,8680,1866.92,228366.75,26309.53
Municipio PI-109,PI,Piauí,Nordeste,11652,1135.27,249255.64,21391.66
Municipio AL-003,AL,Alagoas,Nordeste,77363,1142.5,1644555.24,21257.65
Municipio MG-239,MG,Minas Gerais,Sudeste,27957,2366.04,1104307.67,39500.22
Municipio MT-050,MT,Mato Grosso,Centro-Oeste,8337,2026.98,248612.52,29820.38
Municipio RS-390,RS,Rio Grande do Sul,Sul,4857,1900.41,116985.55,24085.97
Municipio MA-174,MA,Maranhão,Nordeste,15407,1166.26,331277.04,21501.72
Municipio SP-170,SP,São Paulo,Sudeste,6780,2198.22,267231.1,39414.62
Municipio MG-248,MG,Minas Gerais,Sudeste,80173,2466.72,2755078.51,34364.17
Municipio MG-126,MG,Minas Gerais,Sudeste,2798,1460.01,72804.13,26020.06
Municipio MA-206,MA,Maranhão,Nordeste,3562,1079.96,63153.67,17729.83
Municipio MT-049,MT,Mato Grosso,Centro-Oeste,6728,1295.53,138622.3,20603.79
Municipio MG-696,MG,Minas Gerais,Sudeste,30291,2290.6,1035911.86,34198.67
Municipio RS-468,RS,Rio Grande do Sul,Sul,22546,1393.45,578413.83,25654.83
Municipio BA-207,BA,Bahia,Nordeste,2290,991.65,27586.23,12046.39
Municipio PA-066,PA,Pará,Norte,8167,837.8,102146.37,12507.21
Municipio RS-357,RS,Rio Grande do Sul,Sul,22046,2196.55,596318.24,27048.82
Municipio PR-087,PR,Paraná,Sul,7112,2406.51,319887.66,44978.58
Municipio PE-027,PE,Pernambuco,Nordeste,40174,1315.93,911129.77,22679.59
Municipio ES-063,ES,Espírito Santo,Sudeste,16645,1916.93,457755.64,27501.09
Municipio SP-521,SP,São Paulo,Sudeste,3107,1355.93,66851.48,21516.41
Municipio SC-244,SC,Santa Catarina,Sul,8116,2108.71,241033.47,29698.55
Municipio PE-061,PE,Pernambuco,Nordeste,19530,1274.14,369105.42,18899.41
Municipio RO-036,RO,Rondônia,Norte,6319,1084.37,77137.57,12207.24
Municipio SP-612,SP,São Paulo,Sudeste,57326,1075.74,1069374.3,18654.26
Municipio RS-135,RS,Rio Grande do Sul,Sul,34024,2317.21,1097443.68,32254.99
Municipio PR-390,PR,Paraná,Sul,9357,2265.85,364903.21,38997.89
Municipio MA-024,MA,Maranhão,Nordeste,5609,592.3,63352.54,11294.8
Municipio PI-160,PI,Piauí,Nordeste,3336,1319.78,69343.92,20786.55
Municipio MG-059,MG,Minas Gerais,Sudeste,63386,1149.81,1200546.66,18940.25
Municipio TO-109,TO,Tocantins,Norte,25489,1061.59,458182.37,17975.69
Municipio AP-013,AP,Amapá,Norte,22973,942.83,275939.88,12011.49
Municipio AM-007,AM,Amazonas,Norte,11352,597.12,112798.51,9936.44
Municipio MG-814,MG,Minas Gerais,Sudeste,10874,2069.87,298866.07,27484.46
Municipio MG-207,MG,Minas Gerais,Sudeste,35960,1766.55,1159855.96,32254.06
Municipio PB-118,PB,Paraíba,Nordeste,6847,1109.9,82973.08,12118.17
Municipio MG-249,MG,Minas Gerais,Sudeste,74227,1584.7,1582871.08,21324.73
Municipio MA-166,MA,Maranhão,Nordeste,7489,1122.65,131182.92,17516.75
Municipio MG-583,MG,Minas Gerais,Sudeste,52889,1474.25,1087155.77,20555.42
Municipio RS-490,RS,Rio Grande do Sul,Sul,16767,1441.84,407844.09,24324.21
Municipio PE-182,PE,Pernambuco,Nordeste,16537,807.96,220137.89,13311.84
Municipio MG-735,MG,Minas Gerais,Sudeste,45106,1179.81,889114.67,19711.67
Municipio RS-146,RS,Rio Grande do Sul,Sul,21931,2136.82,740168.68,33749.88
Municipio PR-146,PR,Paraná,Sul,18519,2517.15,668740.28,36111.04
Municipio PR-040,PR,Paraná,Sul,189022,2380.79,5127356.29,27125.71
Municipio PR-291,PR,Paraná,Sul,110976,1103.22,1502803.03,13541.69
Municipio SP-028,SP,São Paulo,Sudeste,193868,2089.83,6320722.37,32603.23
Municipio PB-151,PB,Paraíba,Nordeste,8007,757.86,71399.07,8917.08
Municipio PB-113,PB,Paraíba,Nordeste,41153,1303.09,882036.17,21433.1
Municipio MG-122,MG,Minas Gerais,Sudeste,8774,1732.94,250370.86,28535.54
Municipio GO-112,GO,Goiás,Centro-Oeste,79857,1384.56,1892356.42,23696.81
Municipio SP-131,SP,São Paulo,Sudeste,3557,2044.74,121118.96,34050.87
Municipio PB-061,PB,Paraíba,Nordeste,13336,743.42,138068.9,10353.1
Municipio AL-084,AL,Alagoas,Nordeste,46601,1232.27,856051.45,18369.81
Municipio SC-294,SC,Santa Catarina,Sul,3833,1581.49,107380.42,28014.72
Municipio BA-189,BA,Bahia,Nordeste,20931,1164.03,444578.13,21240.18
Municipio SE-021,SE,Sergipe,Nordeste,22601,1002.84,412880.17,18268.23
Municipio PR-216,PR,Paraná,Sul,3549,2425.5,96250.04,27120.33
Municipio MG-428,MG,Minas Gerais,Sudeste,7889,1165.37,104315.11,13222.86
Municipio BA-157,BA,Bahia,Nordeste,48589,798.91,444404.48,9146.2
Municipio CE-065,CE,Ceará,Nordeste,50671,936.79,871566.17,17200.49
Municipio SP-515,SP,São Paulo,Sudeste,55635,2314.32,2019938.73,36306.98
Municipio ES-056,ES,Espírito Santo,Sudeste,8656,2005.1,238186.69,27516.95
Municipio MA-022,MA,Maranhão,Nordeste,65235,864.98,942136.71,14442.2
Municipio RS-163,RS,Rio Grande do Sul,Sul,3860,2052.21,144123.74,37337.76
Municipio SP-059,SP,São Paulo,Sudeste,3759,1894.46,117840.63,31348.93
Municipio SE-063,SE,Sergipe,Nordeste,13831,688.15,153589.34,11104.72
Municipio MG-142,MG,Minas Gerais,Sudeste,18451,1225.46,262462.13,14224.82
Municipio RS-160,RS,Rio Grande do Sul,Sul,25256,2555.08,1124780.24,44535.17
Municipio BA-295,BA,Bahia,Nordeste,12084,600.07,136338.21,11282.54
Municipio GO-021,GO,Goiás,Centro-Oeste,31386,1123.92,466971.22,14878.33
Municipio GO-039,GO,Goiás,Centro-Oeste,38566,1104.9,472997.71,12264.63
Municipio AL-057,AL,Alagoas,Nordeste,5040,845.71,78864.64,15647.75
Municipio PR-147,PR,Paraná,Sul,37638,1259.99,673875.45,17904.12
Municipio PR-375,PR,Paraná,Sul,41475,1980.34,1348044.93,32502.59
Municipio TO-128,TO,Tocantins,Norte,11975,1201.33,202103.94,16877.16
Municipio MG-754,MG,Minas Gerais,Sudeste,39766,1298.42,861101.77,21654.22
Municipio PE-183,PE,Pernambuco,Nordeste,4728,570.7,37548.84,7941.8
Municipio RS-427,RS,Rio Grande do Sul,Sul,15643,1696.05,430350.13,27510.72
Municipio MS-017,MS,Mato Grosso do Sul,Centro-Oeste,12091,1288.15,171220.61,14161.0
Municipio BA-310,BA,Bahia,Nordeste,9220,1240.08,140089.81,15194.12
Municipio PR-066,PR,Paraná,Sul,14191,2157.2,389458.02,27444.02
Municipio RS-419,RS,Rio Grande do Sul,Sul,2666,2241.87,74883.53,28088.35
Municipio SP-241,SP,São Paulo,Sudeste,9150,1914.12,229944.7,25130.57
Municipio PR-248,PR,Paraná,Sul,2019,1891.59,43329.24,21460.74
Municipio BA-095,BA,Bahia,Nordeste,20577,1207.42,462435.51,22473.42
Municipio CE-114,CE,Ceará,Nordeste,6488,1233.23,92486.99,14255.08
Municipio SC-290,SC,Santa Catarina,Sul,1900,2364.96,64229.41,33804.95
Municipio MG-687,MG,Minas Gerais,Sudeste,2844,1501.34,51906.04,18251.07
Municipio RS-326,RS,Rio Grande do Sul,Sul,55169,1405.66,1453602.77,26348.18
Municipio PR-129,PR,Paraná,Sul,6701,1728.56,200290.41,29889.63
Municipio SP-608,SP,São Paulo,Sudeste,5744,1745.31,128278.67,22332.64
Municipio PB-217,PB,Paraíba,Nordeste,4207,1051.85,63156.88,15012.33
Municipio MT-072,MT,Mato Grosso,Centro-Oeste,3485,1003.23,55894.36,16038.55
Municipio AL-065,AL,Alagoas,Nordeste,30178,1002.99,453108.35,15014.53
Municipio SP-370,SP,São Paulo,Sudeste,45213,1634.55,907882.56,20080.12
Municipio RN-145,RN,Rio Grande do Norte,Nordeste,5876,943.88,67568.2,11499.01
Municipio MS-040,MS,Mato Grosso do Sul,Centro-Oeste,28810,1736.71,560062.24,19439.86
Municipio BA-225,BA,Bahia,Nordeste,2190,530.33,14639.99,6684.93
Municipio SP-547,SP,São Paulo,Sudeste,12430,2046.42,336898.7,27103.68
Municipio PR-168,PR,Paraná,Sul,11097,2123.32,368677.81,33223.2
Municipio PA-101,PA,Pará,Norte,123794,664.96,1175208.11,9493.26
Municipio PR-223,PR,Paraná,Sul,17990,2255.5,682657.72,37946.51
Municipio SP-452,SP,São Paulo,Sudeste,3541,1711.22,90046.8,25429.77
Municipio PI-120,PI,Piauí,Nordeste,11577,1097.29,222337.17,19205.08
Municipio MG-711,MG,Minas Gerais,Sudeste,21173,1150.44,355116.89,16772.16
Municipio MS-068,MS,Mato Grosso do Sul,Centro-Oeste,56932,1929.77,1909959.92,33548.09
Municipio SC-132,SC,Santa Catarina,Sul,1904,1909.39,43657.97,22929.61
Municipio BA-203,BA,Bahia,Nordeste,20414,759.09,193110.63,9459.72
Municipio SP-111,SP,São Paulo,Sudeste,11114,1826.35,331767.3,29851.3
Municipio TO-070,TO,Tocantins,Norte,835,789.28,12279.08,14705.49
Municipio TO-008,TO,Tocantins,Norte,1863,1303.52,43735.74,23475.97
Municipio MG-734,MG,Minas Gerais,Sudeste,14149,1951.36,450315.24,31826.65
Municipio PI-068,PI,Piauí,Nordeste,21578,1101.81,397050.92,18400.73
Municipio AL-063,AL,Alagoas,Nordeste,24613,1147.54,371198.52,15081.4
Municipio PR-313,PR,Paraná,Sul,5251,1146.19,96196.19,18319.59
Municipio GO-091,GO,Goiás,Centro-Oeste,18468,1175.4,327000.06,17706.31
Municipio SP-500,SP,São Paulo,Sudeste,1776,1786.53,47576.53,26788.59
Municipio BA-349,BA,Bahia,Nordeste,18780,1026.73,269418.77,14346.05
Municipio GO-166,GO,Goiás,Centro-Oeste,122676,2239.64,5209247.31,42463.46
Municipio RS-077,RS,Rio Grande do Sul,Sul,49440,1251.36,915347.0,18514.3
Municipio PB-219,PB,Paraíba,Nordeste,14613,1147.46,229362.59,15695.79
Municipio SP-392,SP,São Paulo,Sudeste,4838,2435.69,196896.99,40698.01
Municipio AM-012,AM,Amazonas,Norte,24913,1218.06,403044.89,16178.1
Municipio MG-644,MG,Minas Gerais,Sudeste,23947,1976.36,694282.69,28992.47
Municipio PR-328,PR,Paraná,Sul,54902,2359.59,1519937.93,27684.56
Municipio RS-144,RS,Rio Grande do Sul,Sul,780,1944.78,16559.95,21230.71
Municipio MG-442,MG,Minas Gerais,Sudeste,1615,1097.37,29750.85,18421.58
Municipio MG-060,MG,Minas Gerais,Sudeste,3042,2300.82,81876.61,26915.39
Municipio CE-003,CE,Ceará,Nordeste,15843,798.64,188940.96,11925.83
Municipio AM-046,AM,Amazonas,Norte,15685,1130.39,303549.62,19352.86
Municipio CE-130,CE,Ceará,Nordeste,18085,875.83,238326.71,13178.14
Municipio PR-161,PR,Paraná,Sul,11238,2354.4,418844.53,37270.38
Municipio SP-054,SP,São Paulo,Sudeste,1644,2165.98,49755.12,30264.67
Municipio MG-447,MG,Minas Gerais,Sudeste,4535,1167.24,76382.72,16842.94
Municipio GO-040,GO,Goiás,Centro-Oeste,2123,1246.97,33510.63,15784.56
Municipio RS-359,RS,Rio Grande do Sul,Sul,5088,2533.23,177906.74,34965.95
Municipio CE-002,CE,Ceará,Nordeste,2613,805.51,38053.95,14563.32
Municipio SP-072,SP,São Paulo,Sudeste,2453,1665.25,53878.51,21964.33
Municipio GO-175,GO,Goiás,Centro-Oeste,25146,2255.07,712630.35,28339.71
Municipio SP-388,SP,São Paulo,Sudeste,10609,1948.78,340539.06,32099.07
Municipio PR-253,PR,Paraná,Sul,32212,1466.82,877780.76,27250.12
Municipio PR-236,PR,Paraná,Sul,12534,1901.4,260136.14,20754.44
Municipio SC-220,SC,Santa Catarina,Sul,13891,1176.02,263937.2,19000.59
Municipio RS-421,RS,Rio Grande do Sul,Sul,61864,2284.69,2694978.08,43562.95
Municipio RN-051,RN,Rio Grande do Norte,Nordeste,16786,1069.57,289865.97,17268.32
Municipio SC-069,SC,Santa Catarina,Sul,3794,1294.73,69488.09,18315.26
Municipio GO-108,GO,Goiás,Centro-Oeste,26917,1075.47,498013.11,18501.81
Municipio SC-045,SC,Santa Catarina,Sul,38098,1348.88,670296.0,17593.99
Municipio RS-317,RS,Rio Grande do Sul,Sul,2776,2183.21,105362.34,37954.73
Municipio BA-145,BA,Bahia,Nordeste,12719,853.21,123931.19,9743.78
Municipio TO-083,TO,Tocantins,Norte,18925,877.49,201108.4,10626.6
Municipio ES-025,ES,Espírito Santo,Sudeste,9967,1587.71,197850.4,19850.55
Municipio PI-056,PI,Piauí,Nordeste,11828,655.59,89873.25,7598.35
Municipio MG-689,MG,Minas Gerais,Sudeste,20482,1188.16,446257.38,21787.78
Municipio ES-058,ES,Espírito Santo,Sudeste,3465,1103.16,66980.99,19330.73
Municipio SE-008,SE,Sergipe,Nordeste,9052,1297.28,224549.06,24806.57
Municipio MA-105,MA,Maranhão,Nordeste,11708,894.88,126358.42,10792.49
Municipio BA-164,BA,Bahia,Nordeste,56585,1204.03,1095790.62,19365.39
Municipio AM-016,AM,Amazonas,Norte,63566,1176.78,927977.3,14598.64
Municipio MG-366,MG,Minas Gerais,Sudeste,2574,1761.18,84438.39,32804.35
Municipio MG-178,MG,Minas Gerais,Sudeste,20659,1307.56,409439.31,19818.93
Municipio SC-180,SC,Santa Catarina,Sul,13322,2499.97,524003.44,39333.69
Municipio TO-080,TO,Tocantins,Norte,1809,1352.17,41091.38,22714.97
Municipio RS-223,RS,Rio Grande do Sul,Sul,3171,2483.43,93881.26,29606.2
Municipio RJ-064,RJ,Rio de Janeiro,Sudeste,16434,1318.47,376263.54,22895.43
Municipio MG-297,MG,Minas Gerais,Sudeste,16476,1154.36,285985.37,17357.69
Municipio MS-039,MS,Mato Grosso do Sul,Centro-Oeste,4125,1333.65,87030.47,21098.3
Municipio MG-477,MG,Minas Gerais,Sudeste,6465,1873.59,138462.71,21417.28
Municipio MG-455,MG,Minas Gerais,Sudeste,8305,1984.23,226557.64,27279.67
Municipio ES-020,ES,Espírito Santo,Sudeste,55847,1687.23,1092256.85,19558.02
Municipio RS-316,RS,Rio Grande do Sul,Sul,294504,1751.02,6939072.04,23561.89
Municipio GO-246,GO,Goiás,Centro-Oeste,17931,2299.16,617257.63,34424.05
Municipio MA-129,MA,Maranhão,Nordeste,9859,935.74,165604.16,16797.26
Municipio MG-418,MG,Minas Gerais,Sudeste,1858,1612.24,36208.94,19488.13
Municipio MG-289,MG,Minas Gerais,Sudeste,3201,1209.3,56767.01,17734.15
Municipio PI-175,PI,Piauí,Nordeste,20467,630.61,190125.85,9289.39
Municipio PA-114,PA,Pará,Norte,57462,805.39,530474.3,9231.74
Municipio TO-087,TO,Tocantins,Norte,82374,1131.53,1108161.53,13452.81
Municipio BA-039,BA,Bahia,Nordeste,188287,789.14,1870872.52,9936.28
Municipio SP-328,SP,São Paulo,Sudeste,5116,1383.29,79033.0,15448.2
Municipio SP-407,SP,São Paulo,Sudeste,51052,1240.41,720560.71,14114.25
Municipio RS-002,RS,Rio Grande do Sul,Sul,4002,1357.07,66612.83,16644.89
Municipio TO-086,TO,Tocantins,Norte,21089,915.5,308146.81,14611.73
Municipio SC-207,SC,Santa Catarina,Sul,69637,2356.17,2667669.03,38308.21
Municipio PE-104,PE,Pernambuco,Nordeste,65102,1005.02,863640.13,13265.95
Municipio MG-426,MG,Minas Gerais,Sudeste,5426,1603.89,108867.11,20063.97
Municipio MG-725,MG,Minas Gerais,Sudeste,3149,1335.83,66245.16,21036.89
Municipio ES-039,ES,Espírito Santo,Sudeste,2853,2116.39,88597.75,31054.24
Municipio MT-123,MT,Mato Grosso,Centro-Oeste,160423,2332.54,4848128.73,30220.91
Municipio ES-034,ES,Espírito Santo,Sudeste,21257,2340.98,627786.24,29533.15
Municipio SC-048,SC,Santa Catarina,Sul,3986,2380.05,139901.86,35098.31
Municipio SP-573,SP,São Paulo,Sudeste,3619,1640.96,92543.62,25571.6
Municipio SP-016,SP,São Paulo,Sudeste,4515,1961.92,160484.42,35544.72
Municipio PB-167,PB,Paraíba,Nordeste,17437,670.87,160427.73,9200.42
Municipio RO-039,RO,Rondônia,Norte,21515,707.53,172751.87,8029.37
Municipio PA-009,PA,Pará,Norte,10945,1207.88,238596.53,21799.59
Municipio SP-251,SP,São Paulo,Sudeste,21144,2439.68,929032.48,43938.35
Municipio MG-406,MG,Minas Gerais,Sudeste,23177,1157.11,311210.14,13427.54
Municipio MA-185,MA,Maranhão,Nordeste,10214,1085.84,133463.49,13066.72
Municipio RN-057,RN,Rio Grande do Norte,Nordeste,1850,1229.35,33582.64,18152.78
Municipio MA-215,MA,Maranhão,Nordeste,16921,1195.4,375035.24,22163.89
Municipio MT-092,MT,Mato Grosso,Centro-Oeste,25966,1323.97,522954.89,20139.99
Municipio RN-068,RN,Rio Grande do Norte,Nordeste,20034,1131.62,338866.29,16914.56
Municipio SP-191,SP,São Paulo,Sudeste,18931,1341.79,340070.69,17963.69
Municipio PR-089,PR,Paraná,Sul,6181,2205.4,240375.05,38889.35
Municipio MG-121,MG,Minas Gerais,Sudeste,12347,1194.45,196604.65,15923.27
Municipio BA-107,BA,Bahia,Nordeste,6968,852.97,105174.44,15093.92
Municipio RN-161,RN,Rio Grande do Norte,Nordeste,1487,779.94,13987.55,9406.56
Municipio SC-096,SC,Santa Catarina,Sul,17637,1093.93,216904.61,12298.27
Municipio CE-158,CE,Ceará,Nordeste,3638,656.55,28859.28,7932.73
Municipio MG-266,MG,Minas Gerais,Sudeste,3917,1534.04,79713.98,20350.77
Municipio TO-081,TO,Tocantins,Norte,2611,1409.39,49371.6,18909.08
Municipio GO-122,GO,Goiás,Centro-Oeste,5353,1809.33,139563.88,26072.09
Municipio MG-345,MG,Minas Gerais,Sudeste,38967,1176.09,858961.9,22043.32
Municipio PB-032,PB,Paraíba,Nordeste,17048,949.73,275062.03,16134.56
Municipio MT-122,MT,Mato Grosso,Centro-Oeste,104912,1487.39,2575272.54,24546.98
Municipio MT-056,MT,Mato Grosso,Centro-Oeste,1283,1881.41,40122.52,31272.42
Municipio CE-027,CE,Ceará,Nordeste,780,711.85,8029.19,10293.83
Municipio MS-015,MS,Mato Grosso do Sul,Centro-Oeste,8174,2026.48,297069.52,36343.22
Municipio MT-004,MT,Mato Grosso,Centro-Oeste,8718,1377.64,168339.09,19309.37
Municipio RN-147,RN,Rio Grande do Norte,Nordeste,29145,692.36,339238.8,11639.69
Municipio GO-003,GO,Goiás,Centro-Oeste,85891,1608.81,1780896.08,20734.37
Municipio BA-004,BA,Bahia,Nordeste,7000,1070.02,98565.15,14080.74
Municipio PR-345,PR,Paraná,Sul,4323,2160.81,163333.38,37782.41
Municipio TO-040,TO,Tocantins,Norte,11928,1121.49,181177.17,15189.23
Municipio PR-364,PR,Paraná,Sul,6039,1667.98,161169.32,26688.08
Municipio PR-341,PR,Paraná,Sul,3399,2025.96,79753.08,23463.69
Municipio MG-011,MG,Minas Gerais,Sudeste,36122,1699.29,1027113.76,28434.58
Municipio CE-179,CE,Ceará,Nordeste,14718,766.77,168675.17,11460.47
Municipio RS-461,RS,Rio Grande do Sul,Sul,11242,1792.27,308692.63,27458.87
Municipio MA-100,MA,Maranhão,Nordeste,3568,646.94,28682.85,8038.92
Municipio PE-137,PE,Pernambuco,Nordeste,7307,1233.05,109725.41,15016.48
Municipio PR-336,PR,Paraná,Sul,16912,1277.77,376871.55,22284.27
Municipio RS-393,RS,Rio Grande do Sul,Sul,30463,1504.93,750637.51,24640.96
Municipio PE-145,PE,Pernambuco,Nordeste,14885,821.31,182024.72,12228.73
Municipio SE-046,SE,Sergipe,Nordeste,1491,903.76,15813.63,10606.06
Municipio MG-352,MG,Minas Gerais,Sudeste,9647,2443.56,315120.27,32665.11
Municipio PB-168,PB,Paraíba,Nordeste,34119,1294.13,602872.68,17669.71
Municipio RS-007,RS,Rio Grande do Sul,Sul,17222,2343.71,693872.46,40289.89
Municipio SC-265,SC,Santa Catarina,Sul,13161,1634.62,412815.16,31366.55
Municipio MG-740,MG,Minas Gerais,Sudeste,12764,1332.72,292290.05,22899.57
Municipio GO-140,GO,Goiás,Centro-Oeste,24418,1388.62,426147.73,17452.2
Municipio SC-202,SC,Santa Catarina,Sul,2604,1400.66,69867.72,26830.92
Municipio MT-111,MT,Mato Grosso,Centro-Oeste,48903,1072.67,593714.52,12140.66
Municipio PE-064,PE,Pernambuco,Nordeste,4693,609.05,43290.05,9224.39
Municipio BA-235,BA,Bahia,Nordeste,41373,1234.89,637742.61,15414.46
Municipio TO-095,TO,Tocantins,Norte,8449,1264.61,155176.84,18366.3
Municipio SC-194,SC,Santa Catarina,Sul,7900,1473.91,217315.12,27508.24
Municipio PI-078,PI,Piauí,Nordeste,10466,853.51,118624.5,11334.27
Municipio RS-167,RS,Rio Grande do Sul,Sul,26872,1762.93,593015.51,22068.16
Municipio SP-061,SP,São Paulo,Sudeste,7157,2201.18,293136.9,40958.07
Municipio RS-331,RS,Rio Grande do Sul,Sul,207520,2372.69,5339057.01,25727.92
Municipio SP-144,SP,São Paulo,Sudeste,49889,2376.65,1449711.71,29058.74
Municipio SP-150,SP,São Paulo,Sudeste,39576,2110.64,1534759.92,38780.07
Municipio SP-503,SP,São Paulo,Sudeste,4523,1369.3,117120.31,25894.39
Municipio MG-542,MG,Minas Gerais,Sudeste,30012,1832.23,594208.34,19799.03
Municipio CE-180,CE,Ceará,Nordeste,7410,784.55,103256.02,13934.69
Municipio SP-616,SP,São Paulo,Sudeste,780,1822.18,26887.82,34471.56
Municipio SP-400,SP,São Paulo,Sudeste,14279,2405.73,420035.96,29416.34
Municipio AL-016,AL,Alagoas,Nordeste,4750,556.31,39102.68,8232.14
Municipio RS-083,RS,Rio Grande do Sul,Sul,5360,1351.45,118503.37,22108.84
Municipio RS-354,RS,Rio Grande do Sul,Sul,22162,2338.28,884392.59,39905.81
Municipio SE-066,SE,Sergipe,Nordeste,1003,1177.75,14143.48,14101.18
Municipio SC-191,SC,Santa Catarina,Sul,13914,1239.64,226001.07,16242.71
Municipio PI-028,PI,Piauí,Nordeste,5995,953.58,98255.54,16389.58
Municipio PR-086,PR,Paraná,Sul,75575,1247.68,1396503.44,18478.38
Municipio BA-263,BA,Bahia,Nordeste,17468,1129.6,316868.0,18139.91
Municipio SP-498,SP,São Paulo,Sudeste,3078,1377.13,60260.57,19577.83
Municipio SP-356,SP,São Paulo,Sudeste,41054,2171.42,1606446.15,39130.08
Municipio SC-106,SC,Santa Catarina,Sul,15510,1263.89,290868.29,18753.6
Municipio RS-325,RS,Rio Grande do Sul,Sul,3541,1269.6,73064.87,20633.96
Municipio MT-141,MT,Mato Grosso,Centro-Oeste,20555,1123.02,398222.5,19373.51
Municipio SC-235,SC,Santa Catarina,Sul,9948,1917.95,213858.22,21497.61
Municipio PB-033,PB,Paraíba,Nordeste,20891,750.6,242049.32,11586.3
Municipio SP-637,SP,São Paulo,Sudeste,4042,1265.31,74540.62,18441.52
Municipio PR-304,PR,Paraná,Sul,780,2520.56,28300.65,36282.88
Municipio PI-090,PI,Piauí,Nordeste,16606,1125.8,281286.37,16938.84
Municipio TO-010,TO,Tocantins,Norte,10791,1124.32,186041.16,17240.4
Municipio SP-614,SP,São Paulo,Sudeste,65740,1524.46,1232310.67,18745.22
Municipio SP-252,SP,São Paulo,Sudeste,4141,2281.02,136665.1,33002.92
Municipio BA-307,BA,Bahia,Nordeste,10487,1294.42,166028.04,15831.8
Municipio MT-138,MT,Mato Grosso,Centro-Oeste,6037,1083.21,105017.47,17395.64
Municipio MA-092,MA,Maranhão,Nordeste,19530,1195.99,331669.09,16982.54
Municipio TO-113,TO,Tocantins,Norte,4504,1090.0,91004.01,20205.15
Municipio AP-003,AP,Amapá,Norte,4904,1196.84,104537.11,21316.7
Municipio MG-092,MG,Minas Gerais,Sudeste,53102,1827.54,1154870.87,21748.16
Municipio GO-196,GO,Goiás,Centro-Oeste,2163,2046.49,48554.34,22447.68
Municipio RS-292,RS,Rio Grande do Sul,Sul,47000,1636.01,896250.84,19069.17
Municipio PE-131,PE,Pernambuco,Nordeste,57003,839.87,521973.32,9156.94
Municipio BA-379,BA,Bahia,Nordeste,11474,749.57,115781.61,10090.78
Municipio RS-037,RS,Rio Grande do Sul,Sul,31858,1463.83,512038.16,16072.51
Municipio MG-047,MG,Minas Gerais,Sudeste,74435,1743.32,1757604.93,23612.61
Municipio CE-126,CE,Ceará,Nordeste,51401,1092.97,1044934.46,20329.07
Municipio PA-050,PA,Pará,Norte,19603,665.42,160982.5,8212.14
Municipio GO-156,GO,Goiás,Centro-Oeste,4777,1169.52,83143.84,17405.03
Municipio MG-433,MG,Minas Gerais,Sudeste,1010,2114.7,25661.97,25407.89
Municipio RS-081,RS,Rio Grande do Sul,Sul,27155,1141.61,412242.57,15181.09
Municipio BA-190,BA,Bahia,Nordeste,5621,814.54,82821.89,14734.37
Municipio BA-094,BA,Bahia,Nordeste,55677,726.52,654725.6,11759.35
Municipio MT-032,MT,Mato Grosso,Centro-Oeste,188348,965.34,3204578.98,17014.14
Municipio GO-137,GO,Goiás,Centro-Oeste,4987,2154.26,128258.26,25718.52
Municipio SP-001,SP,São Paulo,Sudeste,2485,1791.98,49368.77,19866.71
Municipio MT-107,MT,Mato Grosso,Centro-Oeste,4024,1446.37,93732.04,23293.25
Municipio SP-415,SP,São Paulo,Sudeste,25641,1495.11,543796.42,21208.08
Municipio GO-176,GO,Goiás,Centro-Oeste,2857,2150.85,95072.27,33276.96
Municipio MG-169,MG,Minas Gerais,Sudeste,14461,1954.26,500174.11,34587.8
Municipio AM-050,AM,Amazonas,Norte,6467,900.12,90837.2,14046.27
Municipio PE-140,PE,Pernambuco,Nordeste,32687,691.56,352630.08,10788.08
Municipio TO-066,TO,Tocantins,Norte,47811,916.28,560163.09,11716.2
Municipio MT-010,MT,Mato Grosso,Centro-Oeste,25089,1421.57,432503.38,17238.77
Municipio PE-107,PE,Pernambuco,Nordeste,7767,942.73,82386.27,10607.22
Municipio MG-802,MG,Minas Gerais,Sudeste,5468,2181.6,218442.33,39949.22
Municipio PI-017,PI,Piauí,Nordeste,2773,1233.15,61999.03,22358.11
Municipio BA-399,BA,Bahia,Nordeste,4716,1164.53,91813.96,19468.61
Municipio RS-457,RS,Rio Grande do Sul,Sul,8401,2259.23,293220.3,34903.02
Municipio BA-102,BA,Bahia,Nordeste,19411,904.87,218084.57,11235.1
Municipio TO-107,TO,Tocantins,Norte,17659,740.46,233641.13,13230.71
Municipio BA-334,BA,Bahia,Nordeste,8448,867.51,119100.42,14098.06
Municipio SP-596,SP,São Paulo,Sudeste,16694,1002.6,239130.79,14324.36
Municipio PI-209,PI,Piauí,Nordeste,938,676.79,8143.74,8682.03
Municipio RS-066,RS,Rio Grande do Sul,Sul,17573,1174.51,327035.09,18610.09
Municipio MG-601,MG,Minas Gerais,Sudeste,3209,2036.01,107023.56,33351.06
Municipio SE-044,SE,Sergipe,Nordeste,10197,1046.02,165577.26,16237.84
Municipio MG-412,MG,Minas Gerais,Sudeste,31348,2408.11,1407946.11,44913.43
Municipio BA-227,BA,Bahia,Nordeste,5416,937.38,97421.31,17987.69
Municipio CE-122,CE,Ceará,Nordeste,34371,633.39,251856.47,7327.59
Municipio SP-066,SP,São Paulo,Sudeste,26371,1751.98,610269.85,23141.7
Municipio AM-031,AM,Amazonas,Norte,3335,1079.58,51398.34,15411.8
Municipio TO-007,TO,Tocantins,Norte,22084,942.71,239797.57,10858.43
Municipio SP-045,SP,São Paulo,Sudeste,7384,2019.65,169060.92,22895.57
Municipio CE-026,CE,Ceará,Nordeste,19628,538.03,176650.07,8999.9
Municipio AM-003,AM,Amazonas,Norte,16358,896.57,190776.8,11662.6
Municipio BA-115,BA,Bahia,Nordeste,13107,661.7,160978.5,12281.87
Municipio GO-119,GO,Goiás,Centro-Oeste,12393,1001.42,165660.0,13367.22
Municipio MT-069,MT,Mato Grosso,Centro-Oeste,13356,1717.46,279927.36,20958.92
Municipio MG-046,MG,Minas Gerais,Sudeste,136572,2396.38,5737695.67,42012.24
Municipio MG-378,MG,Minas Gerais,Sudeste,5547,1886.26,155298.38,27996.82
Municipio MS-057,MS,Mato Grosso do Sul,Centro-Oeste,123211,2325.76,4257778.53,34556.81
Municipio RS-096,RS,Rio Grande do Sul,Sul,42300,1641.6,1215852.51,28743.56
Municipio SC-274,SC,Santa Catarina,Sul,17017,1760.9,392698.89,23076.86
Municipio BA-296,BA,Bahia,Nordeste,11360,1057.07,192443.46,16940.45
Municipio SC-183,SC,Santa Catarina,Sul,126160,1571.8,3499797.22,27740.94
Municipio RN-062,RN,Rio Grande do Norte,Nordeste,4991,1255.02,102503.11,20537.59
Municipio BA-184,BA,Bahia,Nordeste,2470,1184.87,47696.46,19310.31
Municipio SC-203,SC,Santa Catarina,Sul,3624,1268.2,71115.46,19623.47
Municipio BA-242,BA,Bahia,Nordeste,1523,733.89,12509.26,8213.57
Municipio RS-406,RS,Rio Grande do Sul,Sul,5231,1181.35,96318.0,18412.92
Municipio TO-136,TO,Tocantins,Norte,5884,1143.92,115648.03,19654.66
Municipio PR-176,PR,Paraná,Sul,94772,1146.99,1939333.95,20463.15
Municipio MG-359,MG,Minas Gerais,Sudeste,27266,1671.79,807395.63,29611.81
Municipio RS-059,RS,Rio Grande do Sul,Sul,7904,2163.51,209794.71,26542.85
Municipio CE-033,CE,Ceará,Nordeste,1788,631.94,20424.44,11423.06
Municipio SP-323,SP,São Paulo,Sudeste,3108,1751.9,70420.03,22657.67
Municipio PI-027,PI,Piauí,Nordeste,8652,562.49,67334.39,7782.52
Municipio BA-341,BA,Bahia,Nordeste,19043,737.29,267484.72,14046.35
Municipio PI-199,PI,Piauí,Nordeste,4905,643.99,48667.09,9921.93
Municipio TO-125,TO,Tocantins,Norte,22003,731.73,229311.23,10421.82
Municipio MG-508,MG,Minas Gerais,Sudeste,9314,1679.79,187352.76,20115.18
Municipio PE-170,PE,Pernambuco,Nordeste,8105,929.29,119351.18,14725.62
Municipio SP-181,SP,São Paulo,Sudeste,4784,2366.85,139552.29,29170.63
Municipio MG-761,MG,Minas Gerais,Sudeste,44593,1395.56,779764.27,17486.25
Municipio SC-030,SC,Santa Catarina,Sul,31560,1842.1,954163.46,30233.32
Municipio RN-139,RN,Rio Grande do Norte,Nordeste,63650,600.43,493550.28,7754.13
Municipio RS-345,RS,Rio Grande do Sul,Sul,3962,1548.41,87617.21,22114.39
Municipio GO-019,GO,Goiás,Centro-Oeste,31899,1281.26,466906.93,14637.04
Municipio SE-055,SE,Sergipe,Nordeste,74431,893.32,1260993.81,16941.78
Municipio SE-002,SE,Sergipe,Nordeste,6777,1079.43,111860.57,16505.91
Municipio BA-002,BA,Bahia,Nordeste,16436,1014.45,268833.57,16356.39
Municipio MT-096,MT,Mato Grosso,Centro-Oeste,11098,1008.27,213998.91,19282.66
Municipio PA-137,PA,Pará,Norte,9151,1300.5,220930.48,24142.77
Municipio MT-140,MT,Mato Grosso,Centro-Oeste,3460,2092.61,133676.61,38634.86
Municipio AL-002,AL,Alagoas,Nordeste,12271,1233.96,232973.24,18985.68
Municipio RJ-010,RJ,Rio de Janeiro,Sudeste,88813,1988.79,2049891.89,23080.99
Municipio RS-152,RS,Rio Grande do Sul,Sul,20985,2443.33,671014.49,31975.91
Municipio RS-014,RS,Rio Grande do Sul,Sul,2363,1861.09,69969.57,29610.48
Municipio SP-273,SP,São Paulo,Sudeste,10382,2391.69,288685.33,27806.33
Municipio PB-218,PB,Paraíba,Nordeste,8797,1288.4,207370.33,23572.85
Municipio RJ-055,RJ,Rio de Janeiro,Sudeste,13658,2199.48,513112.39,37568.63
Municipio GO-005,GO,Goiás,Centro-Oeste,3384,2141.58,111709.35,33011.04
Municipio GO-207,GO,Goiás,Centro-Oeste,15321,1398.16,283414.39,18498.43
Municipio PE-165,PE,Pernambuco,Nordeste,5341,1105.08,77168.0,14448.23
Municipio MT-097,MT,Mato Grosso,Centro-Oeste,13251,1312.05,237875.11,17951.48
Municipio BA-324,BA,Bahia,Nordeste,20347,1246.17,385967.99,18969.28
Municipio SP-377,SP,São Paulo,Sudeste,16669,1400.71,260109.83,15604.41
Municipio MT-131,MT,Mato Grosso,Centro-Oeste,21455,2261.99,767824.75,35787.68
Municipio MG-277,MG,Minas Gerais,Sudeste,29176,1696.15,673857.7,23096.3
Municipio MA-153,MA,Maranhão,Nordeste,4623,1275.35,112328.65,24297.78
Municipio PB-059,PB,Paraíba,Nordeste,1533,999.75,20303.73,13244.44
Municipio SP-315,SP,São Paulo,Sudeste,9674,1370.32,217811.84,22515.18
Municipio PA-038,PA,Pará,Norte,3618,1248.71,79404.73,21947.13
Municipio MA-138,MA,Maranhão,Nordeste,26722,900.53,384843.97,14401.77
Municipio SP-073,SP,São Paulo,Sudeste,15094,1518.39,342397.48,22684.34
Municipio SP-337,SP,São Paulo,Sudeste,7544,2083.62,185499.34,24588.99
Municipio SC-024,SC,Santa Catarina,Sul,229188,2061.6,5121322.59,22345.51
Municipio MG-643,MG,Minas Gerais,Sudeste,27727,2367.99,898703.46,32412.57
Municipio MG-045,MG,Minas Gerais,Sudeste,4246,1653.59,128854.01,30347.15
Municipio SP-405,SP,São Paulo,Sudeste,37265,1924.41,1288412.41,34574.33
Municipio PB-165,PB,Paraíba,Nordeste,8890,846.41,100710.12,11328.47
Municipio TO-027,TO,Tocantins,Norte,780,871.17,10976.83,14072.86
Municipio MG-257,MG,Minas Gerais,Sudeste,28405,1294.85,398949.04,14045.03
Municipio PE-120,PE,Pernambuco,Nordeste,3157,902.47,45449.25,14396.34
Municipio RJ-090,RJ,Rio de Janeiro,Sudeste,18686,1791.8,601617.61,32196.17
Municipio CE-083,CE,Ceará,Nordeste,6304,851.85,60787.77,9642.73
Municipio RS-449,RS,Rio Grande do Sul,Sul,23919,2037.12,649204.02,27141.77
Municipio MG-043,MG,Minas Gerais,Sudeste,7541,1520.59,151547.93,20096.53
Municipio SP-560,SP,São Paulo,Sudeste,3124,1447.75,69625.36,22287.25
Municipio MG-572,MG,Minas Gerais,Sudeste,11905,2229.84,356389.19,29936.09
Municipio MS-023,MS,Mato Grosso do Sul,Centro-Oeste,9204,1717.5,242944.21,26395.5
Municipio PB-064,PB,Paraíba,Nordeste,9719,1302.98,188227.18,19366.93
Municipio MG-134,MG,Minas Gerais,Sudeste,5124,1872.14,146048.96,28502.92
Municipio RS-171,RS,Rio Grande do Sul,Sul,19568,2128.58,595861.66,30450.82
Municipio AC-015,AC,Acre,Norte,4653,795.7,53546.01,11507.85
Municipio PI-058,PI,Piauí,Nordeste,826,1171.26,16635.07,20139.31
Municipio RS-332,RS,Rio Grande do Sul,Sul,34480,2075.88,1041879.51,30216.92
Municipio CE-169,CE,Ceará,Nordeste,26801,1019.12,440202.96,16424.87
Municipio PB-114,PB,Paraíba,Nordeste,90008,824.97,1040673.39,11562.01
Municipio MG-777,MG,Minas Gerais,Sudeste,2369,2076.09,56785.56,23970.27
Municipio MG-497,MG,Minas Gerais,Sudeste,3772,1512.27,78327.3,20765.46
Municipio SC-185,SC,Santa Catarina,Sul,4366,2185.67,126883.35,29061.69
Municipio BA-366,BA,Bahia,Nordeste,69763,1044.34,1043898.9,14963.5
Municipio CE-077,CE,Ceará,Nordeste,32182,854.71,482209.67,14983.83
Municipio BA-374,BA,Bahia,Nordeste,138608,1020.4,1855017.11,13383.19
Municipio SP-239,SP,São Paulo,Sudeste,3742,2178.67,136479.1,36472.23
Municipio RJ-070,RJ,Rio de Janeiro,Sudeste,5023,1579.82,144604.38,28788.45
Municipio MA-148,MA,Maranhão,Nordeste,11505,1173.88,205269.45,17841.76
Municipio AC-010,AC,Acre,Norte,15892,1422.61,282736.58,17791.13
Municipio MG-271,MG,Minas Gerais,Sudeste,26112,2234.04,695094.06,26619.72
Municipio BA-161,BA,Bahia,Nordeste,9175,1121.94,137022.39,14934.32
Municipio MG-463,MG,Minas Gerais,Sudeste,22152,1509.69,496391.07,22408.41
Municipio SP-510,SP,São Paulo,Sudeste,47913,1734.46,1339239.71,27951.49
Municipio GO-088,GO,Goiás,Centro-Oeste,3715,1422.48,66841.29,17992.27
Municipio SP-145,SP,São Paulo,Sudeste,6199,1474.12,151477.12,24435.73
Municipio SP-067,SP,São Paulo,Sudeste,8315,2291.75,351855.4,42315.74
Municipio SC-184,SC,Santa Catarina,Sul,5614,1521.06,129203.93,23014.59
Municipio AM-037,AM,Amazonas,Norte,120759,1200.53,2345767.0,19425.19
Municipio RS-140,RS,Rio Grande do Sul,Sul,10262,1370.19,198444.73,19337.82
Municipio SP-002,SP,São Paulo,Sudeste,14513,1510.75,368536.81,25393.57
Municipio ES-046,ES,Espírito Santo,Sudeste,2594,2026.27,82032.41,31623.91
Municipio GO-170,GO,Goiás,Centro-Oeste,2579,2011.25,98456.93,38176.4
Municipio MG-250,MG,Minas Gerais,Sudeste,1607,1671.9,46166.11,28728.13
Municipio AP-011,AP,Amapá,Norte,1427,616.56,9695.96,6794.65
Municipio GO-181,GO,Goiás,Centro-Oeste,11344,2102.27,438157.27,38624.58
Municipio MG-835,MG,Minas Gerais,Sudeste,46255,1613.9,1022511.23,22105.96
Municipio MG-364,MG,Minas Gerais,Sudeste,6243,2232.17,163779.28,26234.07
Municipio RS-362,RS,Rio Grande do Sul,Sul,16958,1081.62,281647.81,16608.55
Municipio MG-684,MG,Minas Gerais,Sudeste,31410,1098.62,377119.05,12006.34
Municipio SP-347,SP,São Paulo,Sudeste,4709,1566.93,98356.22,20886.86
Municipio PB-136,PB,Paraíba,Nordeste,5872,885.61,93596.02,15939.38
Municipio MT-009,MT,Mato Grosso,Centro-Oeste,10590,1951.47,338338.36,31948.85
Municipio GO-173,GO,Goiás,Centro-Oeste,20741,1342.45,356266.29,17176.91
Municipio MG-631,MG,Minas Gerais,Sudeste,17799,1532.6,471304.99,26479.3
Municipio GO-203,GO,Goiás,Centro-Oeste,36247,1423.06,939401.49,25916.67
Municipio RS-091,RS,Rio Grande do Sul,Sul,27415,1113.6,472828.62,17247.08
Municipio BA-103,BA,Bahia,Nordeste,13995,815.01,175104.79,12511.95
Municipio RS-399,RS,Rio Grande do Sul,Sul,8572,1989.39,255849.58,29847.13
Municipio AC-019,AC,Acre,Norte,78419,1378.99,1743286.04,22230.4
Municipio MG-471,MG,Minas Gerais,Sudeste,12505,2238.81,423018.83,33827.98
Municipio PI-161,PI,Piauí,Nordeste,2628,565.14,19804.58,7535.99
Municipio RN-087,RN,Rio Grande do Norte,Nordeste,121419,927.63,1612733.75,13282.38
Municipio SC-051,SC,Santa Catarina,Sul,35930,1512.97,842849.41,23458.1
Municipio MG-845,MG,Minas Gerais,Sudeste,35053,2356.8,1188292.44,33899.88
Municipio RS-334,RS,Rio Grande do Sul,Sul,17999,1280.56,296684.45,16483.39
Municipio TO-025,TO,Tocantins,Norte,19415,648.7,203114.75,10461.74
Municipio SC-276,SC,Santa Catarina,Sul,2137,1798.5,48678.98,22779.12
Municipio GO-216,GO,Goiás,Centro-Oeste,2331,2001.79,75239.23,32277.66
Municipio RO-052,RO,Rondônia,Norte,5699,1051.09,99198.86,17406.36
Municipio PA-099,PA,Pará,Norte,1675,1110.61,34401.04,20537.93
Municipio MG-064,MG,Minas Gerais,Sudeste,13968,2308.94,569814.32,40794.27
Municipio AM-032,AM,Amazonas,Norte,18938,679.92,246696.6,13026.54
Municipio RS-203,RS,Rio Grande do Sul,Sul,3105,1881.35,78191.17,25182.34
Municipio PR-101,PR,Paraná,Sul,3570,2186.76,88777.9,24867.76
Municipio RS-128,RS,Rio Grande do Sul,Sul,7261,2538.21,268447.8,36971.19
Municipio SP-098,SP,São Paulo,Sudeste,18127,1003.1,311157.59,17165.42
Municipio PR-211,PR,Paraná,Sul,26140,1757.62,545687.4,20875.57
Municipio PR-264,PR,Paraná,Sul,1685,1441.92,28000.73,16617.64
Municipio SP-525,SP,São Paulo,Sudeste,2765,2367.5,115037.39,41604.84
Municipio MA-200,MA,Maranhão,Nordeste,12494,735.72,174392.88,13958.13
Municipio MG-787,MG,Minas Gerais,Sudeste,21180,2347.47,771243.46,36413.76
Municipio MS-005,MS,Mato Grosso do Sul,Centro-Oeste,780,944.82,8034.62,10300.79
Municipio PR-012,PR,Paraná,Sul,24219,2234.56,920956.13,38026.18
Municipio PR-112,PR,Paraná,Sul,21581,2423.76,720851.81,33402.15
Municipio SP-004,SP,São Paulo,Sudeste,3109,1551.03,73138.28,23524.7
Municipio MG-629,MG,Minas Gerais,Sudeste,10206,2441.47,313674.5,30734.32
Municipio MA-141,MA,Maranhão,Nordeste,3343,1261.53,75245.51,22508.38
Municipio BA-023,BA,Bahia,Nordeste,11048,1011.29,192401.94,17415.09
Municipio PB-130,PB,Paraíba,Nordeste,1006,1290.99,23016.35,22879.08
Municipio PR-158,PR,Paraná,Sul,22466,1601.06,521110.97,23195.54
Municipio SP-027,SP,São Paulo,Sudeste,29541,1289.48,575298.02,19474.56
Municipio SP-398,SP,São Paulo,Sudeste,20951,1746.75,514352.11,24550.24
Municipio AM-001,AM,Amazonas,Norte,12799,1237.8,227149.1,17747.41
Municipio MG-146,MG,Minas Gerais,Sudeste,30181,1078.68,456261.79,15117.52
Municipio SC-140,SC,Santa Catarina,Sul,17335,2147.56,553596.71,31935.2
Municipio MG-488,MG,Minas Gerais,Sudeste,30954,1623.22,725277.5,23430.82
Municipio PR-177,PR,Paraná,Sul,60076,1188.66,1354663.85,22549.17
Municipio PR-093,PR,Paraná,Sul,7005,1619.89,165158.49,23577.23
Municipio PI-205,PI,Piauí,Nordeste,36988,721.96,400328.43,10823.2
Municipio AC-021,AC,Acre,Norte,22415,709.81,185771.28,8287.81
Municipio MG-184,MG,Minas Gerais,Sudeste,15361,2238.43,506482.54,32971.98
Municipio SE-011,SE,Sergipe,Nordeste,19502,821.08,232613.48,11927.67
Municipio PB-169,PB,Paraíba,Nordeste,64130,751.08,860978.95,13425.53
Municipio RO-048,RO,Rondônia,Norte,99773,1011.13,1924494.35,19288.73
Municipio PR-306,PR,Paraná,Sul,108686,1509.17,2796689.06,25731.82
Municipio CE-137,CE,Ceará,Nordeste,2479,646.38,20792.86,8387.6
Municipio BA-132,BA,Bahia,Nordeste,4159,1244.35,61592.26,14809.39
Municipio BA-041,BA,Bahia,Nordeste,33959,1053.41,580421.94,17091.84
Municipio PI-122,PI,Piauí,Nordeste,5201,595.84,36322.06,6983.67
Municipio SP-113,SP,São Paulo,Sudeste,12459,2345.49,546518.22,43865.34
Municipio RS-464,RS,Rio Grande do Sul,Sul,10973,2005.93,342723.67,31233.36
Municipio MG-423,MG,Minas Gerais,Sudeste,15591,1876.37,501053.97,32137.39
Municipio MA-119,MA,Maranhão,Nordeste,4680,934.76,77126.09,16479.93
Municipio RS-442,RS,Rio Grande do Sul,Sul,131476,2467.73,4770151.37,36281.54
Municipio BA-322,BA,Bahia,Nordeste,10368,1078.88,123249.42,11887.48
Municipio GO-120,GO,Goiás,Centro-Oeste,2864,1930.31,86335.57,30145.1
Municipio PI-218,PI,Piauí,Nordeste,9957,604.15,66254.95,6654.11
Municipio MG-416,MG,Minas Gerais,Sudeste,5116,2430.58,164685.65,32190.31
Municipio SP-060,SP,São Paulo,Sudeste,10690,1795.61,240425.56,22490.7
Municipio SC-176,SC,Santa Catarina,Sul,44376,1227.04,901196.57,20308.2
Municipio MA-165,MA,Maranhão,Nordeste,47492,1060.41,804721.18,16944.35
Municipio GO-032,GO,Goiás,Centro-Oeste,2960,1719.91,55141.99,18629.05
Municipio BA-073,BA,Bahia,Nordeste,10800,897.93,166991.01,15462.13
Municipio MT-015,MT,Mato Grosso,Centro-Oeste,15421,2029.6,553143.47,35869.49
Municipio PI-021,PI,Piauí,Nordeste,12362,768.26,173243.01,14014.16
Municipio SP-245,SP,São Paulo,Sudeste,30015,2407.52,946802.95,31544.33
Municipio SP-432,SP,São Paulo,Sudeste,4100,2379.14,140955.33,34379.35
Municipio PB-023,PB,Paraíba,Nordeste,23692,1133.62,501929.73,21185.62
Municipio GO-035,GO,Goiás,Centro-Oeste,115027,2010.71,2789115.44,24247.48
Municipio MG-594,MG,Minas Gerais,Sudeste,1062,1425.94,19603.86,18459.38
Municipio MG-769,MG,Minas Gerais,Sudeste,5530,1641.68,157310.62,28446.77
Municipio MG-813,MG,Minas Gerais,Sudeste,44577,1738.66,1127505.33,25293.43
Municipio PR-314,PR,Paraná,Sul,4839,1512.46,110193.79,22772.02
Municipio RN-156,RN,Rio Grande do Norte,Nordeste,5738,1088.2,102032.91,17781.96
Municipio SP-534,SP,São Paulo,Sudeste,4164,1558.54,83630.35,20084.14
Municipio ES-061,ES,Espírito Santo,Sudeste,19795,1610.43,368002.89,18590.7
Municipio MG-319,MG,Minas Gerais,Sudeste,6192,1846.12,180809.23,29200.46
Municipio RR-010,RR,Roraima,Norte,34200,1300.22,633672.9,18528.45
Municipio MA-176,MA,Maranhão,Nordeste,20763,576.42,164142.15,7905.51
Municipio SP-308,SP,São Paulo,Sudeste,69715,1959.52,1912501.63,27433.14
Municipio MS-077,MS,Mato Grosso do Sul,Centro-Oeste,75409,1331.97,1602448.75,21250.1
Municipio MG-371,MG,Minas Gerais,Sudeste,17285,2058.15,675449.75,39077.22
Municipio SC-182,SC,Santa Catarina,Sul,40607,1304.58,639017.63,15736.64
Municipio PR-194,PR,Paraná,Sul,43284,2192.56,1568988.8,36248.7
Municipio MA-017,MA,Maranhão,Nordeste,11917,768.67,167380.7,14045.54
Municipio PB-096,PB,Paraíba,Nordeste,15467,1064.58,314448.5,20330.28
Municipio RJ-021,RJ,Rio de Janeiro,Sudeste,6870,1191.82,142052.54,20677.23
Municipio MG-168,MG,Minas Gerais,Sudeste,8735,1355.91,223019.84,25531.75
Municipio RN-031,RN,Rio Grande do Norte,Nordeste,4747,724.41,61510.48,12957.76
Municipio TO-071,TO,Tocantins,Norte,35227,926.3,539074.49,15302.88
Municipio MG-243,MG,Minas Gerais,Sudeste,8866,1462.9,172224.26,19425.25
Municipio GO-160,GO,Goiás,Centro-Oeste,2008,1097.5,23959.49,11932.02
Municipio PB-010,PB,Paraíba,Nordeste,1782,590.94,15667.27,8791.96
Municipio SC-092,SC,Santa Catarina,Sul,25812,2038.47,756355.62,29302.48
Municipio RS-389,RS,Rio Grande do Sul,Sul,1516,2080.31,35372.72,23332.93
Municipio PI-223,PI,Piauí,Nordeste,46691,902.6,597800.69,12803.34
Municipio AL-094,AL,Alagoas,Nordeste,1697,868.22,24189.05,14254.01
Municipio MG-489,MG,Minas Gerais,Sudeste,13965,1341.55,285051.89,20411.88
Municipio SP-231,SP,São Paulo,Sudeste,14124,1536.75,343384.9,24312.16
Municipio PE-095,PE,Pernambuco,Nordeste,2344,555.28,23729.55,10123.53
Municipio AL-009,AL,Alagoas,Nordeste,79939,683.32,875330.54,10949.98
Municipio PR-076,PR,Paraná,Sul,13953,2519.12,606159.62,43442.96
Municipio RO-026,RO,Rondônia,Norte,21208,776.37,281872.92,13290.88
Municipio PR-386,PR,Paraná,Sul,6438,2027.22,230882.58,35862.47
Municipio RN-061,RN,Rio Grande do Norte,Nordeste,7124,795.54,65423.14,9183.48
Municipio BA-398,BA,Bahia,Nordeste,2443,662.59,27144.44,11111.11
Municipio BA-047,BA,Bahia,Nordeste,14728,974.5,161708.52,10979.67
Municipio ES-064,ES,Espírito Santo,Sudeste,4120,1676.87,89459.26,21713.41
Municipio PB-087,PB,Paraíba,Nordeste,2999,902.31,36900.82,12304.37
Municipio SP-523,SP,São Paulo,Sudeste,1887,2381.27,50361.43,26688.62
Municipio MA-065,MA,Maranhão,Nordeste,11323,560.21,101642.45,8976.64
Municipio SP-467,SP,São Paulo,Sudeste,78756,1317.37,1801511.52,22874.59
Municipio RN-060,RN,Rio Grande do Norte,Nordeste,322578,840.75,3234217.78,10026.16
Municipio ES-075,ES,Espírito Santo,Sudeste,5442,1775.71,127170.36,23368.31
Municipio PA-048,PA,Pará,Norte,3156,653.61,29811.38,9445.94
Municipio MA-130,MA,Maranhão,Nordeste,4770,828.6,44531.9,9335.83
Municipio RS-084,RS,Rio Grande do Sul,Sul,21894,1535.24,446185.17,20379.34
Municipio PB-139,PB,Paraíba,Nordeste,22156,1181.43,454431.72,20510.55
Municipio GO-113,GO,Goiás,Centro-Oeste,14240,1463.94,375703.96,26383.71
Municipio RO-022,RO,Rondônia,Norte,20663,745.17,289097.69,13991.08
Municipio PR-022,PR,Paraná,Sul,3662,1261.19,82824.78,22617.36
Municipio MA-084,MA,Maranhão,Nordeste,1316,736.0,13760.82,10456.55
Municipio RJ-074,RJ,Rio de Janeiro,Sudeste,37757,2408.65,1382396.83,36612.99
Municipio AM-028,AM,Amazonas,Norte,7115,730.57,75963.85,10676.58
Municipio PI-016,PI,Piauí,Nordeste,16961,923.26,284542.15,16776.26
Municipio RN-164,RN,Rio Grande do Norte,Nordeste,2166,1040.75,36837.55,17007.18
Municipio RS-024,RS,Rio Grande do Sul,Sul,2973,1455.57,78488.12,26400.31
Municipio MG-209,MG,Minas Gerais,Sudeste,12109,1695.98,348781.72,28803.51
Municipio MG-593,MG,Minas Gerais,Sudeste,66630,2100.14,1804341.31,27080.01
Municipio ES-021,ES,Espírito Santo,Sudeste,11736,1443.28,320305.56,27292.57
Municipio PI-039,PI,Piauí,Nordeste,1214,1026.01,18517.99,15253.7
Municipio MG-360,MG,Minas Gerais,Sudeste,46699,2090.91,1619114.13,34671.28
Municipio ES-018,ES,Espírito Santo,Sudeste,11453,1355.48,292893.44,25573.51
Municipio RS-446,RS,Rio Grande do Sul,Sul,8530,1085.0,122088.45,14312.83
Municipio BA-178,BA,Bahia,Nordeste,7017,915.05,84673.02,12066.84
Municipio AL-011,AL,Alagoas,Nordeste,5243,1050.45,67313.58,12838.75
Municipio PI-054,PI,Piauí,Nordeste,6925,1153.53,145455.33,21004.38
Municipio SP-557,SP,São Paulo,Sudeste,5582,1963.55,125042.98,22401.11
Municipio BA-386,BA,Bahia,Nordeste,3751,1163.97,59033.83,15738.16
Municipio PR-132,PR,Paraná,Sul,2574,1261.74,55062.26,21391.71
Municipio BA-236,BA,Bahia,Nordeste,23771,813.43,314420.21,13227.05
Municipio PE-057,PE,Pernambuco,Nordeste,23859,1127.06,356599.14,14946.11
Municipio SP-277,SP,São Paulo,Sudeste,51097,1841.43,1781335.76,34861.85
Municipio RN-017,RN,Rio Grande do Norte,Nordeste,6289,786.16,93728.74,14903.6
Municipio MT-046,MT,Mato Grosso,Centro-Oeste,3276,1967.22,101200.86,30891.59
Municipio MG-290,MG,Minas Gerais,Sudeste,199622,2228.49,7277973.41,36458.77
Municipio RS-270,RS,Rio Grande do Sul,Sul,19188,2031.59,710962.09,37052.43
Municipio RS-188,RS,Rio Grande do Sul,Sul,20923,2371.55,836585.52,39984.01
Municipio RJ-029,RJ,Rio de Janeiro,Sudeste,9485,1168.66,204900.26,21602.56
Municipio CE-038,CE,Ceará,Nordeste,7788,1268.47,117439.61,15079.56
Municipio SP-216,SP,São Paulo,Sudeste,4787,2061.44,163514.13,34157.95
Municipio MG-559,MG,Minas Gerais,Sudeste,92841,1149.07,1562437.41,16829.17
Municipio CE-091,CE,Ceará,Nordeste,8240,865.27,112022.7,13594.99
Municipio MG-350,MG,Minas Gerais,Sudeste,5012,2228.13,201906.02,40284.52
Municipio MG-094,MG,Minas Gerais,Sudeste,8228,2345.18,341622.07,41519.45
Municipio PR-006,PR,Paraná,Sul,6688,2036.78,213701.79,31953.02
Municipio MG-476,MG,Minas Gerais,Sudeste,23567,1172.04,519824.71,22057.31
Municipio RS-353,RS,Rio Grande do Sul,Sul,12958,1227.87,238312.3,18391.13
Municipio MG-789,MG,Minas Gerais,Sudeste,7302,1277.17,153196.83,20980.12
Municipio SC-256,SC,Santa Catarina,Sul,19703,2343.28,752897.33,38212.32
Municipio MA-078,MA,Maranhão,Nordeste,1706,659.07,18272.52,10710.74
Municipio PR-045,PR,Paraná,Sul,3501,2019.18,79027.79,22572.92
Municipio SC-032,SC,Santa Catarina,Sul,18864,2404.67,840284.63,44544.35
Municipio RS-274,RS,Rio Grande do Sul,Sul,28988,2040.72,762826.26,26315.24
Municipio SP-642,SP,São Paulo,Sudeste,11994,1266.36,207445.29,17295.76
Municipio SE-013,SE,Sergipe,Nordeste,49347,860.21,693619.0,14055.95
Municipio CE-095,CE,Ceará,Nordeste,32216,1311.5,601854.86,18681.86
Municipio BA-361,BA,Bahia,Nordeste,1037,984.34,14629.58,14107.6
Municipio MS-035,MS,Mato Grosso do Sul,Centro-Oeste,4425,1587.79,92086.8,20810.58
Municipio RJ-069,RJ,Rio de Janeiro,Sudeste,9192,1692.86,229576.24,24975.66
Municipio MG-288,MG,Minas Gerais,Sudeste,9211,1338.83,172246.87,18700.13
Municipio SP-197,SP,São Paulo,Sudeste,29305,1765.56,818891.11,27943.73
Municipio CE-104,CE,Ceará,Nordeste,34000,889.42,491691.82,14461.52
Municipio RS-249,RS,Rio Grande do Sul,Sul,3771,1559.67,89708.24,23788.98
Municipio PR-312,PR,Paraná,Sul,815,1145.58,14244.49,17477.9
Municipio PI-179,PI,Piauí,Nordeste,8452,682.32,97549.18,11541.55
Municipio MT-059,MT,Mato Grosso,Centro-Oeste,3237,1230.02,48256.51,14907.79
Municipio RS-278,RS,Rio Grande do Sul,Sul,30376,2309.83,1310628.68,43146.85
Municipio MG-621,MG,Minas Gerais,Sudeste,17617,2446.56,554240.59,31460.55
Municipio TO-047,TO,Tocantins,Norte,56537,1003.8,621802.03,10998.14
Municipio RJ-002,RJ,Rio de Janeiro,Sudeste,46471,1348.51,1131182.21,24341.68
Municipio PA-111,PA,Pará,Norte,35994,1210.1,800001.22,22225.96
Municipio SP-023,SP,São Paulo,Sudeste,2376,2100.65,86595.57,36445.95
Municipio SC-112,SC,Santa Catarina,Sul,47529,1471.92,959007.31,20177.31
Municipio MG-292,MG,Minas Gerais,Sudeste,23814,1095.82,292013.75,12262.27
Municipio MG-157,MG,Minas Gerais,Sudeste,17350,1492.58,409887.0,23624.61
Municipio CE-121,CE,Ceará,Nordeste,6539,1023.7,81722.27,12497.67
Municipio RS-384,RS,Rio Grande do Sul,Sul,12693,2405.76,387566.93,30533.91
Municipio SP-102,SP,São Paulo,Sudeste,13817,1698.04,435436.24,31514.53
Municipio SP-133,SP,São Paulo,Sudeste,1991,2205.32,48767.27,24493.86
Municipio PE-099,PE,Pernambuco,Nordeste,2441,853.06,32387.04,13267.94
Municipio PR-173,PR,Paraná,Sul,5440,1549.64,130254.4,23943.82
Municipio RS-430,RS,Rio Grande do Sul,Sul,13783,1724.46,346684.23,25153.03
Municipio MG-390,MG,Minas Gerais,Sudeste,20384,2014.28,782571.15,38391.44
Municipio AM-011,AM,Amazonas,Norte,1954,681.54,25337.3,12966.89
Municipio SC-236,SC,Santa Catarina,Sul,1818,1290.46,41665.6,22918.37
Municipio PE-077,PE,Pernambuco,Nordeste,5222,892.21,85500.66,16373.16
Municipio AL-012,AL,Alagoas,Nordeste,13842,857.48,174121.88,12579.24
Municipio SP-120,SP,São Paulo,Sudeste,13298,1801.81,323843.33,24352.78
Municipio PR-205,PR,Paraná,Sul,13974,1369.78,215755.03,15439.75
Municipio PR-231,PR,Paraná,Sul,52303,1872.49,1084248.65,20730.14
Municipio MG-723,MG,Minas Gerais,Sudeste,9155,2314.93,281687.62,30768.72
Municipio SP-095,SP,São Paulo,Sudeste,6420,1952.32,189018.17,29442.08
Municipio SP-218,SP,São Paulo,Sudeste,39727,1903.71,1337304.41,33662.36
Municipio SP-484,SP,São Paulo,Sudeste,70615,1203.38,1117915.5,15831.13
Municipio PR-288,PR,Paraná,Sul,14650,1720.97,299142.9,20419.31
Municipio RS-244,RS,Rio Grande do Sul,Sul,5532,1044.49,83398.25,15075.61
Municipio SC-289,SC,Santa Catarina,Sul,4841,2162.32,148589.89,30694.05
Municipio GO-240,GO,Goiás,Centro-Oeste,7414,1594.06,137538.32,18551.16
Municipio BA-006,BA,Bahia,Nordeste,3744,796.94,45256.24,12087.67
Municipio MS-003,MS,Mato Grosso do Sul,Centro-Oeste,3771,1635.87,99954.74,26506.16
Municipio SP-431,SP,São Paulo,Sudeste,8187,1725.65,256151.96,31287.65
Municipio PI-219,PI,Piauí,Nordeste,59102,569.97,405199.23,6855.93
Municipio BA-005,BA,Bahia,Nordeste,10407,1234.31,206705.6,19862.17
Municipio RJ-044,RJ,Rio de Janeiro,Sudeste,164153,2158.45,5931352.87,36133.08
Municipio SP-412,SP,São Paulo,Sudeste,25315,2306.51,1004075.39,39663.26
Municipio SC-141,SC,Santa Catarina,Sul,2796,1447.51,71019.26,25400.31
Municipio MG-736,MG,Minas Gerais,Sudeste,5271,2195.31,177954.39,33761.03
Municipio PB-072,PB,Paraíba,Nordeste,780,895.68,9401.13,12052.73
Municipio SP-138,SP,São Paulo,Sudeste,11488,1467.38,205512.01,17889.28
Municipio BA-117,BA,Bahia,Nordeste,71763,1244.99,1255018.24,17488.37
Municipio RO-023,RO,Rondônia,Norte,13758,796.04,191938.84,13951.07
Municipio PR-209,PR,Paraná,Sul,13686,1236.05,259045.14,18927.75
Municipio GO-020,GO,Goiás,Centro-Oeste,22506,1046.47,291776.9,12964.41
Municipio PR-195,PR,Paraná,Sul,5024,2293.05,205643.51,40932.23
Municipio PR-122,PR,Paraná,Sul,16086,1037.76,289357.05,17988.13
Municipio SE-050,SE,Sergipe,Nordeste,4357,1041.84,53698.56,12324.66
Municipio RJ-013,RJ,Rio de Janeiro,Sudeste,11292,1742.41,284614.76,25204.99
Municipio RS-233,RS,Rio Grande do Sul,Sul,998,1684.15,31730.43,31794.02
Municipio PR-056,PR,Paraná,Sul,8692,1663.6,265059.54,30494.65
Municipio PA-034,PA,Pará,Norte,2211,1201.99,42197.3,19085.17
Municipio MA-110,MA,Maranhão,Nordeste,31236,690.56,325043.56,10406.06
Municipio RS-456,RS,Rio Grande do Sul,Sul,44468,2072.07,1090857.89,24531.3
Municipio GO-214,GO,Goiás,Centro-Oeste,6672,1274.04,143065.65,21442.69
Municipio BA-165,BA,Bahia,Nordeste,14296,569.15,136420.56,9542.57
Municipio BA-105,BA,Bahia,Nordeste,11854,924.05,130742.33,11029.39
Municipio PE-185,PE,Pernambuco,Nordeste,29458,668.99,269203.87,9138.57
Municipio RS-236,RS,Rio Grande do Sul,Sul,3034,1244.69,67305.91,22183.89
Municipio MG-090,MG,Minas Gerais,Sudeste,25610,2451.99,1198641.11,46803.64
Municipio MT-062,MT,Mato Grosso,Centro-Oeste,5804,1734.01,127352.6,21942.21
Municipio BA-050,BA,Bahia,Nordeste,152739,788.77,1706088.19,11169.96
Municipio PA-068,PA,Pará,Norte,8706,616.4,89319.0,10259.48
Municipio RN-022,RN,Rio Grande do Norte,Nordeste,33161,752.14,381315.49,11498.91
Municipio MG-114,MG,Minas Gerais,Sudeste,23887,2180.96,960143.09,40195.21
Municipio SP-296,SP,São Paulo,Sudeste,43803,1700.56,1176632.21,26861.91
Municipio MG-138,MG,Minas Gerais,Sudeste,3756,2239.08,141741.9,37737.46
Municipio CE-046,CE,Ceará,Nordeste,20918,1130.56,354955.46,16968.9
Municipio BA-113,BA,Bahia,Nordeste,27531,687.61,261131.44,9485.0
Municipio PI-030,PI,Piauí,Nordeste,11324,863.88,120060.84,10602.33
Municipio PR-140,PR,Paraná,Sul,7410,1441.45,203841.91,27509.03
Municipio PE-180,PE,Pernambuco,Nordeste,110364,605.28,1185086.22,10737.98
Municipio MG-395,MG,Minas Gerais,Sudeste,85239,1152.92,1705764.64,20011.55
Municipio GO-060,GO,Goiás,Centro-Oeste,12270,1454.08,301667.02,24585.74
Municipio BA-018,BA,Bahia,Nordeste,8460,1285.1,141854.73,16767.7
Municipio MA-108,MA,Maranhão,Nordeste,22471,773.17,282465.89,12570.24
Municipio MG-409,MG,Minas Gerais,Sudeste,41329,1789.4,1316882.33,31863.4
Municipio SE-073,SE,Sergipe,Nordeste,21312,733.54,183293.54,8600.49
Municipio RS-459,RS,Rio Grande do Sul,Sul,10146,1231.86,152545.98,15035.09
Municipio BA-114,BA,Bahia,Nordeste,29427,922.36,310304.79,10544.9
Municipio MG-719,MG,Minas Gerais,Sudeste,9225,1626.14,189707.51,20564.5
Municipio PA-006,PA,Pará,Norte,17832,735.48,175241.8,9827.38
Municipio GO-004,GO,Goiás,Centro-Oeste,66120,1339.66,1122019.73,16969.45
Municipio PA-139,PA,Pará,Norte,7606,1090.08,131992.5,17353.73
Municipio RS-191,RS,Rio Grande do Sul,Sul,1780,1854.52,62242.09,34967.47
Municipio MG-334,MG,Minas Gerais,Sudeste,31858,1242.2,621284.84,19501.69
Municipio SP-365,SP,São Paulo,Sudeste,16041,1587.81,455727.07,28410.14
Municipio RS-394,RS,Rio Grande do Sul,Sul,22338,1109.86,322372.85,14431.59
Municipio RN-008,RN,Rio Grande do Norte,Nordeste,6202,732.62,79996.17,12898.45
Municipio AC-006,AC,Acre,Norte,10050,869.47,103487.43,10297.26
Municipio ES-062,ES,Espírito Santo,Sudeste,12634,1441.25,211468.7,16738.06
Municipio PR-269,PR,Paraná,Sul,6149,1560.39,139341.9,22660.9
Municipio RN-143,RN,Rio Grande do Norte,Nordeste,6201,922.61,75550.36,12183.58
Municipio MG-356,MG,Minas Gerais,Sudeste,4237,2149.28,157809.76,37245.64
Municipio PB-188,PB,Paraíba,Nordeste,5856,779.33,55735.73,9517.71
Municipio PI-100,PI,Piauí,Nordeste,8632,661.06,105261.99,12194.39
Municipio SC-006,SC,Santa Catarina,Sul,42451,1409.7,892687.0,21028.64
Municipio BA-015,BA,Bahia,Nordeste,10707,922.5,111660.91,10428.78
Municipio PA-096,PA,Pará,Norte,4023,840.56,46086.13,11455.66
Municipio MA-063,MA,Maranhão,Nordeste,14632,892.19,245046.48,16747.3
Municipio RO-027,RO,Rondônia,Norte,26524,1424.63,698026.53,26316.79
Municipio GO-030,GO,Goiás,Centro-Oeste,1847,1489.72,45399.78,24580.28
Municipio GO-098,GO,Goiás,Centro-Oeste,5403,2140.62,147729.82,27342.18
Municipio RS-216,RS,Rio Grande do Sul,Sul,13520,1023.33,175717.25,12996.84
Municipio BA-074,BA,Bahia,Nordeste,20124,1115.46,403887.4,20069.94
Municipio BA-097,BA,Bahia,Nordeste,12567,1216.22,237105.5,18867.31
Municipio MG-770,MG,Minas Gerais,Sudeste,3269,1400.27,60269.68,18436.73
Municipio PI-040,PI,Piauí,Nordeste,5273,1203.07,94126.23,17850.6
Municipio CE-153,CE,Ceará,Nordeste,55359,720.1,476635.54,8609.9
Municipio MG-382,MG,Minas Gerais,Sudeste,23195,1853.34,554259.79,23895.66
Municipio GO-194,GO,Goiás,Centro-Oeste,3442,1403.22,85249.09,24767.31
Municipio RN-029,RN,Rio Grande do Norte,Nordeste,19777,1283.8,381148.61,19272.32
Municipio RS-173,RS,Rio Grande do Sul,Sul,26259,1732.25,574112.21,21863.45
Municipio PR-198,PR,Paraná,Sul,42758,2344.32,1165878.2,27266.9
Municipio MG-581,MG,Minas Gerais,Sudeste,20243,1881.5,534312.11,26394.91
Municipio MG-743,MG,Minas Gerais,Sudeste,35349,1492.78,845242.9,23911.37
Municipio BA-348,BA,Bahia,Nordeste,31828,1091.26,514246.25,16157.04
Municipio PA-052,PA,Pará,Norte,2566,660.34,23886.15,9308.71
Municipio RN-122,RN,Rio Grande do Norte,Nordeste,19215,1091.95,295629.55,15385.35
Municipio SE-069,SE,Sergipe,Nordeste,55541,723.48,652919.71,11755.63
Municipio BA-411,BA,Bahia,Nordeste,19410,622.64,133304.65,6867.83
Municipio MG-333,MG,Minas Gerais,Sudeste,2148,1028.88,30506.51,14202.29
Municipio MG-504,MG,Minas Gerais,Sudeste,14458,1350.93,247771.26,17137.31
Municipio PR-144,PR,Paraná,Sul,29270,2026.89,757110.45,25866.43
Municipio AM-025,AM,Amazonas,Norte,30675,1115.03,535807.58,17467.24
Municipio AL-069,AL,Alagoas,Nordeste,4655,1040.93,58041.46,12468.63
Municipio TO-079,TO,Tocantins,Norte,62499,706.69,495812.19,7933.12
Municipio PB-122,PB,Paraíba,Nordeste,11919,875.77,190567.63,15988.56
Municipio RN-048,RN,Rio Grande do Norte,Nordeste,16457,947.68,258064.13,15681.12
Municipio RJ-071,RJ,Rio de Janeiro,Sudeste,122301,2381.2,3774054.16,30858.74
Municipio RS-076,RS,Rio Grande do Sul,Sul,5503,1172.71,70675.43,12843.07
Municipio MG-260,MG,Minas Gerais,Sudeste,9459,2423.39,391080.12,41344.76
Municipio RS-104,RS,Rio Grande do Sul,Sul,11767,1779.83,322016.22,27366.04
Municipio GO-153,GO,Goiás,Centro-Oeste,9998,1686.01,218173.83,21821.75
Municipio PE-008,PE,Pernambuco,Nordeste,4377,668.26,33963.47,7759.53
Municipio RN-144,RN,Rio Grande do Norte,Nordeste,3463,663.9,25386.42,7330.76
Municipio PE-054,PE,Pernambuco,Nordeste,13140,1217.77,181828.44,13837.78
Municipio RS-286,RS,Rio Grande do Sul,Sul,5722,2203.0,200227.64,34992.6
Municipio SP-267,SP,São Paulo,Sudeste,3043,2259.93,113566.18,37320.47
Municipio RO-024,RO,Rondônia,Norte,198660,982.68,2577174.31,12972.79
Municipio AP-001,AP,Amapá,Norte,15676,840.15,145437.44,9277.71
Municipio SP-160,SP,São Paulo,Sudeste,35045,2039.1,1357653.95,38740.3
Municipio MA-014,MA,Maranhão,Nordeste,30784,589.65,322218.51,10467.08
Municipio RS-462,RS,Rio Grande do Sul,Sul,2535,2244.64,67039.09,26445.4
Municipio SE-060,SE,Sergipe,Nordeste,6525,1070.26,86366.14,13236.19
Municipio RN-024,RN,Rio Grande do Norte,Nordeste,8467,1101.45,141349.61,16694.18
Municipio PE-067,PE,Pernambuco,Nordeste,5758,966.99,83644.66,14526.69
Municipio MG-480,MG,Minas Gerais,Sudeste,18533,1801.66,380343.18,20522.48
Municipio RS-405,RS,Rio Grande do Sul,Sul,68508,1309.49,1281489.68,18705.69
Municipio PI-206,PI,Piauí,Nordeste,2189,663.08,18486.23,8445.06
Municipio MG-055,MG,Minas Gerais,Sudeste,57756,2229.93,2332756.11,40389.85
Municipio MG-295,MG,Minas Gerais,Sudeste,59434,1286.1,1423487.88,23950.73
Municipio PB-099,PB,Paraíba,Nordeste,35828,1271.06,777006.25,21687.12
Municipio AM-002,AM,Amazonas,Norte,11014,1392.06,190557.13,17301.36
Municipio SP-433,SP,São Paulo,Sudeste,20077,1032.19,322718.43,16074.04
Municipio PE-154,PE,Pernambuco,Nordeste,15894,902.59,224782.55,14142.6
Municipio RS-200,RS,Rio Grande do Sul,Sul,55347,2525.07,1804383.72,32601.29
Municipio MG-567,MG,Minas Gerais,Sudeste,7083,1118.1,99796.15,14089.53
Municipio MG-804,MG,Minas Gerais,Sudeste,71174,1394.49,1581615.59,22221.82
Municipio SC-085,SC,Santa Catarina,Sul,10533,1393.74,200037.37,18991.49
Municipio MG-558,MG,Minas Gerais,Sudeste,20230,1985.54,508362.07,25129.12
Municipio TO-026,TO,Tocantins,Norte,4148,1140.97,67948.85,16381.11
Municipio RS-175,RS,Rio Grande do Sul,Sul,17225,1496.96,284722.21,16529.59
Municipio SP-032,SP,São Paulo,Sudeste,35994,998.69,602070.27,16726.96
Municipio SP-293,SP,São Paulo,Sudeste,151786,1640.18,4322152.47,28475.3
Municipio MG-824,MG,Minas Gerais,Sudeste,21830,1353.69,320846.69,14697.51
Municipio SC-094,SC,Santa Catarina,Sul,2902,2264.75,124113.75,42768.35
Municipio BA-326,BA,Bahia,Nordeste,5773,576.73,56933.51,9862.03
Municipio BA-201,BA,Bahia,Nordeste,32215,892.46,351486.19,10910.64
Municipio MG-274,MG,Minas Gerais,Sudeste,1107,1883.21,26556.18,23989.32
Municipio PE-083,PE,Pernambuco,Nordeste,10402,1099.57,183862.78,17675.71
Municipio TO-017,TO,Tocantins,Norte,26256,779.91,245594.37,9353.84
Municipio MG-225,MG,Minas Gerais,Sudeste,4183,2467.16,117403.47,28066.81
Municipio CE-041,CE,Ceará,Nordeste,79042,1249.42,1873625.71,23704.18
Municipio ES-015,ES,Espírito Santo,Sudeste,10428,1997.44,357307.82,34264.27
Municipio BA-355,BA,Bahia,Nordeste,34277,884.84,462704.56,13498.98
Municipio SP-455,SP,São Paulo,Sudeste,2695,1580.71,54389.09,20181.48
Municipio CE-102,CE,Ceará,Nordeste,15368,741.54,194114.24,12631.07
Municipio RN-053,RN,Rio Grande do Norte,Nordeste,8975,785.02,106820.84,11902.04
Municipio SP-580,SP,São Paulo,Sudeste,17486,1499.98,320726.05,18341.88
Municipio GO-155,GO,Goiás,Centro-Oeste,5160,1919.3,178873.62,34665.43
Municipio RN-020,RN,Rio Grande do Norte,Nordeste,32460,834.88,388878.45,11980.24
Municipio MG-755,MG,Minas Gerais,Sudeste,5141,1675.51,140591.4,27347.09
Municipio RR-002,RR,Roraima,Norte,17238,699.88,213399.13,12379.58
Municipio PI-057,PI,Piauí,Nordeste,258302,920.67,3129867.85,12117.09
Municipio MG-473,MG,Minas Gerais,Sudeste,13428,1524.19,378686.26,28201.24
Municipio AC-018,AC,Acre,Norte,5187,1171.16,95146.13,18343.19
Municipio MA-077,MA,Maranhão,Nordeste,11802,559.15,89406.74,7575.56
Municipio PR-305,PR,Paraná,Sul,26016,1976.8,863187.58,33179.1
Municipio PR-152,PR,Paraná,Sul,3562,1905.02,117590.09,33012.38
Municipio PA-015,PA,Pará,Norte,14186,776.95,163707.95,11540.11
Municipio SC-049,SC,Santa Catarina,Sul,5803,1657.27,130635.29,22511.68
Municipio MT-041,MT,Mato Grosso,Centro-Oeste,3331,1018.61,52650.57,15806.24
Municipio MG-707,MG,Minas Gerais,Sudeste,1314,1696.09,41520.82,31598.8
Municipio MG-511,MG,Minas Gerais,Sudeste,7727,2072.28,304370.0,39390.45
Municipio PR-243,PR,Paraná,Sul,5230,1739.65,145850.4,27887.27
Municipio SP-080,SP,São Paulo,Sudeste,23337,1923.34,796245.74,34119.46
Municipio MG-638,MG,Minas Gerais,Sudeste,13630,1200.63,182906.09,13419.38
Municipio SC-270,SC,Santa Catarina,Sul,15852,2518.67,735907.41,46423.63
Municipio PI-019,PI,Piauí,Nordeste,41690,1313.83,852787.14,20455.44
Municipio PB-183,PB,Paraíba,Nordeste,10099,1128.45,213538.75,21144.54
Municipio PI-022,PI,Piauí,Nordeste,27755,1064.58,431686.71,15553.48
Municipio BA-026,BA,Bahia,Nordeste,14788,782.62,209449.15,14163.45
Municipio PR-143,PR,Paraná,Sul,93125,1596.98,2466733.89,26488.42
Municipio SP-217,SP,São Paulo,Sudeste,66085,1363.26,1046773.25,15839.8
Municipio PI-197,PI,Piauí,Nordeste,2615,543.73,20544.38,7856.36
Municipio MG-830,MG,Minas Gerais,Sudeste,6332,2116.32,200925.89,31731.82
Municipio RO-031,RO,Rondônia,Norte,8180,979.71,110376.73,13493.49
Municipio SC-281,SC,Santa Catarina,Sul,10114,2451.08,278853.2,27571.01
Municipio PI-204,PI,Piauí,Nordeste,10759,883.21,166954.82,15517.69
Municipio MT-063,MT,Mato Grosso,Centro-Oeste,4740,1721.01,152540.58,32181.56
Municipio MG-165,MG,Minas Gerais,Sudeste,15109,1590.6,432237.17,28607.93
Municipio SP-380,SP,São Paulo,Sudeste,6563,1240.92,100005.31,15237.74
Municipio GO-212,GO,Goiás,Centro-Oeste,29006,1430.75,745752.71,25710.29
Municipio PE-035,PE,Pernambuco,Nordeste,1884,616.21,17264.5,9163.75
Municipio AL-070,AL,Alagoas,Nordeste,27695,1267.91,544227.22,19650.74
Municipio SP-611,SP,São Paulo,Sudeste,25797,1279.68,383433.66,14863.5
Municipio SP-174,SP,São Paulo,Sudeste,7753,1485.29,192688.81,24853.45
Municipio MG-417,MG,Minas Gerais,Sudeste,30241,2234.55,824475.56,27263.5
Municipio TO-001,TO,Tocantins,Norte,24341,1235.48,385019.45,15817.73
Municipio CE-068,CE,Ceará,Nordeste,16852,787.47,243945.44,14475.76
Municipio SP-549,SP,São Paulo,Sudeste,73189,1267.84,1722333.83,23532.69
Municipio PR-067,PR,Paraná,Sul,3206,1803.35,101474.14,31651.32
Municipio PR-203,PR,Paraná,Sul,2633,1642.13,61565.32,23382.2
Municipio SP-325,SP,São Paulo,Sudeste,58722,2352.16,1590294.44,27081.75
Municipio SP-327,SP,São Paulo,Sudeste,12130,1590.44,220080.59,18143.49
Municipio MA-147,MA,Maranhão,Nordeste,114317,875.81,1566619.9,13704.17
Municipio PE-050,PE,Pernambuco,Nordeste,51483,1212.54,992094.17,19270.33
Municipio GO-206,GO,Goiás,Centro-Oeste,34748,1673.86,1069511.86,30779.09
Municipio PB-190,PB,Paraíba,Nordeste,43994,966.41,521309.99,11849.57
Municipio MG-034,MG,Minas Gerais,Sudeste,19161,1739.54,377052.75,19678.14
Municipio PE-046,PE,Pernambuco,Nordeste,18658,1212.94,256996.54,13774.07
Municipio ES-066,ES,Espírito Santo,Sudeste,2081,2048.4,50274.14,24158.64
Municipio PI-099,PI,Piauí,Nordeste,15208,833.87,141422.01,9299.19
Municipio SC-219,SC,Santa Catarina,Sul,24787,1704.44,470192.65,18969.32
Municipio PI-170,PI,Piauí,Nordeste,7593,1022.29,86925.9,11448.16
Municipio SP-444,SP,São Paulo,Sudeste,2696,1355.2,50874.77,18870.46
Municipio RO-025,RO,Rondônia,Norte,3836,1071.21,75810.25,19762.84
Municipio GO-180,GO,Goiás,Centro-Oeste,6737,2076.49,170669.53,25333.16
Municipio SC-187,SC,Santa Catarina,Sul,10219,1425.73,166443.97,16287.7
Municipio RN-138,RN,Rio Grande do Norte,Nordeste,9149,528.47,85665.48,9363.37
Municipio MG-716,MG,Minas Gerais,Sudeste,16263,1418.87,279851.6,17207.87
Municipio RS-013,RS,Rio Grande do Sul,Sul,10731,1915.77,280248.12,26115.75
Municipio SP-258,SP,São Paulo,Sudeste,39145,1597.59,869401.09,22209.76
Municipio MA-050,MA,Maranhão,Nordeste,21043,1168.37,429501.79,20410.67
Municipio MA-106,MA,Maranhão,Nordeste,15305,1252.51,323534.49,21139.14
Municipio PI-034,PI,Piauí,Nordeste,3260,620.45,27452.89,8421.13
Municipio PI-165,PI,Piauí,Nordeste,19103,1011.49,367513.74,19238.54
Municipio BA-104,BA,Bahia,Nordeste,2522,961.0,33538.64,13298.43
Municipio MG-790,MG,Minas Gerais,Sudeste,7586,1141.81,115536.53,15230.23
Municipio RS-176,RS,Rio Grande do Sul,Sul,15498,1088.13,238477.32,15387.62
Municipio SP-576,SP,São Paulo,Sudeste,15687,1460.42,290698.19,18531.15
Municipio RS-369,RS,Rio Grande do Sul,Sul,10549,2453.38,360874.45,34209.35
Municipio BA-080,BA,Bahia,Nordeste,7584,1287.14,136096.56,17945.22
Municipio PB-145,PB,Paraíba,Nordeste,12081,1195.56,219790.94,18193.11
Municipio SP-475,SP,São Paulo,Sudeste,7605,2178.81,311842.95,41004.99
Municipio BA-054,BA,Bahia,Nordeste,12067,859.76,168890.63,13996.07
Municipio MT-081,MT,Mato Grosso,Centro-Oeste,23724,1420.16,497309.55,20962.3
Municipio BA-273,BA,Bahia,Nordeste,6919,1049.5,79113.23,11434.2
Municipio PR-034,PR,Paraná,Sul,1218,1554.75,24107.26,19792.5
Municipio MA-009,MA,Maranhão,Nordeste,47887,916.63,557472.78,11641.42
Municipio RN-120,RN,Rio Grande do Norte,Nordeste,11752,679.04,118687.18,10099.32
Municipio PR-399,PR,Paraná,Sul,22235,1577.53,574394.45,25832.9
Municipio SC-120,SC,Santa Catarina,Sul,39585,1801.19,1044371.69,26383.02
Municipio SP-132,SP,São Paulo,Sudeste,67327,2098.55,1981624.38,29432.83
Municipio MG-745,MG,Minas Gerais,Sudeste,14710,2131.7,366952.46,24945.78
Municipio PI-023,PI,Piauí,Nordeste,18095,693.46,158579.01,8763.69
Municipio PA-115,PA,Pará,Norte,23302,1272.08,540380.83,23190.32
Municipio SE-051,SE,Sergipe,Nordeste,9907,1163.14,208801.86,21076.19
Municipio CE-142,CE,Ceará,Nordeste,11599,1104.43,190202.27,16398.16
Municipio BA-072,BA,Bahia,Nordeste,8857,1008.19,158021.21,17841.39
Municipio BA-167,BA,Bahia,Nordeste,8801,860.44,92298.92,10487.32
Municipio RS-087,RS,Rio Grande do Sul,Sul,1082,2263.57,36972.12,34170.17
Municipio SP-624,SP,São Paulo,Sudeste,17578,1391.09,408659.51,23248.35
Municipio MG-403,MG,Minas Gerais,Sudeste,1943,1296.3,34319.66,17663.23
Municipio CE-024,CE,Ceará,Nordeste,12030,691.4,101719.69,8455.5
Municipio MA-116,MA,Maranhão,Nordeste,2362,1001.02,30734.43,13012.04
Municipio RS-342,RS,Rio Grande do Sul,Sul,7096,1928.27,166178.84,23418.66
Municipio PA-128,PA,Pará,Norte,24979,850.06,311183.82,12457.82
Municipio TO-129,TO,Tocantins,Norte,5916,806.63,53896.63,9110.32
Municipio PR-138,PR,Paraná,Sul,3936,1768.09,83944.38,21327.33
Municipio CE-171,CE,Ceará,Nordeste,1043,819.9,13022.28,12485.41
Municipio CE-020,CE,Ceará,Nordeste,5475,629.53,59313.73,10833.56
Municipio SP-105,SP,São Paulo,Sudeste,17796,1118.41,381251.32,21423.43
Municipio MG-618,MG,Minas Gerais,Sudeste,11884,1379.99,263128.49,22141.41
Municipio SP-381,SP,São Paulo,Sudeste,10519,1807.4,282624.69,26868.02
Municipio RS-121,RS,Rio Grande do Sul,Sul,3157,2257.97,107695.72,34113.31
Municipio CE-049,CE,Ceará,Nordeste,94424,1126.53,1780652.85,18858.05
Municipio MG-571,MG,Minas Gerais,Sudeste,122731,1037.95,1643617.3,13392.03
Municipio SC-208,SC,Santa Catarina,Sul,21557,1504.13,357280.96,16573.78
Municipio MA-214,MA,Maranhão,Nordeste,51638,1018.57,913578.36,17691.98
Municipio BA-241,BA,Bahia,Nordeste,19607,1179.37,383743.79,19571.77
Municipio RO-001,RO,Rondônia,Norte,4151,856.35,56111.3,13517.54
Municipio PE-166,PE,Pernambuco,Nordeste,2327,1147.81,43640.36,18753.91
Municipio GO-192,GO,Goiás,Centro-Oeste,13373,1780.61,301239.11,22525.92
Municipio SP-343,SP,São Paulo,Sudeste,4459,2298.33,138623.3,31088.43
Municipio RS-195,RS,Rio Grande do Sul,Sul,3781,1618.0,74190.08,19621.81
Municipio SC-012,SC,Santa Catarina,Sul,172043,2507.12,6559464.92,38126.89
Municipio MG-387,MG,Minas Gerais,Sudeste,30094,2449.38,1366450.27,45406.07
Municipio SP-609,SP,São Paulo,Sudeste,3122,1044.86,55061.71,17636.68
Municipio SP-078,SP,São Paulo,Sudeste,42995,1730.31,1177071.19,27376.93
Municipio PR-281,PR,Paraná,Sul,8278,1190.85,145874.52,17621.95
Municipio BA-175,BA,Bahia,Nordeste,6663,837.66,102387.0,15366.5
Municipio PE-007,PE,Pernambuco,Nordeste,33188,582.89,217042.98,6539.8
Municipio SC-284,SC,Santa Catarina,Sul,8723,2434.48,378980.27,43446.09
Municipio MS-053,MS,Mato Grosso do Sul,Centro-Oeste,25523,1648.8,652680.87,25572.26
Municipio SC-249,SC,Santa Catarina,Sul,4479,2237.85,173648.7,38769.52
Municipio PB-107,PB,Paraíba,Nordeste,35630,837.96,348490.64,9780.82
Municipio RS-164,RS,Rio Grande do Sul,Sul,42079,2411.69,1291933.17,30702.56
Municipio MS-073,MS,Mato Grosso do Sul,Centro-Oeste,10222,1443.37,168024.32,16437.52
Municipio PE-144,PE,Pernambuco,Nordeste,2398,635.89,23853.52,9947.26
Municipio SP-286,SP,São Paulo,Sudeste,2650,1838.63,56113.49,21174.9
Municipio PA-053,PA,Pará,Norte,7293,888.28,105117.86,14413.53
Municipio MG-681,MG,Minas Gerais,Sudeste,5104,2367.62,173703.23,34032.76
Municipio RJ-016,RJ,Rio de Janeiro,Sudeste,5459,1134.38,114976.02,21061.74
Municipio PE-168,PE,Pernambuco,Nordeste,11811,1083.46,168549.18,14270.53
Municipio PE-017,PE,Pernambuco,Nordeste,4734,1234.94,95853.91,20247.97
Municipio ES-059,ES,Espírito Santo,Sudeste,3711,1584.9,79706.35,21478.4
Municipio PE-029,PE,Pernambuco,Nordeste,10160,608.17,86151.96,8479.52
Municipio MG-398,MG,Minas Gerais,Sudeste,40642,1318.42,743292.56,18288.78
Municipio PR-114,PR,Paraná,Sul,50767,2417.1,2142783.49,42208.2
Municipio MG-389,MG,Minas Gerais,Sudeste,104293,1943.07,3644673.33,34946.48
Municipio CE-099,CE,Ceará,Nordeste,9840,1248.99,164972.75,16765.52
Municipio BA-211,BA,Bahia,Nordeste,1538,618.25,14321.86,9312.0
Municipio MG-240,MG,Minas Gerais,Sudeste,33115,1664.67,727906.07,21981.16
Municipio SC-118,SC,Santa Catarina,Sul,5578,1321.59,97928.63,17556.23
Municipio RS-440,RS,Rio Grande do Sul,Sul,5513,1653.19,174026.88,31566.64
Municipio TO-123,TO,Tocantins,Norte,2813,1030.88,33904.11,12052.65
Municipio CE-036,CE,Ceará,Nordeste,27721,763.49,387125.65,13965.07
Municipio MG-373,MG,Minas Gerais,Sudeste,4582,2153.0,125692.94,27431.89
Municipio PB-214,PB,Paraíba,Nordeste,91619,678.46,937851.24,10236.43
Municipio PE-114,PE,Pernambuco,Nordeste,39020,682.42,410533.34,10521.1
Municipio PR-079,PR,Paraná,Sul,60951,1348.84,1424129.47,23365.15
Municipio RS-260,RS,Rio Grande do Sul,Sul,42999,1926.87,1392817.92,32391.87
Municipio MG-167,MG,Minas Gerais,Sudeste,22301,1073.86,364928.59,16363.78
Municipio CE-177,CE,Ceará,Nordeste,2821,1286.41,67657.27,23983.43
Municipio MG-200,MG,Minas Gerais,Sudeste,9119,2275.57,245207.36,26889.72
Municipio SC-159,SC,Santa Catarina,Sul,21669,1330.78,441915.21,20393.89
Municipio SP-064,SP,São Paulo,Sudeste,1936,2300.92,64883.25,33514.08
Municipio BA-385,BA,Bahia,Nordeste,1394,832.92,14205.81,10190.68
Municipio BA-197,BA,Bahia,Nordeste,11704,961.18,209564.06,17905.34
Municipio PI-007,PI,Piauí,Nordeste,8696,1231.64,128258.94,14749.19
Municipio CE-108,CE,Ceará,Nordeste,21304,1128.75,425540.42,19974.67
Municipio SC-056,SC,Santa Catarina,Sul,780,2141.84,18599.35,23845.32
Municipio BA-126,BA,Bahia,Nordeste,15313,1211.78,234707.51,15327.34
Municipio MG-341,MG,Minas Gerais,Sudeste,24522,1928.39,688212.0,28065.08
Municipio PB-056,PB,Paraíba,Nordeste,72183,745.21,1019526.73,14124.19
Municipio PR-180,PR,Paraná,Sul,1980,2255.86,76574.54,38674.01
Municipio MG-516,MG,Minas Gerais,Sudeste,19861,1072.44,312697.38,15744.29
Municipio PB-083,PB,Paraíba,Nordeste,53796,767.71,764227.35,14206.03
Municipio MT-053,MT,Mato Grosso,Centro-Oeste,278425,2198.0,7796761.53,28003.09
Municipio BA-274,BA,Bahia,Nordeste,13699,1231.51,278433.89,20325.13
Municipio MT-047,MT,Mato Grosso,Centro-Oeste,27350,2206.72,750963.52,27457.53
Municipio ES-070,ES,Espírito Santo,Sudeste,43459,1048.21,619531.1,14255.53
Municipio BA-084,BA,Bahia,Nordeste,1920,834.44,30330.89,15797.34
Municipio MA-208,MA,Maranhão,Nordeste,3458,918.11,50265.88,14536.11
Municipio MG-494,MG,Minas Gerais,Sudeste,46560,2265.47,1432775.09,30772.66
Municipio SP-137,SP,São Paulo,Sudeste,4945,2289.83,193441.22,39118.55
Municipio RS-372,RS,Rio Grande do Sul,Sul,2438,1531.5,64282.56,26366.92
Municipio BA-001,BA,Bahia,Nordeste,32607,1284.27,742501.09,22771.22
Municipio SP-225,SP,São Paulo,Sudeste,1542,2184.01,50149.91,32522.64
Municipio PE-167,PE,Pernambuco,Nordeste,19002,1259.64,291363.43,15333.3
Municipio SE-038,SE,Sergipe,Nordeste,3613,1104.97,61236.96,16949.06
Municipio PR-044,PR,Paraná,Sul,8769,2529.29,375618.69,42834.84
Municipio MA-018,MA,Maranhão,Nordeste,15218,787.71,198866.71,13067.86
Municipio SP-188,SP,São Paulo,Sudeste,1983,2334.79,86585.46,43663.87
Municipio GO-109,GO,Goiás,Centro-Oeste,16837,2270.08,702753.52,41738.64
Municipio RN-134,RN,Rio Grande do Norte,Nordeste,9468,742.67,89390.56,9441.34
Municipio SP-408,SP,São Paulo,Sudeste,6136,1369.0,98563.83,16063.21
Municipio SC-205,SC,Santa Catarina,Sul,36430,1077.18,737346.55,20240.09
Municipio RS-396,RS,Rio Grande do Sul,Sul,4414,1289.64,104052.67,23573.33
Municipio GO-028,GO,Goiás,Centro-Oeste,14284,2047.29,318829.47,22320.74
Municipio RO-015,RO,Rondônia,Norte,1678,905.18,19622.17,11693.78
Municipio ES-049,ES,Espírito Santo,Sudeste,19806,1604.6,606599.21,30627.04
Municipio MT-055,MT,Mato Grosso,Centro-Oeste,44429,1763.12,1106321.71,24900.89
Municipio MG-245,MG,Minas Gerais,Sudeste,11867,1253.81,232783.96,19616.07
Municipio PR-330,PR,Paraná,Sul,8196,1250.86,133979.81,16346.98
Municipio PB-160,PB,Paraíba,Nordeste,10827,960.27,178565.89,16492.65
Municipio RS-215,RS,Rio Grande do Sul,Sul,1952,1214.65,32411.63,16604.32
Municipio MG-439,MG,Minas Gerais,Sudeste,72456,1033.73,1207386.33,16663.72
Municipio MA-056,MA,Maranhão,Nordeste,17316,929.2,227824.18,13156.86
Municipio SP-033,SP,São Paulo,Sudeste,11635,1139.06,243219.92,20904.16
Municipio PR-396,PR,Paraná,Sul,3243,1271.86,64574.05,19911.83
Municipio MG-063,MG,Minas Gerais,Sudeste,12521,1816.51,270588.91,21610.81
Municipio SC-286,SC,Santa Catarina,Sul,21652,1337.53,357051.04,16490.44
Municipio SP-442,SP,São Paulo,Sudeste,13815,2111.45,407945.47,29529.17
Municipio TO-033,TO,Tocantins,Norte,9637,985.32,144040.05,14946.57
Municipio BA-082,BA,Bahia,Nordeste,6322,1208.37,103596.56,16386.68
Municipio PB-194,PB,Paraíba,Nordeste,28669,875.03,293266.72,10229.4
Municipio MA-201,MA,Maranhão,Nordeste,32818,1089.68,414716.04,12636.85
Municipio SP-029,SP,São Paulo,Sudeste,19581,1014.05,235534.31,12028.72
Municipio MG-501,MG,Minas Gerais,Sudeste,108122,1516.97,2016925.64,18654.17
Municipio BA-316,BA,Bahia,Nordeste,7930,1204.49,166834.27,21038.37
Municipio RS-404,RS,Rio Grande do Sul,Sul,13489,1306.19,204180.53,15136.82
Municipio MG-757,MG,Minas Gerais,Sudeste,13597,2024.81,499249.63,36717.63
Municipio SP-169,SP,São Paulo,Sudeste,15249,2377.23,417681.07,27390.72
Municipio PA-032,PA,Pará,Norte,7452,732.19,81819.62,10979.55
Municipio MA-170,MA,Maranhão,Nordeste,47678,1147.23,939862.61,19712.71
Municipio TO-021,TO,Tocantins,Norte,7545,775.66,79915.42,10591.84
Municipio SP-215,SP,São Paulo,Sudeste,49410,1081.37,922184.71,18663.93
Municipio SC-036,SC,Santa Catarina,Sul,5314,2242.6,159839.89,30079.02
Municipio BA-141,BA,Bahia,Nordeste,12139,1015.91,157493.65,12974.19
Municipio SP-470,SP,São Paulo,Sudeste,7846,1107.97,165380.27,21078.29
Municipio SP-309,SP,São Paulo,Sudeste,9099,1187.26,178015.56,19564.3
Municipio TO-003,TO,Tocantins,Norte,11875,579.12,86070.35,7248.03
Municipio PA-030,PA,Pará,Norte,60574,1065.65,970413.83,16020.3
Municipio CE-164,CE,Ceará,Nordeste,3162,613.88,21487.23,6795.46
Municipio MG-505,MG,Minas Gerais,Sudeste,15765,1278.62,323206.93,20501.55
Municipio ES-001,ES,Espírito Santo,Sudeste,10101,1792.99,253424.03,25089.0
Municipio RO-002,RO,Rondônia,Norte,2329,1280.52,56893.43,24428.27
Municipio MG-692,MG,Minas Gerais,Sudeste,7927,2343.89,222992.3,28130.73
Municipio MG-021,MG,Minas Gerais,Sudeste,29427,1443.57,549641.34,18678.13
Municipio MG-014,MG,Minas Gerais,Sudeste,14197,1819.02,312444.05,22007.75
Municipio RN-108,RN,Rio Grande do Norte,Nordeste,3392,585.07,29872.36,8806.71
Municipio MG-369,MG,Minas Gerais,Sudeste,23787,1340.35,410991.3,17277.98
Municipio SP-047,SP,São Paulo,Sudeste,2216,2289.51,84328.48,38054.37
Municipio PI-159,PI,Piauí,Nordeste,12733,1049.52,148741.11,11681.54
Municipio RO-011,RO,Rondônia,Norte,2418,1256.57,43128.97,17836.63
Municipio RS-306,RS,Rio Grande do Sul,Sul,7892,1278.66,160595.23,20349.12
Municipio SP-368,SP,São Paulo,Sudeste,16255,1457.74,428033.98,26332.45
Municipio PI-119,PI,Piauí,Nordeste,3853,640.78,28008.9,7269.37
Municipio MS-012,MS,Mato Grosso do Sul,Centro-Oeste,29861,1524.1,691013.55,23141.0
Municipio RN-052,RN,Rio Grande do Norte,Nordeste,49691,882.77,834134.83,16786.44
Municipio ES-050,ES,Espírito Santo,Sudeste,1115,1119.91,22178.99,19891.47
Municipio PR-367,PR,Paraná,Sul,10466,1045.22,134683.73,12868.69
Municipio MG-836,MG,Minas Gerais,Sudeste,9061,1870.59,227302.16,25085.77
Municipio PR-091,PR,Paraná,Sul,2751,2056.06,69882.5,25402.58
Municipio BA-401,BA,Bahia,Nordeste,2216,800.74,27631.75,12469.2
Municipio PR-286,PR,Paraná,Sul,181217,1757.4,5207138.33,28734.27
Municipio RS-022,RS,Rio Grande do Sul,Sul,21944,1793.98,575164.48,26210.56
Municipio RN-005,RN,Rio Grande do Norte,Nordeste,8333,1139.04,116273.17,13953.34
Municipio PA-054,PA,Pará,Norte,17404,1253.38,260890.12,14990.24
Municipio PR-183,PR,Paraná,Sul,49877,1504.13,1349189.16,27050.33
Municipio CE-035,CE,Ceará,Nordeste,8224,1173.02,129559.01,15753.77
Municipio PE-038,PE,Pernambuco,Nordeste,5072,1318.65,83121.82,16388.37
Municipio TO-060,TO,Tocantins,Norte,91688,1183.12,1952677.36,21296.98
Municipio PI-174,PI,Piauí,Nordeste,1535,976.33,21448.07,13972.68
Municipio MG-767,MG,Minas Gerais,Sudeste,14265,1492.41,372191.58,26091.24
Municipio RS-213,RS,Rio Grande do Sul,Sul,82777,2422.79,3326766.96,40189.51
Municipio PR-332,PR,Paraná,Sul,7042,2029.82,262501.66,37276.58
Municipio RN-129,RN,Rio Grande do Norte,Nordeste,96964,773.03,959635.71,9896.82
Municipio PR-273,PR,Paraná,Sul,10939,1921.5,318279.63,29095.86
Municipio CE-071,CE,Ceará,Nordeste,45980,1063.69,778932.33,16940.68
Municipio RS-045,RS,Rio Grande do Sul,Sul,4395,1137.02,90300.1,20546.1
Municipio SP-353,SP,São Paulo,Sudeste,6604,1399.74,149221.99,22595.7
Municipio BA-351,BA,Bahia,Nordeste,7485,976.53,97488.8,13024.56
Municipio RS-492,RS,Rio Grande do Sul,Sul,20019,1201.13,336112.52,16789.68
Municipio PE-002,PE,Pernambuco,Nordeste,11852,1166.42,176063.26,14855.15
Municipio PR-100,PR,Paraná,Sul,7107,1308.36,145749.68,20507.9
Municipio BA-200,BA,Bahia,Nordeste,22068,1225.94,515031.65,23338.39
Municipio GO-101,GO,Goiás,Centro-Oeste,2941,1180.69,44245.1,15044.24
Municipio SP-159,SP,São Paulo,Sudeste,5934,2181.21,206046.63,34723.06
Municipio CE-066,CE,Ceará,Nordeste,30475,534.76,280727.61,9211.73
Municipio MG-301,MG,Minas Gerais,Sudeste,40913,1640.65,1133343.49,27701.3
Municipio CE-112,CE,Ceará,Nordeste,17243,871.47,215773.57,12513.69
Municipio BA-051,BA,Bahia,Nordeste,33319,913.83,428140.1,12849.73
Municipio MG-380,MG,Minas Gerais,Sudeste,5575,2262.95,198434.49,35593.63
Municipio BA-198,BA,Bahia,Nordeste,14626,549.51,96246.33,6580.5
Municipio PB-100,PB,Paraíba,Nordeste,24619,1066.67,472760.73,19203.08
Municipio BA-014,BA,Bahia,Nordeste,23464,1031.42,283717.73,12091.62
Municipio RS-017,RS,Rio Grande do Sul,Sul,8486,2188.77,231407.94,27269.38
Municipio PR-105,PR,Paraná,Sul,25465,1067.57,337890.09,13268.8
Municipio CE-087,CE,Ceará,Nordeste,17118,1149.43,282385.55,16496.41
Municipio AM-052,AM,Amazonas,Norte,17288,993.4,203591.62,11776.47
Municipio PR-303,PR,Paraná,Sul,5272,2416.89,172186.95,32660.65
Municipio RJ-084,RJ,Rio de Janeiro,Sudeste,33824,1922.62,1214202.46,35897.66
Municipio GO-015,GO,Goiás,Centro-Oeste,8813,1197.24,131844.41,14960.22
Municipio RJ-085,RJ,Rio de Janeiro,Sudeste,10347,2423.01,331483.42,32036.67
Municipio RS-291,RS,Rio Grande do Sul,Sul,14217,1122.63,267009.07,18780.97
Municipio PE-019,PE,Pernambuco,Nordeste,8647,1054.88,161427.62,18668.63
Municipio RJ-083,RJ,Rio de Janeiro,Sudeste,844,1357.14,12703.74,15051.82
Municipio GO-149,GO,Goiás,Centro-Oeste,36437,2106.15,1183603.75,32483.57
Municipio MG-474,MG,Minas Gerais,Sudeste,66036,1308.1,1063314.38,16102.04
Municipio CE-030,CE,Ceará,Nordeste,85934,569.75,580351.77,6753.46
Municipio RJ-033,RJ,Rio de Janeiro,Sudeste,7646,1353.45,114815.86,15016.46
Municipio PI-140,PI,Piauí,Nordeste,2442,1035.01,37120.94,15201.04
Municipio MS-063,MS,Mato Grosso do Sul,Centro-Oeste,27605,1158.18,526195.48,19061.6
Municipio RS-297,RS,Rio Grande do Sul,Sul,1003,1930.45,29484.78,29396.59
Municipio MG-722,MG,Minas Gerais,Sudeste,3740,1751.36,117098.69,31309.81
Municipio PB-172,PB,Paraíba,Nordeste,14298,856.73,184209.18,12883.56
Municipio PB-150,PB,Paraíba,Nordeste,5432,1067.69,88402.06,16274.31
Municipio TO-098,TO,Tocantins,Norte,99304,1392.32,2124090.15,21389.77
Municipio MG-381,MG,Minas Gerais,Sudeste,7641,1413.98,128441.44,16809.51
Municipio MS-047,MS,Mato Grosso do Sul,Centro-Oeste,28214,1213.49,638549.38,22632.36
Municipio PA-093,PA,Pará,Norte,120744,742.26,1465075.53,12133.73
Municipio BA-378,BA,Bahia,Nordeste,29670,572.59,240055.22,8090.84
Municipio PB-124,PB,Paraíba,Nordeste,18575,642.44,172010.47,9260.32
Municipio AL-030,AL,Alagoas,Nordeste,18594,802.26,209726.43,11279.25
Municipio RS-248,RS,Rio Grande do Sul,Sul,40694,1509.89,801601.48,19698.27
Municipio PI-130,PI,Piauí,Nordeste,2448,1078.02,31193.23,12742.33
Municipio BA-199,BA,Bahia,Nordeste,34042,1289.21,573268.84,16840.05
Municipio ES-077,ES,Espírito Santo,Sudeste,7044,1440.87,138751.4,19697.81
Municipio RJ-001,RJ,Rio de Janeiro,Sudeste,4355,2151.25,134049.73,30780.65
Municipio PE-020,PE,Pernambuco,Nordeste,21742,1174.86,342111.27,15735.04
Municipio BA-070,BA,Bahia,Nordeste,35297,763.19,485973.07,13768.11
Municipio PR-053,PR,Paraná,Sul,27080,2128.72,845572.24,31224.97
Municipio SP-448,SP,São Paulo,Sudeste,19257,1146.86,392626.8,20388.78
Municipio AL-021,AL,Alagoas,Nordeste,11006,1209.38,230086.53,20905.55
Municipio AL-047,AL,Alagoas,Nordeste,1453,595.47,11184.13,7697.27
Municipio PA-134,PA,Pará,Norte,16342,1132.45,242506.36,14839.45
Municipio MA-073,MA,Maranhão,Nordeste,96162,1232.5,1815878.53,18883.54
Municipio SC-155,SC,Santa Catarina,Sul,2718,1798.23,76901.81,28293.53
Municipio MA-066,MA,Maranhão,Nordeste,3316,634.11,26086.99,7867.01
Municipio PB-048,PB,Paraíba,Nordeste,6494,1220.94,91143.15,14034.98
Municipio GO-009,GO,Goiás,Centro-Oeste,6047,1523.43,154604.33,25567.11
Municipio ES-042,ES,Espírito Santo,Sudeste,22381,2365.13,834391.71,37281.25
Municipio RS-285,RS,Rio Grande do Sul,Sul,100653,1829.25,3262701.22,32415.34
Municipio MG-744,MG,Minas Gerais,Sudeste,6915,2131.0,234753.27,33948.41
Municipio RN-006,RN,Rio Grande do Norte,Nordeste,9597,938.29,151330.15,15768.48
Municipio MT-086,MT,Mato Grosso,Centro-Oeste,11967,968.32,185244.69,15479.63
Municipio MG-771,MG,Minas Gerais,Sudeste,91113,1625.8,2385217.09,26178.67
Municipio MG-563,MG,Minas Gerais,Sudeste,344819,1408.38,7934842.7,23011.62
Municipio MG-415,MG,Minas Gerais,Sudeste,6567,1716.09,205811.05,31340.19
Municipio PB-086,PB,Paraíba,Nordeste,7174,1253.32,146586.19,20432.98
Municipio GO-184,GO,Goiás,Centro-Oeste,100458,1822.92,2895656.37,28824.55
Municipio RN-033,RN,Rio Grande do Norte,Nordeste,40994,813.67,639492.47,15599.66
Municipio GO-102,GO,Goiás,Centro-Oeste,2304,1660.69,51956.98,22550.77
Municipio SP-512,SP,São Paulo,Sudeste,413256,1817.2,11881477.02,28750.89
Municipio PR-202,PR,Paraná,Sul,90690,2269.78,2417913.96,26661.31
Municipio RN-077,RN,Rio Grande do Norte,Nordeste,1747,1194.7,25588.75,14647.25
Municipio SP-240,SP,São Paulo,Sudeste,41389,1786.08,1082021.85,26142.74
Municipio PA-080,PA,Pará,Norte,13528,1235.98,201886.07,14923.57
Municipio MG-284,MG,Minas Gerais,Sudeste,3095,1403.9,69005.82,22295.9
Municipio CE-138,CE,Ceará,Nordeste,1240,1212.09,21482.33,17324.46
Municipio MG-832,MG,Minas Gerais,Sudeste,15313,2392.24,653681.22,42687.99
Municipio SC-231,SC,Santa Catarina,Sul,13789,1131.9,237612.87,17232.06
Municipio DF-001,DF,Distrito Federal,Centro-Oeste,18728,1686.3,565946.95,30219.29
Municipio SP-587,SP,São Paulo,Sudeste,2197,1492.44,35812.58,16300.67
Municipio SC-175,SC,Santa Catarina,Sul,6788,2354.74,278012.58,40956.48
Municipio BA-415,BA,Bahia,Nordeste,2032,882.84,34198.53,16829.99
Municipio CE-074,CE,Ceará,Nordeste,11944,598.69,103108.51,8632.66
Municipio MG-336,MG,Minas Gerais,Sudeste,2781,1573.1,63928.64,22987.64
Municipio MG-348,MG,Minas Gerais,Sudeste,3292,1705.59,73068.13,22195.67
Municipio RS-221,RS,Rio Grande do Sul,Sul,4061,1796.33,119488.54,29423.43
Municipio MG-007,MG,Minas Gerais,Sudeste,14006,1559.12,394203.28,28145.31
Municipio CE-022,CE,Ceará,Nordeste,26586,1109.51,371336.35,13967.36
Municipio MG-208,MG,Minas Gerais,Sudeste,24827,1511.42,576999.17,23240.79
Municipio PA-042,PA,Pará,Norte,31252,1252.96,660918.77,21148.05
Municipio BA-195,BA,Bahia,Nordeste,21605,579.64,191515.42,8864.4
Municipio ES-067,ES,Espírito Santo,Sudeste,26782,2275.91,670438.87,25033.19
Municipio MG-410,MG,Minas Gerais,Sudeste,39293,1022.61,567987.39,14455.18
Municipio PR-247,PR,Paraná,Sul,17016,1606.66,316729.53,18613.63
Municipio PB-109,PB,Paraíba,Nordeste,4169,1016.85,68601.1,16455.05
Municipio TO-056,TO,Tocantins,Norte,155189,1386.65,2831421.1,18244.99
Municipio BA-112,BA,Bahia,Nordeste,16119,860.71,169832.26,10536.15
Municipio SP-543,SP,São Paulo,Sudeste,65190,1782.76,2124135.12,32583.76
Municipio MG-234,MG,Minas Gerais,Sudeste,20187,997.26,312057.67,15458.35
Municipio PE-138,PE,Pernambuco,Nordeste,4221,705.68,40087.59,9497.18
Municipio PR-082,PR,Paraná,Sul,15452,1810.7,320459.89,20739.06
Municipio RN-038,RN,Rio Grande do Norte,Nordeste,6544,673.13,54158.68,8276.08
Municipio BA-417,BA,Bahia,Nordeste,1430,1242.0,22959.77,16055.78
Municipio SC-230,SC,Santa Catarina,Sul,35515,2097.87,1288466.94,36279.51
Municipio RS-313,RS,Rio Grande do Sul,Sul,11692,1467.45,297382.93,25434.74
Municipio RR-015,RR,Roraima,Norte,6042,658.16,45826.51,7584.66
Municipio SC-055,SC,Santa Catarina,Sul,117527,1702.23,3591548.18,30559.35
Municipio MA-036,MA,Maranhão,Nordeste,51366,761.6,521919.42,10160.8
Municipio PB-036,PB,Paraíba,Nordeste,7193,1198.72,115668.27,16080.67
Municipio MT-080,MT,Mato Grosso,Centro-Oeste,7258,1121.52,113889.81,15691.62
Municipio RS-314,RS,Rio Grande do Sul,Sul,11469,2004.25,276511.76,24109.49
Municipio RS-156,RS,Rio Grande do Sul,Sul,19611,2335.81,638572.0,32561.93
Municipio BA-290,BA,Bahia,Nordeste,20444,1139.29,258902.34,12663.98
Municipio SP-068,SP,São Paulo,Sudeste,32403,2065.21,1198044.82,36973.27
Municipio CE-147,CE,Ceará,Nordeste,16990,657.41,204661.47,12046.0
Municipio AL-081,AL,Alagoas,Nordeste,26945,1032.12,316163.02,11733.64
Municipio SC-221,SC,Santa Catarina,Sul,22269,1966.06,631878.24,28374.79
Municipio RS-269,RS,Rio Grande do Sul,Sul,3518,2048.43,86319.73,24536.59
Municipio RJ-079,RJ,Rio de Janeiro,Sudeste,19375,2104.96,770407.82,39762.98
Municipio RS-143,RS,Rio Grande do Sul,Sul,2704,1115.52,41800.48,15458.76
Municipio SP-456,SP,São Paulo,Sudeste,9455,1934.37,223506.54,23638.98
Municipio SP-345,SP,São Paulo,Sudeste,75232,1841.27,1596589.69,21222.22
Municipio MT-058,MT,Mato Grosso,Centro-Oeste,27442,2265.14,920929.56,33559.13
Municipio MG-833,MG,Minas Gerais,Sudeste,37903,1646.3,829809.76,21892.98
Municipio RN-059,RN,Rio Grande do Norte,Nordeste,2563,586.16,16896.56,6592.49
Municipio TO-139,TO,Tocantins,Norte,5960,1253.97,137850.86,23129.34
Municipio GO-243,GO,Goiás,Centro-Oeste,5289,1034.69,85745.55,16212.05
Municipio SP-250,SP,São Paulo,Sudeste,43892,2421.52,1212373.5,27621.74
Municipio RN-064,RN,Rio Grande do Norte,Nordeste,15018,968.09,216918.17,14443.88
Municipio AL-017,AL,Alagoas,Nordeste,6752,600.02,54594.12,8085.62
Municipio MG-116,MG,Minas Gerais,Sudeste,26249,1190.75,558867.13,21290.99
Municipio SC-019,SC,Santa Catarina,Sul,11513,1560.52,313925.87,27267.08
Municipio MG-370,MG,Minas Gerais,Sudeste,46049,1542.88,982226.92,21330.04
Municipio SP-135,SP,São Paulo,Sudeste,7039,1657.91,131404.41,18668.05
Municipio RS-284,RS,Rio Grande do Sul,Sul,22455,1999.32,822253.12,36617.82
Municipio GO-232,GO,Goiás,Centro-Oeste,10738,2240.26,450398.03,41944.31
Municipio RS-474,RS,Rio Grande do Sul,Sul,1210,2389.58,49640.89,41025.53
Municipio MA-035,MA,Maranhão,Nordeste,7076,807.32,93263.38,13180.24
Municipio SP-212,SP,São Paulo,Sudeste,12986,1852.72,442011.66,34037.55
Municipio SP-592,SP,São Paulo,Sudeste,21195,1309.58,383140.45,18076.93
Municipio TO-023,TO,Tocantins,Norte,15153,1235.56,208046.42,13729.72
Municipio BA-368,BA,Bahia,Nordeste,3709,1005.69,55811.34,15047.54
Municipio TO-122,TO,Tocantins,Norte,71926,750.6,748459.83,10405.97
Municipio SP-352,SP,São Paulo,Sudeste,71800,1789.57,1416786.58,19732.4
Municipio PI-110,PI,Piauí,Nordeste,5886,716.41,66943.54,11373.35
Municipio RS-417,RS,Rio Grande do Sul,Sul,55188,1250.09,1274321.07,23090.55
Municipio MG-058,MG,Minas Gerais,Sudeste,2660,1316.23,46275.54,17396.82
Municipio PR-189,PR,Paraná,Sul,8564,1371.89,131079.08,15305.82
Municipio ES-055,ES,Espírito Santo,Sudeste,5384,1338.86,88242.94,16389.85
Municipio CE-054,CE,Ceará,Nordeste,29012,1053.09,446055.71,15374.87
Municipio BA-293,BA,Bahia,Nordeste,2600,564.81,22734.19,8743.92
Municipio SP-141,SP,São Paulo,Sudeste,476493,2219.47,19052250.15,39984.32
Municipio PR-023,PR,Paraná,Sul,498248,1852.45,10531571.13,21137.21
Municipio SP-025,SP,São Paulo,Sudeste,29490,1769.6,991439.4,33619.51
Municipio BA-224,BA,Bahia,Nordeste,3699,949.5,56703.66,15329.46
Municipio BA-110,BA,Bahia,Nordeste,40042,1282.32,601503.22,15021.81
Municipio MG-677,MG,Minas Gerais,Sudeste,45587,1447.45,1128056.05,24745.13
Municipio RS-386,RS,Rio Grande do Sul,Sul,37120,1202.72,577355.39,15553.76
Municipio TO-104,TO,Tocantins,Norte,8948,1034.69,117992.48,13186.46
Municipio MT-105,MT,Mato Grosso,Centro-Oeste,2094,1092.67,24847.32,11865.96
Municipio PI-146,PI,Piauí,Nordeste,3488,765.73,32458.43,9305.74
Municipio MS-072,MS,Mato Grosso do Sul,Centro-Oeste,189516,1221.41,3455976.42,18235.8
Municipio PR-388,PR,Paraná,Sul,119346,1030.08,1937936.34,16237.97
Municipio AL-101,AL,Alagoas,Nordeste,161033,1169.03,3563466.02,22128.79
Municipio RS-101,RS,Rio Grande do Sul,Sul,24904,2510.49,748168.07,30042.08
Municipio BA-066,BA,Bahia,Nordeste,11117,1154.52,188796.43,16982.68
