municipio,uf,estado,regiao,populacao,renda_media_mensal,pib_anual_mil_reais,pib_per_capita_reais
Ribeirão Horizonte das Palmeiras,GO,Goiás,Centro-Oeste,2501,1022.39,37094.78,14831.98
Cruz Feliz do Oeste,PI,Piauí,Nordeste,3538,1262.4,78123.23,22081.18
Jaboti Dourado do Cerrado,PR,Paraná,Sul,9232,1239.93,129020.14,13975.32
Ipê Branco do Leste,MG,Minas Gerais,Sudeste,6456,1978.73,189022.43,29278.57
Barra Grande do Campo,RS,Rio Grande do Sul,Sul,12129,2496.68,497633.93,41028.44
Jaboti das Flores de Minas,SC,Santa Catarina,Sul,6645,2268.12,204401.78,30760.24
Vale do Norte das Palmeiras,BA,Bahia,Nordeste,11575,1220.75,161235.07,13929.6
Vila Verde do Leste,SP,São Paulo,Sudeste,95585,2410.44,2532805.08,26497.93
Barra Bonita de Minas,SC,Santa Catarina,Sul,11376,2516.32,474562.44,41716.11
Cachoeira Vitória das Palmeiras,MG,Minas Gerais,Sudeste,5485,1335.65,103683.48,18903.1
Aracê Novo do Oeste,MG,Minas Gerais,Sudeste,15012,1782.24,500894.85,33366.3
Ipê Branco das Palmeiras,MG,Minas Gerais,Sudeste,13632,1696.3,416660.36,30564.87
Lagoa Bonita Colonial,RR,Roraima,Norte,5809,1223.17,126824.47,21832.41
Pinheiro Aurora Menor,GO,Goiás,Centro-Oeste,5767,1106.61,109569.14,18999.33
Nova Novo Paulista,MG,Minas Gerais,Sudeste,31274,2278.59,938148.79,29997.72
Santo Branco de Minas,SP,São Paulo,Sudeste,13954,1398.91,316225.71,22662.01
Pinheiro Dourado Maior,MT,Mato Grosso,Centro-Oeste,9505,1478.32,171502.01,18043.35
Bela Preto das Palmeiras,BA,Bahia,Nordeste,5408,618.53,38119.2,7048.67
Boa Branco de Minas,GO,Goiás,Centro-Oeste,27424,1606.78,744076.26,27132.3
Serra Alegre de Minas,SP,São Paulo,Sudeste,21154,2070.97,609486.23,28811.87
Coração Verde de Minas,BA,Bahia,Nordeste,19115,940.41,310947.11,16267.18
Vale Dourado de Minas,PB,Paraíba,Nordeste,12527,1187.69,259155.83,20687.78
Cruz Verde Central,MG,Minas Gerais,Sudeste,1545,1747.2,42359.33,27417.04
Vale Grande do Oeste,BA,Bahia,Nordeste,17803,610.98,166849.5,9371.99
Santo Preto do Oeste,SC,Santa Catarina,Sul,780,1083.05,15015.44,19250.56
Aracê Vista Colonial,RS,Rio Grande do Sul,Sul,13654,1525.3,304162.78,22276.46
Porto Novo Menor,SP,São Paulo,Sudeste,102916,2365.52,4262957.62,41421.72
Campo Branco da Mata,RS,Rio Grande do Sul,Sul,20096,2205.21,782114.85,38918.93
Coração Bonita Paulista,MG,Minas Gerais,Sudeste,3243,1695.98,67348.04,20767.2
Vila União de Minas,MG,Minas Gerais,Sudeste,22646,1138.88,429639.41,18971.98
Pinheiro da Serra do Cerrado,PI,Piauí,Nordeste,6304,942.81,72024.7,11425.24
Novo Grande Maior,MS,Mato Grosso do Sul,Centro-Oeste,101765,2328.33,3299169.02,32419.49
Monte Aurora do Oeste,PB,Paraíba,Nordeste,34816,624.86,266714.23,7660.68
Monte das Flores da Mata,PR,Paraná,Sul,130287,1047.65,1938195.75,14876.36
Pinheiro Aurora do Leste,RS,Rio Grande do Sul,Sul,40594,1431.92,828346.03,20405.63
Serra da Serra de Minas,MT,Mato Grosso,Centro-Oeste,22059,1733.97,727440.92,32977.06
Campo Bonita das Palmeiras,PR,Paraná,Sul,4274,1626.2,107643.1,25185.56
Lagoa Novo,RN,Rio Grande do Norte,Nordeste,7204,647.95,63789.41,8854.72
Palmeira Bonita do Cerrado,PR,Paraná,Sul,50957,1324.62,907985.34,17818.66
Boa Alegre Central,SP,São Paulo,Sudeste,16736,1114.65,207896.66,12422.12
Nova dos Campos do Campo,PR,Paraná,Sul,8293,1933.74,228907.83,27602.54
São União Colonial,PI,Piauí,Nordeste,50626,1104.05,686408.23,13558.41
Alto Vista Central,PI,Piauí,Nordeste,30037,714.76,319361.33,10632.26
Boa Belo das Palmeiras,AP,Amapá,Norte,6873,951.58,116213.51,16908.7
Novo Bonito do Oeste,MG,Minas Gerais,Sudeste,12952,2345.82,566177.4,43713.51
São Verde do Cerrado,PR,Paraná,Sul,82421,1817.81,2821634.5,34234.41
Rio Grande das Palmeiras,MG,Minas Gerais,Sudeste,20183,1821.2,660302.95,32715.8
Lagoa da Serra do Leste,GO,Goiás,Centro-Oeste,14237,2229.82,514286.31,36123.22
Ribeirão do Norte Central,SE,Sergipe,Nordeste,56910,570.82,372673.82,6548.48
Vale Redonda Paulista,PB,Paraíba,Nordeste,27160,886.46,383060.31,14103.84
Nova Alegre,PI,Piauí,Nordeste,11095,1032.38,142390.24,12833.73
Rio Feliz do Leste,AM,Amazonas,Norte,6908,969.47,80266.53,11619.36
Boa dos Campos do Campo,GO,Goiás,Centro-Oeste,12807,2211.77,326790.21,25516.53
Jaboti Formosa Menor,RS,Rio Grande do Sul,Sul,6207,1449.53,110081.83,17735.11
Bela das Flores do Oeste,PE,Pernambuco,Nordeste,206185,694.13,2174520.64,10546.45
Nova Azul Paulista,RS,Rio Grande do Sul,Sul,52876,1058.34,1001915.4,18948.4
Alto do Norte Colonial,BA,Bahia,Nordeste,35143,758.56,447217.31,12725.64
Novo Alegre de Minas,RN,Rio Grande do Norte,Nordeste,18286,1222.9,302465.12,16540.8
Aracê Bonita Central,MS,Mato Grosso do Sul,Centro-Oeste,2531,1039.08,50402.85,19914.2
Coração Esperança da Mata,MG,Minas Gerais,Sudeste,51926,2423.8,1747076.67,33645.51
Palmeira do Sul Paulista,RO,Rondônia,Norte,9096,1270.56,217858.99,23951.08
Jaboti Preto do Campo,SP,São Paulo,Sudeste,8153,2069.71,196070.49,24048.88
São União do Oeste,SE,Sergipe,Nordeste,7738,1287.13,117829.09,15227.33
Santo do Norte,PB,Paraíba,Nordeste,5755,944.24,79174.5,13757.52
Nova do Vale da Mata,SC,Santa Catarina,Sul,98932,1122.64,1604666.47,16219.89
São do Norte,SP,São Paulo,Sudeste,15729,1021.79,195361.97,12420.5
Novo das Flores da Mata,MT,Mato Grosso,Centro-Oeste,37343,1129.43,456632.98,12228.07
Coração Preto,CE,Ceará,Nordeste,13754,1319.06,329818.84,23979.85
Alto Vitória,MG,Minas Gerais,Sudeste,10943,2207.69,439272.8,40141.9
Vila União do Cerrado,RN,Rio Grande do Norte,Nordeste,2998,1149.4,64536.75,21526.6
Vila do Sul do Cerrado,GO,Goiás,Centro-Oeste,15970,1437.29,433485.15,27143.72
Vila do Vale,PB,Paraíba,Nordeste,9459,1291.0,165508.5,17497.46
Vila União Menor,SC,Santa Catarina,Sul,18449,1306.71,295931.06,16040.49
Alto do Sul das Palmeiras,RS,Rio Grande do Sul,Sul,8638,1222.25,181593.88,21022.68
Campo Vista,SP,São Paulo,Sudeste,51273,1281.67,929681.72,18131.99
Porto Vista,CE,Ceará,Nordeste,10040,725.58,101884.59,10147.87
Santo União do Campo,MG,Minas Gerais,Sudeste,1782,2019.32,42068.67,23607.56
Vila Redonda da Mata,MS,Mato Grosso do Sul,Centro-Oeste,16176,1944.13,516281.06,31916.48
Jaboti Verde da Mata,PB,Paraíba,Nordeste,19787,783.74,243799.3,12321.19
Nova do Vale do Oeste,PA,Pará,Norte,43701,1337.12,858820.9,19652.2
Lagoa Horizonte Maior,PR,Paraná,Sul,1617,2208.95,54567.37,33746.05
Campo Formosa das Palmeiras,GO,Goiás,Centro-Oeste,11451,2050.34,311758.34,27225.42
Lagoa do Vale Maior,RJ,Rio de Janeiro,Sudeste,2130,1851.65,71514.79,33575.02
Ipê Azul Colonial,RN,Rio Grande do Norte,Nordeste,1382,825.4,16307.35,11799.82
Nova Claro da Mata,RN,Rio Grande do Norte,Nordeste,12395,1317.26,269507.75,21743.26
Lagoa Novo Paulista,PI,Piauí,Nordeste,22701,1201.98,386392.9,17020.96
Vila Bonita,RO,Rondônia,Norte,11391,893.89,188431.24,16542.12
Nova Horizonte do Leste,PR,Paraná,Sul,140229,1400.61,2847400.21,20305.36
Serra Verde do Cerrado,MS,Mato Grosso do Sul,Centro-Oeste,5075,2041.69,158727.24,31276.3
Alto Bonito Maior,MG,Minas Gerais,Sudeste,6053,998.22,101639.25,16791.55
Palmeira Vista,MT,Mato Grosso,Centro-Oeste,34594,1555.09,669796.05,19361.62
Campo Redonda,SP,São Paulo,Sudeste,3190,2030.56,116738.37,36595.1
Aracê Grande do Cerrado,AM,Amazonas,Norte,9392,641.77,93390.45,9943.62
Cachoeira Dourado do Campo,BA,Bahia,Nordeste,22310,630.9,192644.05,8634.87
Santo Verde da Mata,MG,Minas Gerais,Sudeste,17536,1380.29,326096.11,18595.81
Lagoa do Sul Maior,SP,São Paulo,Sudeste,33081,1977.91,1141338.82,34501.34
Barra Azul,PR,Paraná,Sul,36105,2340.23,1385521.62,38374.79
Vale Alegre,SC,Santa Catarina,Sul,3939,1689.91,104532.9,26537.93
Cachoeira Alegre Menor,MG,Minas Gerais,Sudeste,3567,1789.49,105642.32,29616.57
Porto Redonda das Palmeiras,MS,Mato Grosso do Sul,Centro-Oeste,8122,1153.01,134738.54,16589.33
Alto Grande da Mata,TO,Tocantins,Norte,71271,979.0,1064501.81,14935.97
Bela Alegre do Cerrado,RS,Rio Grande do Sul,Sul,13237,1495.58,292261.81,22079.16
Vale Vitória Central,PR,Paraná,Sul,18138,1745.63,387782.18,21379.54
Boa Horizonte,PE,Pernambuco,Nordeste,58680,825.15,659280.91,11235.19
Campo Feliz Central,SP,São Paulo,Sudeste,57137,1500.12,929571.73,16269.17
Porto das Flores,PR,Paraná,Sul,21660,1163.21,415540.34,19184.69
Monte Alegre Maior,MG,Minas Gerais,Sudeste,9346,2113.61,363603.23,38904.69
Vale das Flores da Mata,MG,Minas Gerais,Sudeste,9022,1458.62,153117.33,16971.55
Campo Horizonte,SC,Santa Catarina,Sul,4298,1451.28,84570.76,19676.77
Aracê União,RS,Rio Grande do Sul,Sul,3565,1722.94,112947.43,31682.31
Monte Dourado do Campo,SP,São Paulo,Sudeste,42709,1870.68,1425307.45,33372.53
Alto do Norte das Palmeiras,MG,Minas Gerais,Sudeste,19910,2476.92,643111.29,32300.92
Bela Esperança do Campo,CE,Ceará,Nordeste,3863,947.81,65261.91,16894.1
Vale Real,BA,Bahia,Nordeste,6845,1131.41,115612.5,16890.07
Coração Real do Leste,CE,Ceará,Nordeste,3643,1051.44,71543.1,19638.51
Novo União de Minas,MG,Minas Gerais,Sudeste,5295,1745.48,149967.62,28322.5
Barra Novo da Mata,PE,Pernambuco,Nordeste,49201,546.79,314339.65,6388.89
Boa Verde da Mata,PB,Paraíba,Nordeste,53096,843.45,820828.79,15459.33
Cruz União Paulista,GO,Goiás,Centro-Oeste,17969,2109.01,492771.82,27423.44
Bela da Serra das Palmeiras,BA,Bahia,Nordeste,15903,1122.28,217069.37,13649.59
Ipê Formosa Paulista,PB,Paraíba,Nordeste,20135,916.89,235549.44,11698.51
Barra Horizonte do Cerrado,TO,Tocantins,Norte,5891,1406.27,102916.43,17470.11
Novo Vista Menor,GO,Goiás,Centro-Oeste,13176,2314.55,349762.76,26545.44
Bela Verde Paulista,SC,Santa Catarina,Sul,5087,1205.73,102672.35,20183.28
Barra dos Campos Paulista,RS,Rio Grande do Sul,Sul,10115,1496.6,268224.63,26517.51
Lagoa dos Campos do Cerrado,SP,São Paulo,Sudeste,4373,2221.64,155768.31,35620.47
Alto Alegre do Campo,SP,São Paulo,Sudeste,2311,1187.83,49786.03,21543.07
Novo do Sul Central,PB,Paraíba,Nordeste,5186,1001.14,98995.51,19088.99
Aracê Feliz Central,MG,Minas Gerais,Sudeste,203956,1123.89,3212747.5,15752.16
Porto dos Campos de Minas,TO,Tocantins,Norte,8900,621.94,85726.81,9632.23
Lagoa do Vale,RS,Rio Grande do Sul,Sul,42496,2038.9,1143063.93,26898.15
Serra Claro do Cerrado,MT,Mato Grosso,Centro-Oeste,18559,1773.84,468515.76,25244.67
Rio Alegre Menor,PI,Piauí,Nordeste,13657,806.85,202691.23,14841.56
Cachoeira Grande do Oeste,MG,Minas Gerais,Sudeste,8390,2276.96,314637.23,37501.46
Aracê Azul de Minas,PA,Pará,Norte,301685,892.54,4811800.06,15949.75
Novo Dourado do Cerrado,PR,Paraná,Sul,6178,2458.05,167040.75,27038.0
Lagoa dos Campos do Leste,TO,Tocantins,Norte,2574,894.48,38674.77,15025.16
Rio Redonda do Campo,GO,Goiás,Centro-Oeste,6489,1707.51,161293.39,24856.43
Nova Belo do Campo,SC,Santa Catarina,Sul,11342,1339.56,290907.57,25648.7
Barra Esperança do Leste,BA,Bahia,Nordeste,3995,1314.14,100309.92,25108.87
Serra Alegre do Campo,SP,São Paulo,Sudeste,9806,1697.76,245154.69,25000.48
Nova Formosa Paulista,ES,Espírito Santo,Sudeste,43502,1141.33,707479.43,16263.15
Cachoeira Aurora do Campo,PR,Paraná,Sul,17577,1819.37,398401.93,22666.09
Campo Feliz das Palmeiras,TO,Tocantins,Norte,9232,1392.19,193113.97,20917.89
Aracê Vitória Menor,TO,Tocantins,Norte,17003,1379.89,428935.88,25227.07
Novo Belo da Mata,MA,Maranhão,Nordeste,11516,636.78,81969.84,7117.91
Porto Feliz do Oeste,SP,São Paulo,Sudeste,13780,1541.64,332011.83,24093.75
Pinheiro do Norte Paulista,MG,Minas Gerais,Sudeste,10199,1609.74,184752.01,18114.72
Jaboti Feliz,BA,Bahia,Nordeste,3006,743.06,27774.72,9239.76
Ribeirão Azul de Minas,PE,Pernambuco,Nordeste,10481,619.32,121092.72,11553.55
Santa da Serra do Campo,MG,Minas Gerais,Sudeste,28536,1432.49,612887.85,21477.71
Serra Bonita,MG,Minas Gerais,Sudeste,3036,1166.03,63105.17,20785.63
Aracê Preto Central,SC,Santa Catarina,Sul,6586,2353.86,289760.08,43996.37
Boa União Paulista,PR,Paraná,Sul,66084,2481.02,1830388.44,27697.91
Vila Alegre do Oeste,SE,Sergipe,Nordeste,3144,970.44,35678.97,11348.27
Aracê Vitória do Cerrado,BA,Bahia,Nordeste,30129,1022.08,535178.77,17762.91
Cruz Formosa,SC,Santa Catarina,Sul,26460,2543.76,1052389.14,39772.83
Coração do Vale do Cerrado,RS,Rio Grande do Sul,Sul,136448,2573.58,4607217.63,33765.37
Porto Redonda Colonial,RN,Rio Grande do Norte,Nordeste,2789,678.82,35608.87,12767.61
Cachoeira Verde Colonial,SC,Santa Catarina,Sul,19650,2528.04,711394.73,36203.29
Coração Dourado,RS,Rio Grande do Sul,Sul,3819,1103.58,78712.62,20610.79
Nova Bonita Maior,PA,Pará,Norte,11059,791.33,147567.93,13343.7
Porto Vitória Maior,SE,Sergipe,Nordeste,18224,1056.97,229294.08,12581.98
Bela União da Mata,MA,Maranhão,Nordeste,11444,800.39,168203.46,14697.96
Porto Aurora das Palmeiras,MG,Minas Gerais,Sudeste,33759,1360.53,722961.55,21415.37
Serra Azul da Mata,RS,Rio Grande do Sul,Sul,31252,2058.71,734678.06,23508.19
Pinheiro União do Oeste,MA,Maranhão,Nordeste,32001,568.55,335785.39,10492.97
Aracê dos Campos do Oeste,SC,Santa Catarina,Sul,1818,1734.23,58273.93,32053.87
Alto Feliz do Campo,TO,Tocantins,Norte,934,650.55,9766.46,10456.6
Boa Alegre das Palmeiras,RS,Rio Grande do Sul,Sul,42665,1204.57,812518.94,19044.16
Coração Claro do Campo,BA,Bahia,Nordeste,154252,1182.09,2546277.27,16507.26
Bela Aurora de Minas,MG,Minas Gerais,Sudeste,24302,1611.18,617518.32,25410.19
Vale Alegre do Campo,TO,Tocantins,Norte,3290,1193.65,68747.41,20895.87
Ipê Alegre Menor,MG,Minas Gerais,Sudeste,20432,1218.64,338275.87,16556.18
Aracê Grande,MT,Mato Grosso,Centro-Oeste,9922,2277.04,270313.7,27243.87
Vila Formosa Paulista,PI,Piauí,Nordeste,10764,822.51,140494.59,13052.27
Boa dos Campos do Leste,SP,São Paulo,Sudeste,7419,1213.67,147271.03,19850.52
Alto do Norte do Cerrado,SP,São Paulo,Sudeste,8750,2071.76,217031.5,24803.6
Porto Verde Central,PB,Paraíba,Nordeste,14828,1059.95,278521.81,18783.5
Barra Aurora das Palmeiras,GO,Goiás,Centro-Oeste,11490,2316.22,465898.95,40548.21
Vale Preto Menor,RN,Rio Grande do Norte,Nordeste,7268,1135.02,151257.15,20811.39
Nova Aurora Colonial,PI,Piauí,Nordeste,20786,1183.18,385738.23,18557.6
Boa Redonda das Palmeiras,PB,Paraíba,Nordeste,21931,976.44,267930.41,12216.97
Novo Formosa,SP,São Paulo,Sudeste,780,2235.63,28199.76,36153.54
Pinheiro da Serra do Campo,BA,Bahia,Nordeste,3118,600.78,29595.27,9491.75
Bela Dourado Menor,GO,Goiás,Centro-Oeste,6787,1802.38,175642.59,25879.27
Vale Esperança Maior,SP,São Paulo,Sudeste,8346,1385.48,157532.5,18875.21
Boa Formosa das Palmeiras,SP,São Paulo,Sudeste,15123,2117.63,544980.71,36036.55
Monte Belo de Minas,MG,Minas Gerais,Sudeste,7818,1198.91,156418.95,20007.54
Rio das Flores Central,SC,Santa Catarina,Sul,2431,2430.06,105528.38,43409.45
Palmeira dos Campos Maior,SP,São Paulo,Sudeste,2788,1660.86,71612.25,25685.89
Barra do Vale,MG,Minas Gerais,Sudeste,1506,2318.73,66520.51,44170.33
Palmeira Feliz,BA,Bahia,Nordeste,2866,1266.64,50835.08,17737.29
Serra do Vale Central,SC,Santa Catarina,Sul,49506,1258.12,728395.6,14713.28
Ribeirão do Vale de Minas,MT,Mato Grosso,Centro-Oeste,13051,2061.65,481306.18,36878.87
Cachoeira das Flores de Minas,MG,Minas Gerais,Sudeste,20628,1096.56,317479.97,15390.73
Alto Vitória Menor,PR,Paraná,Sul,6745,2218.08,206263.62,30580.23
Jaboti do Sul do Leste,PI,Piauí,Nordeste,21619,1206.1,395328.78,18286.17
Nova Horizonte Maior,BA,Bahia,Nordeste,7616,852.7,122598.43,16097.48
Lagoa Alegre da Mata,PE,Pernambuco,Nordeste,52855,1146.27,966811.08,18291.76
Santa Aurora das Palmeiras,SC,Santa Catarina,Sul,6377,1772.61,164712.06,25829.08
Bela Dourado,SC,Santa Catarina,Sul,12890,1610.09,298750.45,23176.92
Rio Branco do Campo,SC,Santa Catarina,Sul,16031,1793.39,420031.37,26201.2
Jaboti Vitória das Palmeiras,PR,Paraná,Sul,15266,1293.76,239262.33,15672.89
São Redonda Maior,SC,Santa Catarina,Sul,57883,2294.14,1607974.92,27779.74
Lagoa Verde Menor,PR,Paraná,Sul,4819,1636.55,100774.02,20911.81
Cachoeira Redonda das Palmeiras,GO,Goiás,Centro-Oeste,37414,2192.87,1445195.25,38627.12
Novo Redonda do Campo,SP,São Paulo,Sudeste,43223,2137.74,1642329.45,37996.66
Palmeira Alegre do Campo,AM,Amazonas,Norte,13389,814.43,204040.69,15239.43
Cachoeira do Vale do Leste,MA,Maranhão,Nordeste,5217,877.3,51899.37,9948.13
Ribeirão Feliz da Mata,SP,São Paulo,Sudeste,15399,1783.04,353714.18,22969.94
Santo Redonda do Oeste,MG,Minas Gerais,Sudeste,8089,1505.38,221464.54,27378.48
Palmeira Preto Menor,RN,Rio Grande do Norte,Nordeste,53885,554.08,497251.43,9228.01
Ribeirão Bonita do Oeste,PI,Piauí,Nordeste,17493,877.28,185025.22,10577.1
Rio do Vale de Minas,MA,Maranhão,Nordeste,10454,857.2,146991.8,14060.82
Porto Alegre,PA,Pará,Norte,6419,820.09,77386.55,12055.86
Boa da Serra Menor,MA,Maranhão,Nordeste,4767,712.78,64158.96,13458.98
Coração do Sul do Leste,PR,Paraná,Sul,18890,2371.9,614755.87,32543.98
Monte Bonito,SP,São Paulo,Sudeste,18041,1761.13,440413.01,24411.78
Santo Bonito,PR,Paraná,Sul,20364,1979.99,733325.43,36010.87
Vila Alegre do Cerrado,PI,Piauí,Nordeste,4101,783.07,56145.09,13690.59
Campo Verde,MG,Minas Gerais,Sudeste,3942,1759.4,117543.5,29818.24
Rio Azul Maior,RS,Rio Grande do Sul,Sul,15542,2078.37,471877.6,30361.45
Cachoeira Esperança,SP,São Paulo,Sudeste,10885,1081.41,169503.58,15572.22
Bela Azul Maior,TO,Tocantins,Norte,6428,1074.26,76351.71,11877.99
Pinheiro Formosa Paulista,PI,Piauí,Nordeste,101060,660.85,1259255.2,12460.47
Santo Dourado do Oeste,MG,Minas Gerais,Sudeste,21439,2472.15,626980.39,29244.85
Palmeira Aurora,SP,São Paulo,Sudeste,25837,1765.8,774234.18,29966.1
Monte Vista Maior,AP,Amapá,Norte,10523,1260.04,144387.8,13721.16
Monte Branco Paulista,PR,Paraná,Sul,780,1087.28,11645.62,14930.28
Vila Belo de Minas,MT,Mato Grosso,Centro-Oeste,1578,1715.08,38492.94,24393.5
Santa Preto do Campo,TO,Tocantins,Norte,12938,765.54,115122.16,8897.99
Cachoeira Dourado das Palmeiras,GO,Goiás,Centro-Oeste,20625,2187.82,652309.73,31627.14
Pinheiro Branco Maior,PA,Pará,Norte,58716,769.31,556847.42,9483.74
Bela do Norte do Campo,MG,Minas Gerais,Sudeste,3033,1558.92,76658.19,25274.71
Vale das Flores Paulista,RS,Rio Grande do Sul,Sul,2244,1510.99,60036.01,26754.02
Ribeirão Belo das Palmeiras,PR,Paraná,Sul,12807,2524.66,543968.38,42474.3
Novo Esperança Colonial,PR,Paraná,Sul,88574,1879.79,2450625.26,27667.55
Ipê Belo Colonial,PA,Pará,Norte,34513,730.05,419024.84,12141.07
Palmeira do Vale Menor,GO,Goiás,Centro-Oeste,6883,2065.09,208250.87,30255.83
São Formosa Central,PR,Paraná,Sul,16667,2076.25,483849.09,29030.36
Coração Branco,PR,Paraná,Sul,780,2204.72,23640.18,30307.92
Monte do Vale Colonial,RN,Rio Grande do Norte,Nordeste,74362,864.5,959462.71,12902.59
Barra Novo de Minas,AM,Amazonas,Norte,14985,945.48,191393.61,12772.35
São Alegre Central,PE,Pernambuco,Nordeste,25829,755.49,217938.16,8437.73
Coração das Flores da Mata,PI,Piauí,Nordeste,16415,636.92,140427.29,8554.82
Cruz das Flores Colonial,MA,Maranhão,Nordeste,36178,1184.29,801461.65,22153.29
Jaboti Branco do Cerrado,CE,Ceará,Nordeste,5256,1301.5,127980.26,24349.36
Coração Formosa do Campo,RR,Roraima,Norte,2725,1085.59,50313.45,18463.65
Vale Preto Colonial,RN,Rio Grande do Norte,Nordeste,10781,585.62,80175.69,7436.76
Serra do Norte do Campo,MG,Minas Gerais,Sudeste,3589,1352.04,54969.34,15316.06
Porto Real,SP,São Paulo,Sudeste,2382,1582.76,68981.22,28959.37
Santa Grande Colonial,MG,Minas Gerais,Sudeste,21050,1779.49,644757.2,30629.8
Cachoeira Real Central,CE,Ceará,Nordeste,219436,1144.32,4068904.77,18542.56
Ipê Bonita Central,BA,Bahia,Nordeste,3507,717.35,42396.56,12089.12
Vale Horizonte do Cerrado,BA,Bahia,Nordeste,7801,1065.58,141596.48,18151.07
Boa Verde,MA,Maranhão,Nordeste,4273,593.73,30731.66,7192.06
Coração Vista do Leste,BA,Bahia,Nordeste,28471,744.23,265278.88,9317.51
Santo União de Minas,MA,Maranhão,Nordeste,2077,651.44,24068.03,11587.88
Alto Grande do Oeste,PA,Pará,Norte,15286,881.65,240244.46,15716.63
Cachoeira Formosa do Cerrado,SP,São Paulo,Sudeste,18809,1085.08,286514.63,15232.85
São Aurora Colonial,MG,Minas Gerais,Sudeste,5019,1934.96,112934.85,22501.46
Santo Formosa Central,SE,Sergipe,Nordeste,19499,1276.61,395403.1,20278.12
Monte Vitória Menor,RN,Rio Grande do Norte,Nordeste,8497,1025.69,147595.69,17370.33
Monte do Sul,SP,São Paulo,Sudeste,4774,1807.94,96999.45,20318.28
Bela Bonito do Leste,BA,Bahia,Nordeste,7401,881.51,112620.48,15216.93
Coração Vista do Cerrado,GO,Goiás,Centro-Oeste,9676,986.53,137016.63,14160.46
Coração dos Campos Menor,RS,Rio Grande do Sul,Sul,30263,1807.64,745056.28,24619.38
Aracê do Sul Paulista,GO,Goiás,Centro-Oeste,2657,2066.0,68407.42,25746.11
Lagoa da Serra do Cerrado,GO,Goiás,Centro-Oeste,12227,1512.73,309607.74,25321.64
Novo Azul,SP,São Paulo,Sudeste,11750,1212.17,177493.41,15105.82
Palmeira Branco,MG,Minas Gerais,Sudeste,14005,1824.34,382418.82,27305.88
Aracê Novo de Minas,RS,Rio Grande do Sul,Sul,67225,1946.76,2200996.08,32740.74
Porto do Sul,GO,Goiás,Centro-Oeste,2628,1430.91,41927.63,15954.2
Lagoa Real do Oeste,SC,Santa Catarina,Sul,8953,2287.55,332129.19,37096.97
Monte Belo,PR,Paraná,Sul,97672,1043.92,1646776.29,16860.27
Boa Verde de Minas,SP,São Paulo,Sudeste,22714,2160.27,623516.47,27450.76
São dos Campos do Cerrado,RS,Rio Grande do Sul,Sul,2382,2154.71,62405.11,26198.62
Bela Belo,RS,Rio Grande do Sul,Sul,3890,1399.72,71267.02,18320.57
Novo Vista do Cerrado,MG,Minas Gerais,Sudeste,7554,1370.5,171623.35,22719.53
São Real Colonial,RJ,Rio de Janeiro,Sudeste,38210,1501.31,721589.08,18884.82
Alto do Vale Maior,TO,Tocantins,Norte,7808,633.59,78541.13,10059.06
Nova Real das Palmeiras,PA,Pará,Norte,3557,1138.1,69324.67,19489.65
Nova Grande Maior,MA,Maranhão,Nordeste,68202,883.74,946472.59,13877.49
Vale da Serra da Mata,RN,Rio Grande do Norte,Nordeste,20135,609.55,184258.77,9151.17
São Branco do Campo,MG,Minas Gerais,Sudeste,21343,2447.55,967033.51,45309.17
Vale Branco Menor,SP,São Paulo,Sudeste,7412,2162.86,272059.45,36705.27
Aracê Claro Menor,BA,Bahia,Nordeste,7073,1269.68,171804.79,24290.23
Porto Alegre Colonial,RO,Rondônia,Norte,10105,1078.66,174619.15,17280.47
Pinheiro Bonita das Palmeiras,MG,Minas Gerais,Sudeste,3139,2023.76,115613.86,36831.43
Boa Grande de Minas,PI,Piauí,Nordeste,4290,1173.36,71482.22,16662.52
Jaboti Verde,AM,Amazonas,Norte,89611,1184.37,1573925.12,17563.97
Ribeirão Vista das Palmeiras,PR,Paraná,Sul,1252,1525.45,25489.95,20359.38
Jaboti Aurora do Leste,MG,Minas Gerais,Sudeste,142384,1668.44,3586271.33,25187.32
Vale Redonda Central,PR,Paraná,Sul,7330,1440.05,175257.05,23909.56
Novo Redonda Paulista,MG,Minas Gerais,Sudeste,780,1621.37,17822.38,22849.21
Alto Claro Paulista,RN,Rio Grande do Norte,Nordeste,23559,1205.3,454507.21,19292.3
Lagoa dos Campos do Campo,PE,Pernambuco,Nordeste,2876,1062.56,44027.7,15308.66
Bela Preto do Leste,SP,São Paulo,Sudeste,16363,1546.07,374773.91,22903.74
Barra Formosa da Mata,AC,Acre,Norte,89017,1430.52,2012138.73,22603.98
Boa Alegre,MG,Minas Gerais,Sudeste,10049,1334.57,145283.96,14457.55
Pinheiro Redonda de Minas,PI,Piauí,Nordeste,84712,1093.55,1669317.69,19705.8
São Bonito Maior,RN,Rio Grande do Norte,Nordeste,12285,710.36,138052.0,11237.44
Bela dos Campos do Oeste,MG,Minas Gerais,Sudeste,17958,1795.74,532934.41,29676.71
Boa do Norte,SP,São Paulo,Sudeste,26631,2311.22,692934.73,26019.85
Coração Belo,GO,Goiás,Centro-Oeste,23420,1243.11,355344.5,15172.69
Vila da Serra Paulista,PR,Paraná,Sul,52490,2245.32,1323283.86,25210.21
Lagoa Preto do Cerrado,TO,Tocantins,Norte,13338,1139.02,204454.92,15328.75
Cruz dos Campos Paulista,GO,Goiás,Centro-Oeste,11396,1222.35,219654.78,19274.73
Jaboti Belo Central,PB,Paraíba,Nordeste,27373,1284.26,569183.66,20793.62
Ribeirão Alegre Central,SP,São Paulo,Sudeste,12215,1722.53,286245.74,23433.95
Cruz Alegre Colonial,PB,Paraíba,Nordeste,10379,607.26,112069.61,10797.73
Vila do Norte do Oeste,BA,Bahia,Nordeste,9376,1131.53,122748.63,13091.79
Cachoeira Belo das Palmeiras,PB,Paraíba,Nordeste,7129,691.54,55464.31,7780.1
Cachoeira Bonito,MG,Minas Gerais,Sudeste,2427,1869.66,82760.15,34099.77
Rio Preto,GO,Goiás,Centro-Oeste,34287,1381.28,784969.33,22894.08
Ipê Real da Mata,BA,Bahia,Nordeste,1950,706.77,24571.77,12600.91
Porto Grande do Oeste,AM,Amazonas,Norte,1691,702.74,22429.57,13264.09
Cruz do Vale do Campo,SP,São Paulo,Sudeste,20644,1072.77,253748.45,12291.63
Cruz Dourado do Campo,RJ,Rio de Janeiro,Sudeste,36653,2218.34,1495751.96,40808.45
Coração Azul Maior,MG,Minas Gerais,Sudeste,13046,2185.61,532373.8,40807.44
Monte do Norte Central,PE,Pernambuco,Nordeste,32617,1176.9,632761.13,19399.73
Ipê Vitória Maior,RS,Rio Grande do Sul,Sul,11247,2148.7,383201.39,34071.43
Palmeira do Norte Central,PA,Pará,Norte,5989,955.5,109410.9,18268.64
Rio Alegre,TO,Tocantins,Norte,16834,1213.7,278194.72,16525.76
Vila Verde das Palmeiras,CE,Ceará,Nordeste,4523,991.26,75916.07,16784.45
Ribeirão Verde do Campo,RS,Rio Grande do Sul,Sul,26712,2377.61,707731.35,26494.88
Rio Belo Paulista,PR,Paraná,Sul,4895,2468.97,172610.31,35262.58
Cachoeira Vitória,SE,Sergipe,Nordeste,35945,1291.52,617063.63,17166.88
Ribeirão do Vale Menor,MG,Minas Gerais,Sudeste,16358,2454.3,648636.65,39652.56
Vale Feliz do Leste,SP,São Paulo,Sudeste,5663,1996.16,214961.74,37958.99
Cachoeira Preto de Minas,PR,Paraná,Sul,11802,2462.55,382420.28,32403.01
Coração Vitória,CE,Ceará,Nordeste,10318,638.8,77996.65,7559.28
Nova Vitória Menor,PI,Piauí,Nordeste,123548,1164.89,1883785.36,15247.4
Pinheiro do Sul,MG,Minas Gerais,Sudeste,39395,1075.84,598854.3,15201.28
Cruz Redonda Maior,BA,Bahia,Nordeste,14082,939.9,176723.63,12549.61
Palmeira Verde Colonial,PR,Paraná,Sul,6200,1548.61,114480.09,18464.53
Coração do Vale das Palmeiras,MG,Minas Gerais,Sudeste,2655,1637.04,75937.55,28601.71
Alto Horizonte,GO,Goiás,Centro-Oeste,6207,997.91,107406.68,17304.12
Porto Claro,PR,Paraná,Sul,5697,1597.04,147269.84,25850.42
Aracê do Sul de Minas,SP,São Paulo,Sudeste,49209,2275.9,1213156.22,24653.14
Rio Azul Colonial,MA,Maranhão,Nordeste,3097,990.06,57651.09,18615.14
Jaboti Alegre do Campo,RS,Rio Grande do Sul,Sul,5927,2338.04,162443.39,27407.35
Ipê Alegre Maior,SP,São Paulo,Sudeste,13933,1953.7,400624.37,28753.63
Alto Belo do Oeste,MA,Maranhão,Nordeste,1867,949.82,24260.32,12994.28
Aracê Claro Maior,PR,Paraná,Sul,5644,2130.33,209613.43,37139.16
São do Norte das Palmeiras,MG,Minas Gerais,Sudeste,9202,2372.66,278272.74,30240.46
Aracê Esperança,MG,Minas Gerais,Sudeste,4776,1885.8,117311.59,24562.73
Vale Feliz,MA,Maranhão,Nordeste,25024,1089.25,458737.8,18331.91
Santo Alegre,PR,Paraná,Sul,31964,1207.11,632641.49,19792.31
Cruz Aurora do Campo,PB,Paraíba,Nordeste,46437,767.69,488840.5,10526.96
Nova Vitória Colonial,PI,Piauí,Nordeste,2758,1038.61,49939.69,18107.21
Coração Horizonte Colonial,PB,Paraíba,Nordeste,17401,1137.53,354267.17,20359.01
Bela União de Minas,RN,Rio Grande do Norte,Nordeste,930,1224.68,16150.04,17365.63
Santa Preto,SP,São Paulo,Sudeste,4357,2007.48,105465.46,24205.98
Barra Grande Colonial,RJ,Rio de Janeiro,Sudeste,4816,1449.24,102835.15,21352.81
Vila da Serra Menor,MG,Minas Gerais,Sudeste,11071,1789.22,377461.72,34094.64
Lagoa Verde Maior,TO,Tocantins,Norte,32303,1266.74,575947.92,17829.55
Nova Vista do Leste,TO,Tocantins,Norte,5290,852.2,68218.98,12895.84
Jaboti Real Colonial,MG,Minas Gerais,Sudeste,17204,1132.73,244029.35,14184.45
Monte Claro do Cerrado,RS,Rio Grande do Sul,Sul,15059,2470.5,443300.38,29437.57
Coração Preto Menor,AL,Alagoas,Nordeste,3182,1227.39,70943.47,22295.25
Ipê Branco Maior,MG,Minas Gerais,Sudeste,9149,2438.21,281344.31,30751.37
Monte Alegre Paulista,PE,Pernambuco,Nordeste,8627,618.0,68669.58,7959.84
Barra Verde Maior,PI,Piauí,Nordeste,9163,537.74,92336.85,10077.14
Boa Vitória do Leste,SC,Santa Catarina,Sul,1512,1535.99,40476.04,26769.87
Bela Novo,SP,São Paulo,Sudeste,24790,1907.72,662937.25,26742.12
Palmeira Redonda do Cerrado,PR,Paraná,Sul,15114,2130.23,517242.7,34222.75
Novo da Serra de Minas,MG,Minas Gerais,Sudeste,8964,2012.85,344416.29,38422.17
Aracê do Norte Colonial,SC,Santa Catarina,Sul,19345,1619.92,430811.65,22269.92
Novo Claro,PR,Paraná,Sul,13186,2492.73,458098.63,34741.29
Monte Branco do Oeste,RN,Rio Grande do Norte,Nordeste,5207,1285.97,84238.97,16178.02
Boa Claro do Campo,GO,Goiás,Centro-Oeste,33095,1363.57,764580.81,23102.61
Ipê Vitória,BA,Bahia,Nordeste,12300,990.92,170807.9,13886.82
Novo Alegre do Cerrado,BA,Bahia,Nordeste,31433,986.84,527002.78,16765.91
Santa Feliz,PI,Piauí,Nordeste,30746,1222.48,512683.77,16674.81
Ipê dos Campos do Campo,SP,São Paulo,Sudeste,9332,1109.97,157410.21,16867.79
Vila Grande Maior,PB,Paraíba,Nordeste,2795,1027.83,51460.73,18411.71
Campo Redonda do Campo,PE,Pernambuco,Nordeste,5803,1201.01,111476.85,19210.21
Vale Real do Oeste,GO,Goiás,Centro-Oeste,24939,1325.73,515792.15,20682.15
Santo do Vale,MG,Minas Gerais,Sudeste,6175,2268.2,253041.21,40978.33
Porto Verde das Palmeiras,SP,São Paulo,Sudeste,46628,2278.8,1450998.87,31118.62
Campo Belo da Mata,MT,Mato Grosso,Centro-Oeste,16866,2036.52,571191.59,33866.45
Coração Novo do Oeste,MG,Minas Gerais,Sudeste,18033,2086.45,601737.11,33368.66
Pinheiro Alegre,GO,Goiás,Centro-Oeste,2894,1445.77,69014.78,23847.54
Cruz Grande,MA,Maranhão,Nordeste,82133,854.56,978784.64,11917.07
Barra Grande Maior,AL,Alagoas,Nordeste,20616,1308.88,313497.87,15206.53
Porto Branco Maior,MA,Maranhão,Nordeste,7075,1058.33,143755.23,20318.76
Cachoeira Novo,BA,Bahia,Nordeste,2220,1319.69,37925.66,17083.63
Pinheiro do Norte de Minas,PB,Paraíba,Nordeste,1579,1050.41,19920.53,12615.92
Santo do Sul do Cerrado,CE,Ceará,Nordeste,11315,1228.23,194283.09,17170.4
Santo Belo do Campo,SC,Santa Catarina,Sul,38256,2286.68,1044973.89,27315.29
Vale Alegre Paulista,MG,Minas Gerais,Sudeste,11303,2251.2,480634.84,42522.77
Serra Vitória,PA,Pará,Norte,4937,639.37,56709.44,11486.62
Alto Alegre do Cerrado,SC,Santa Catarina,Sul,13701,2469.71,370571.77,27047.06
Palmeira Bonita da Mata,PI,Piauí,Nordeste,34211,846.9,463578.29,13550.56
Porto Branco Central,RS,Rio Grande do Sul,Sul,40590,2533.65,1247295.18,30729.12
Boa Alegre do Campo,MG,Minas Gerais,Sudeste,50290,1616.2,1249539.63,24846.68
Aracê da Serra das Palmeiras,CE,Ceará,Nordeste,1085,1292.86,25714.19,23699.71
Bela do Sul da Mata,MG,Minas Gerais,Sudeste,4402,1531.01,89230.74,20270.5
Palmeira Real de Minas,MG,Minas Gerais,Sudeste,2093,1908.95,55549.85,26540.78
Ribeirão Grande,BA,Bahia,Nordeste,3448,715.87,30137.23,8740.5
Serra do Vale,PR,Paraná,Sul,19554,2502.7,666737.26,34097.23
Palmeira Claro de Minas,GO,Goiás,Centro-Oeste,33248,1179.81,424558.03,12769.43
Boa Esperança Paulista,PR,Paraná,Sul,4529,2010.18,128818.42,28443.02
Alto Real Colonial,PI,Piauí,Nordeste,7847,1188.87,176429.75,22483.72
Ipê Real de Minas,SC,Santa Catarina,Sul,1703,1926.24,45802.09,26894.94
Vila Novo,SP,São Paulo,Sudeste,1446,1809.09,47826.15,33074.79
Novo Grande do Campo,RS,Rio Grande do Sul,Sul,10871,2259.69,439476.27,40426.48
Jaboti Formosa,MA,Maranhão,Nordeste,8524,1218.72,128726.28,15101.63
Ribeirão Bonito Paulista,RS,Rio Grande do Sul,Sul,34399,1585.39,639643.09,18594.82
Vale Bonito da Mata,RS,Rio Grande do Sul,Sul,68048,1828.82,2239723.05,32913.87
Santo Vista do Leste,MA,Maranhão,Nordeste,77537,672.37,846532.32,10917.79
Santo das Flores Central,PR,Paraná,Sul,4651,1549.07,97311.97,20922.81
Santo Novo do Oeste,GO,Goiás,Centro-Oeste,1496,2189.53,49738.69,33247.79
Cachoeira Verde da Mata,SP,São Paulo,Sudeste,43129,1997.39,1267030.88,29377.7
Novo do Norte Maior,RS,Rio Grande do Sul,Sul,15530,1035.92,243286.86,15665.61
Alto dos Campos Colonial,GO,Goiás,Centro-Oeste,8921,2206.62,223529.93,25056.6
Cachoeira Real,MA,Maranhão,Nordeste,89998,1031.86,1632842.93,18143.1
Jaboti Novo,GO,Goiás,Centro-Oeste,116133,1260.52,2378800.56,20483.42
Bela Vista,BA,Bahia,Nordeste,7026,786.94,95747.3,13627.57
Ribeirão Bonita,PR,Paraná,Sul,2022,2068.55,66008.67,32645.24
Coração da Serra Colonial,SP,São Paulo,Sudeste,3702,1633.84,84129.21,22725.34
Rio Branco do Leste,MG,Minas Gerais,Sudeste,23710,2035.94,695302.84,29325.3
Coração Claro da Mata,BA,Bahia,Nordeste,3927,1193.86,57398.65,14616.41
Vila Real,RS,Rio Grande do Sul,Sul,22898,2002.01,868254.03,37918.33
Aracê do Norte,BA,Bahia,Nordeste,54441,1222.57,1066761.22,19594.81
Barra União do Oeste,AL,Alagoas,Nordeste,12410,904.77,206172.37,16613.41
Cruz Preto Colonial,RS,Rio Grande do Sul,Sul,15774,1622.43,391723.66,24833.5
Vale Vitória,PR,Paraná,Sul,41842,1711.97,1088896.67,26024.01
São Alegre,PR,Paraná,Sul,47241,1757.98,1187065.31,25127.86
Bela Esperança Paulista,RJ,Rio de Janeiro,Sudeste,118416,1052.77,2341673.96,19774.98
Porto Branco do Campo,PR,Paraná,Sul,1268,1817.91,39325.43,31013.75
São Redonda,PR,Paraná,Sul,1702,1044.62,25149.94,14776.7
Coração Alegre da Mata,SE,Sergipe,Nordeste,8240,1208.86,109933.87,13341.49
Pinheiro Dourado Menor,ES,Espírito Santo,Sudeste,3953,2139.16,118185.19,29897.59
Coração Real do Cerrado,MG,Minas Gerais,Sudeste,7152,2402.12,268365.09,37523.08
Aracê da Serra Colonial,PI,Piauí,Nordeste,4090,1288.05,57578.3,14077.82
Santo Real Maior,MS,Mato Grosso do Sul,Centro-Oeste,8708,2080.03,338653.51,38889.93
Ribeirão Belo,AM,Amazonas,Norte,4158,1236.86,91532.03,22013.48
Serra Claro Menor,CE,Ceará,Nordeste,12347,557.94,87278.51,7068.8
Boa Verde do Cerrado,RS,Rio Grande do Sul,Sul,25791,2115.8,887103.17,34395.84
Serra Horizonte Maior,RS,Rio Grande do Sul,Sul,10409,1792.26,352268.09,33842.64
Pinheiro Branco da Mata,PI,Piauí,Nordeste,33215,1149.42,440651.55,13266.64
Boa Verde Central,MG,Minas Gerais,Sudeste,34281,2175.01,963529.26,28106.8
Nova Esperança do Leste,SP,São Paulo,Sudeste,4818,1565.64,142340.49,29543.48
Cachoeira Feliz Paulista,PR,Paraná,Sul,30255,1397.96,606618.91,20050.2
Jaboti Vista Colonial,SP,São Paulo,Sudeste,4424,1526.04,74394.53,16816.12
Lagoa Bonito das Palmeiras,AL,Alagoas,Nordeste,4356,1011.0,48409.04,11113.19
Santa Real da Mata,MG,Minas Gerais,Sudeste,24472,2207.8,693079.17,28321.31
Vila das Flores Colonial,CE,Ceará,Nordeste,4026,1284.52,99094.92,24613.74
Santo Novo,PR,Paraná,Sul,49318,1154.11,646045.37,13099.59
Rio Real Central,BA,Bahia,Nordeste,10823,1053.58,204779.05,18920.73
Campo Novo,RN,Rio Grande do Norte,Nordeste,3901,666.22,38795.67,9945.06
Monte Verde Maior,PE,Pernambuco,Nordeste,11299,1246.97,160846.59,14235.47
Santa Aurora do Leste,SC,Santa Catarina,Sul,56646,1508.98,1127785.83,19909.36
Ipê do Norte do Oeste,MG,Minas Gerais,Sudeste,1750,1974.75,59188.96,33822.26
Vila Claro do Leste,MG,Minas Gerais,Sudeste,84628,1467.31,1891802.92,22354.34
Nova Preto Maior,PI,Piauí,Nordeste,20849,869.59,279222.86,13392.63
Nova Novo Central,RN,Rio Grande do Norte,Nordeste,6499,823.65,86704.28,13341.17
Novo das Flores das Palmeiras,MG,Minas Gerais,Sudeste,5227,2106.74,159911.37,30593.34
Pinheiro Esperança do Cerrado,PR,Paraná,Sul,60047,1089.68,1125082.16,18736.69
Santa União Paulista,CE,Ceará,Nordeste,22383,767.48,235630.46,10527.21
Palmeira Vista Colonial,MG,Minas Gerais,Sudeste,13668,1348.31,236213.33,17282.22
Vale Grande,BA,Bahia,Nordeste,4543,1241.46,94317.28,20761.01
Porto Dourado da Mata,SE,Sergipe,Nordeste,85246,1178.3,1733068.7,20330.21
Ribeirão Azul Paulista,MG,Minas Gerais,Sudeste,9825,2467.76,265832.7,27056.76
Porto Esperança do Cerrado,RS,Rio Grande do Sul,Sul,26404,1457.63,521990.06,19769.36
Ipê Belo,GO,Goiás,Centro-Oeste,75834,2180.43,2497928.44,32939.43
Alto da Serra da Mata,MS,Mato Grosso do Sul,Centro-Oeste,28295,1719.61,592757.87,20949.21
Vila Belo Colonial,RS,Rio Grande do Sul,Sul,1787,1890.26,41019.08,22954.16
Monte dos Campos,RS,Rio Grande do Sul,Sul,6187,1315.42,115791.18,18715.24
Ribeirão Dourado do Oeste,MG,Minas Gerais,Sudeste,5358,1400.2,112238.81,20947.89
Aracê Horizonte,PE,Pernambuco,Nordeste,287066,676.93,2256242.98,7859.67
Jaboti Claro de Minas,SP,São Paulo,Sudeste,1605,2384.3,61715.29,38451.89
São Alegre das Palmeiras,PR,Paraná,Sul,23838,2343.82,885418.63,37143.16
Barra Alegre Paulista,ES,Espírito Santo,Sudeste,42013,1467.71,1083418.31,25787.69
Ipê Feliz Paulista,PA,Pará,Norte,22569,1349.74,347901.29,15415.01
Coração do Vale da Mata,SP,São Paulo,Sudeste,3775,1355.81,58736.83,15559.43
Jaboti Azul Central,BA,Bahia,Nordeste,25110,670.27,259063.7,10317.15
Bela Branco do Leste,AL,Alagoas,Nordeste,13846,703.94,125886.97,9091.94
Ribeirão Vitória do Cerrado,BA,Bahia,Nordeste,8293,1093.07,171349.01,20661.88
Monte Preto Paulista,SC,Santa Catarina,Sul,6520,1629.28,189326.99,29037.88
Ribeirão Vitória do Leste,PE,Pernambuco,Nordeste,12033,691.79,130300.92,10828.63
Aracê Redonda Maior,BA,Bahia,Nordeste,69518,1093.86,863766.62,12425.08
Monte Claro,SE,Sergipe,Nordeste,920,812.29,9454.67,10276.82
São Esperança Maior,RN,Rio Grande do Norte,Nordeste,14490,1025.5,214911.64,14831.72
Aracê da Serra de Minas,PI,Piauí,Nordeste,30746,1065.2,462607.17,15046.09
Ribeirão Azul do Oeste,SC,Santa Catarina,Sul,54551,1532.8,1467579.88,26902.9
Santa Vitória,PR,Paraná,Sul,14939,2113.97,524037.99,35078.52
São Esperança de Minas,BA,Bahia,Nordeste,18773,668.2,209824.5,11176.93
Ipê Redonda Colonial,SP,São Paulo,Sudeste,10098,1526.08,279960.97,27724.4
Campo do Norte do Cerrado,PE,Pernambuco,Nordeste,4559,942.21,46438.53,10186.12
Palmeira do Vale do Oeste,SP,São Paulo,Sudeste,27162,2392.09,1083501.97,39890.36
Bela Esperança Colonial,SP,São Paulo,Sudeste,15845,1613.81,337065.02,21272.64
Santa Vitória das Palmeiras,PR,Paraná,Sul,4218,2265.81,172827.88,40973.89
São União do Cerrado,MG,Minas Gerais,Sudeste,22262,1209.79,311967.16,14013.44
Monte Vista da Mata,RN,Rio Grande do Norte,Nordeste,978,785.2,10379.69,10613.18
Porto Novo do Leste,BA,Bahia,Nordeste,22945,1303.14,387548.83,16890.34
Santa Preto Paulista,RS,Rio Grande do Sul,Sul,12182,1154.17,247501.9,20317.02
Ribeirão Real Central,PB,Paraíba,Nordeste,3031,808.09,35787.71,11807.23
Bela Redonda Central,SP,São Paulo,Sudeste,115568,1018.11,1976472.44,17102.25
Barra Dourado Maior,SC,Santa Catarina,Sul,2674,1932.49,95397.17,35675.83
Campo Preto do Cerrado,PI,Piauí,Nordeste,56525,920.43,822014.79,14542.5
Monte Grande Maior,RN,Rio Grande do Norte,Nordeste,34719,1225.64,521383.05,15017.23
Vale Redonda,PE,Pernambuco,Nordeste,29176,1219.11,517188.8,17726.51
Lagoa Vitória do Cerrado,MG,Minas Gerais,Sudeste,17555,1812.54,584509.61,33295.9
Pinheiro Esperança Maior,RR,Roraima,Norte,6312,1018.45,79189.24,12545.82
Coração União Maior,PB,Paraíba,Nordeste,2580,1084.45,39378.91,15263.14
Santa Horizonte,GO,Goiás,Centro-Oeste,8248,1440.0,183353.72,22230.08
Palmeira Redonda,BA,Bahia,Nordeste,793,902.8,9444.39,11909.7
Alto Verde,PI,Piauí,Nordeste,1610,1124.34,21694.02,13474.55
Monte Esperança do Oeste,BA,Bahia,Nordeste,2888,701.0,31745.16,10992.09
Jaboti Claro,SC,Santa Catarina,Sul,37374,1092.95,590439.89,15798.15
Jaboti União Maior,RJ,Rio de Janeiro,Sudeste,56263,1720.44,1475633.81,26227.43
Aracê Vista Paulista,SC,Santa Catarina,Sul,7580,1459.42,179173.01,23637.6
Santo Bonito de Minas,GO,Goiás,Centro-Oeste,24165,1238.32,427062.15,17672.76
Vale Formosa de Minas,MA,Maranhão,Nordeste,77359,1110.58,1066928.21,13791.91
Ipê Verde Maior,SC,Santa Catarina,Sul,1742,2508.72,58025.11,33309.48
Pinheiro Dourado do Campo,PR,Paraná,Sul,2025,2041.57,69377.22,34260.36
Boa Vista do Cerrado,SP,São Paulo,Sudeste,154250,1786.31,5163363.46,33473.99
Jaboti Redonda das Palmeiras,RS,Rio Grande do Sul,Sul,1794,1637.36,53868.73,30027.16
Boa da Serra Central,MA,Maranhão,Nordeste,4621,761.28,56658.3,12261.05
Rio do Norte do Leste,SC,Santa Catarina,Sul,32167,2307.17,962768.4,29930.31
Monte Belo das Palmeiras,SP,São Paulo,Sudeste,13630,1077.8,227526.11,16693.04
Ipê do Norte Central,MG,Minas Gerais,Sudeste,37707,1556.32,1035525.14,27462.41
Vale da Serra das Palmeiras,PB,Paraíba,Nordeste,35554,633.84,289647.63,8146.7
Ipê do Norte do Cerrado,SC,Santa Catarina,Sul,6651,2524.7,243580.44,36623.13
Ipê Formosa do Oeste,MG,Minas Gerais,Sudeste,2382,2113.81,80641.99,33854.74
Palmeira Horizonte,RJ,Rio de Janeiro,Sudeste,7909,1220.08,124729.33,15770.56
Cachoeira Claro,SE,Sergipe,Nordeste,5776,1171.85,113648.79,19676.04
Rio do Norte Paulista,RN,Rio Grande do Norte,Nordeste,4673,909.08,76771.36,16428.71
São União Central,MT,Mato Grosso,Centro-Oeste,105880,1363.42,2128522.77,20103.16
Rio Belo,CE,Ceará,Nordeste,17732,1207.29,290845.8,16402.31
Pinheiro Claro da Mata,SP,São Paulo,Sudeste,16208,1674.56,422875.15,26090.52
Vila Claro de Minas,AL,Alagoas,Nordeste,9531,1280.91,229340.74,24062.61
Boa União do Leste,PR,Paraná,Sul,6868,1972.66,242513.52,35310.65
Bela Grande Maior,MG,Minas Gerais,Sudeste,1225,1040.62,15889.08,12970.68
Coração Esperança de Minas,ES,Espírito Santo,Sudeste,780,1978.32,17903.46,22953.15
Jaboti do Sul Menor,SP,São Paulo,Sudeste,4586,1461.01,121811.57,26561.62
Ipê da Serra de Minas,CE,Ceará,Nordeste,5514,927.4,57229.91,10379.02
Lagoa Dourado,MG,Minas Gerais,Sudeste,9599,1091.33,166653.99,17361.6
Coração Bonito Colonial,MA,Maranhão,Nordeste,8163,1028.73,133696.84,16378.4
Vale da Serra Paulista,PA,Pará,Norte,13367,1198.57,180533.7,13505.93
Serra Belo do Cerrado,SP,São Paulo,Sudeste,7947,1034.94,114323.78,14385.78
Palmeira Bonito Central,PB,Paraíba,Nordeste,56166,1174.47,1219207.66,21707.22
Vale Verde Colonial,PI,Piauí,Nordeste,2392,1289.35,42443.93,17744.12
Ipê Redonda Central,AL,Alagoas,Nordeste,32444,984.65,485292.17,14957.84
Monte Verde do Campo,SE,Sergipe,Nordeste,10851,1202.76,148925.61,13724.6
Monte Azul do Oeste,PR,Paraná,Sul,24582,1991.49,902059.87,36695.95
Boa Preto da Mata,SC,Santa Catarina,Sul,8491,1938.38,282756.46,33300.73
Alto Preto Maior,MT,Mato Grosso,Centro-Oeste,17477,1565.65,373086.46,21347.28
Pinheiro Grande de Minas,MA,Maranhão,Nordeste,19031,1284.35,461175.12,24232.84
Monte Aurora do Campo,RN,Rio Grande do Norte,Nordeste,37987,1025.4,735238.37,19355.0
Jaboti Bonita,TO,Tocantins,Norte,21430,1002.41,257273.44,12005.29
Lagoa Verde,PB,Paraíba,Nordeste,11545,986.29,140608.36,12179.16
Monte Verde do Oeste,CE,Ceará,Nordeste,14588,1285.49,311566.03,21357.69
Vale Alegre de Minas,RS,Rio Grande do Sul,Sul,2236,1362.44,50842.63,22738.21
Santo Belo Maior,SP,São Paulo,Sudeste,21885,1438.54,535693.87,24477.67
Barra Bonita Maior,MS,Mato Grosso do Sul,Centro-Oeste,16078,1784.82,499685.89,31078.86
Serra Vista,PB,Paraíba,Nordeste,58946,1142.86,971411.63,16479.69
Coração Grande das Palmeiras,SP,São Paulo,Sudeste,15212,1257.39,287825.54,18920.95
Santa das Flores de Minas,MA,Maranhão,Nordeste,4097,1042.01,65384.19,15959.04
Cruz Horizonte do Leste,PB,Paraíba,Nordeste,15108,1240.43,307214.68,20334.57
Santo dos Campos de Minas,SP,São Paulo,Sudeste,10221,1232.56,156502.19,15311.83
Ipê Feliz Central,PB,Paraíba,Nordeste,35572,1031.08,676579.52,19020.0
Porto Horizonte,PI,Piauí,Nordeste,81470,1096.21,1369438.31,16809.11
Campo Bonito do Campo,PE,Pernambuco,Nordeste,11113,788.68,113010.38,10169.21
Nova Bonita do Cerrado,BA,Bahia,Nordeste,3736,1306.83,66885.55,17902.98
Coração Horizonte Central,RS,Rio Grande do Sul,Sul,8913,2173.81,318571.44,35742.34
Ribeirão do Vale Colonial,BA,Bahia,Nordeste,81113,1232.7,1314713.51,16208.42
Cruz Vista,BA,Bahia,Nordeste,11253,558.42,110165.56,9789.88
Vila União,GO,Goiás,Centro-Oeste,7114,1544.22,134247.8,18870.93
Bela Bonito do Campo,AL,Alagoas,Nordeste,2584,1099.37,42984.09,16634.71
Campo Belo Colonial,PB,Paraíba,Nordeste,7956,834.49,85417.87,10736.28
Jaboti Belo,CE,Ceará,Nordeste,28164,841.31,327924.21,11643.38
Monte Feliz,CE,Ceará,Nordeste,85388,1132.14,1664756.93,19496.38
Vale Dourado da Mata,RS,Rio Grande do Sul,Sul,1496,1099.82,29885.76,19977.11
Santo Aurora Menor,PR,Paraná,Sul,1582,2001.5,41987.97,26541.07
Vila da Serra da Mata,RS,Rio Grande do Sul,Sul,30605,2230.16,1278119.8,41761.8
São dos Campos do Campo,PR,Paraná,Sul,12021,1371.08,255209.7,21230.32
Campo Bonita Menor,GO,Goiás,Centro-Oeste,36242,2206.61,952129.63,26271.44
Nova Aurora do Campo,RS,Rio Grande do Sul,Sul,1317,2451.03,60980.39,46302.5
Bela Vitória,BA,Bahia,Nordeste,16137,974.73,220635.15,13672.63
Vale União Menor,RJ,Rio de Janeiro,Sudeste,10484,1638.9,227238.99,21674.84
Vale Branco do Campo,BA,Bahia,Nordeste,6035,673.37,64639.38,10710.75
Coração Feliz das Palmeiras,PB,Paraíba,Nordeste,12049,1052.02,175469.67,14563.01
Santo União do Leste,RS,Rio Grande do Sul,Sul,3833,1020.94,57159.46,14912.46
São Grande Central,MG,Minas Gerais,Sudeste,11347,1332.34,243140.11,21427.7
Ipê Preto do Cerrado,SC,Santa Catarina,Sul,1835,2427.42,54508.05,29704.66
Rio do Vale,RS,Rio Grande do Sul,Sul,20519,2297.36,574936.78,28019.73
Pinheiro Esperança,BA,Bahia,Nordeste,7188,750.78,94864.79,13197.66
Cruz União das Palmeiras,PI,Piauí,Nordeste,1671,627.18,12939.44,7743.53
Palmeira Esperança do Leste,MA,Maranhão,Nordeste,6919,749.15,71471.2,10329.7
São Aurora,SP,São Paulo,Sudeste,3593,1802.86,93138.98,25922.34
Cachoeira das Flores da Mata,MG,Minas Gerais,Sudeste,5226,2267.95,192097.66,36758.07
Ribeirão Verde Menor,RJ,Rio de Janeiro,Sudeste,35720,2083.82,1144425.82,32038.8
Bela Novo de Minas,MA,Maranhão,Nordeste,24432,834.85,343212.39,14047.66
Aracê Vista do Oeste,RS,Rio Grande do Sul,Sul,3117,2405.64,114417.82,36707.67
Boa Feliz,SC,Santa Catarina,Sul,23185,1460.82,404930.25,17465.18
Bela Feliz do Leste,MG,Minas Gerais,Sudeste,8395,2251.63,240221.12,28614.78
Palmeira Novo do Campo,RS,Rio Grande do Sul,Sul,1364,1502.89,37270.25,27324.23
Aracê Claro da Mata,PB,Paraíba,Nordeste,8879,967.64,144994.21,16330.02
Ipê dos Campos do Leste,GO,Goiás,Centro-Oeste,3851,2182.09,122481.59,31805.14
São do Sul,MT,Mato Grosso,Centro-Oeste,40674,2178.14,1289604.43,31705.87
Campo Novo Colonial,BA,Bahia,Nordeste,13072,1287.45,195061.43,14922.08
Nova Redonda,MG,Minas Gerais,Sudeste,83977,1793.24,2832834.16,33733.45
Pinheiro Feliz Colonial,PR,Paraná,Sul,6087,1256.82,100923.89,16580.23
Cachoeira União Maior,AM,Amazonas,Norte,7904,982.94,113137.69,14313.98
São do Norte Maior,GO,Goiás,Centro-Oeste,6531,1064.14,92774.88,14205.31
Aracê Preto do Cerrado,RS,Rio Grande do Sul,Sul,45057,2541.51,1452727.38,32241.99
Rio Redonda,TO,Tocantins,Norte,130807,591.38,1381425.07,10560.79
Serra Esperança Maior,RN,Rio Grande do Norte,Nordeste,5633,1159.43,73043.76,12967.12
Porto da Serra Paulista,SP,São Paulo,Sudeste,25184,2055.01,714460.38,28369.61
Nova dos Campos de Minas,AL,Alagoas,Nordeste,5733,1289.76,86285.26,15050.63
Vale da Serra do Cerrado,SP,São Paulo,Sudeste,11272,1371.31,294944.83,26166.15
Santo Novo Menor,RR,Roraima,Norte,1684,1137.75,24556.61,14582.31
Vila Azul Central,PR,Paraná,Sul,4328,1864.41,146666.11,33887.73
Santa Redonda Colonial,BA,Bahia,Nordeste,5248,720.61,58372.72,11122.85
Barra das Flores das Palmeiras,MA,Maranhão,Nordeste,8681,962.73,151338.89,17433.35
Ipê Bonita,PI,Piauí,Nordeste,13098,638.56,100126.08,7644.38
Vale da Serra Maior,MG,Minas Gerais,Sudeste,38523,1742.5,728102.39,18900.46
Lagoa do Sul Menor,GO,Goiás,Centro-Oeste,15779,1611.08,476173.6,30177.68
Ribeirão Azul,SE,Sergipe,Nordeste,27639,549.39,183846.18,6651.69
Cachoeira União de Minas,MT,Mato Grosso,Centro-Oeste,22882,1238.65,379997.93,16606.85
Nova do Sul,AL,Alagoas,Nordeste,41485,814.0,586801.5,14144.91
Nova Branco das Palmeiras,PE,Pernambuco,Nordeste,46126,746.24,573007.33,12422.65
Vale do Vale de Minas,MG,Minas Gerais,Sudeste,23095,1935.79,591864.77,25627.4
Barra Claro das Palmeiras,SP,São Paulo,Sudeste,43901,2440.72,1279950.0,29155.37
Santa Vista das Palmeiras,ES,Espírito Santo,Sudeste,8305,1052.86,113178.37,13627.74
Bela Alegre Paulista,MG,Minas Gerais,Sudeste,17067,1306.09,317257.89,18588.97
Aracê Formosa de Minas,MG,Minas Gerais,Sudeste,5556,1849.83,136737.62,24610.8
Ribeirão Aurora do Cerrado,MG,Minas Gerais,Sudeste,2577,1182.06,54476.72,21139.59
Novo do Sul do Cerrado,MG,Minas Gerais,Sudeste,45029,2087.04,1180841.99,26224.03
Rio Branco Colonial,AL,Alagoas,Nordeste,64819,860.81,843108.16,13007.11
Nova da Serra do Cerrado,MG,Minas Gerais,Sudeste,6389,1389.82,170391.56,26669.52
Serra Redonda,PR,Paraná,Sul,96245,1716.53,2544451.6,26437.23
Vale do Vale Colonial,SP,São Paulo,Sudeste,2412,1970.15,77442.58,32107.21
Boa da Serra,SC,Santa Catarina,Sul,32561,1044.67,512119.7,15728.01
Palmeira Grande Central,PE,Pernambuco,Nordeste,123200,852.18,1933034.58,15690.22
Aracê Esperança Menor,PE,Pernambuco,Nordeste,3686,1183.46,67154.36,18218.76
Alto Grande Paulista,AL,Alagoas,Nordeste,4070,664.96,39760.86,9769.25
Alto Bonita do Campo,SP,São Paulo,Sudeste,4205,1806.32,125124.75,29756.18
Rio União do Campo,MG,Minas Gerais,Sudeste,26728,1115.0,408857.33,15296.97
Ribeirão Alegre do Leste,RJ,Rio de Janeiro,Sudeste,1956,2403.08,58167.15,29737.81
São Alegre do Oeste,CE,Ceará,Nordeste,273493,1278.99,6644388.38,24294.55
Novo das Flores Paulista,SP,São Paulo,Sudeste,14048,1380.65,355915.02,25335.64
Vila Verde do Oeste,PB,Paraíba,Nordeste,6747,562.54,60055.18,8901.02
Cachoeira Redonda Menor,MG,Minas Gerais,Sudeste,5433,2331.26,214775.42,39531.64
Monte Azul do Campo,MG,Minas Gerais,Sudeste,2181,1904.96,78214.61,35861.81
Porto do Vale da Mata,PE,Pernambuco,Nordeste,20716,1235.52,385717.43,18619.3
São dos Campos da Mata,PB,Paraíba,Nordeste,11171,1134.44,242298.46,21689.95
Pinheiro Novo Maior,PB,Paraíba,Nordeste,2284,631.12,20873.61,9139.06
São Dourado Colonial,PR,Paraná,Sul,2360,2528.84,71592.96,30336.0
Vila do Sul do Leste,MG,Minas Gerais,Sudeste,40564,2202.48,1272839.92,31378.56
Jaboti Horizonte,RS,Rio Grande do Sul,Sul,7274,1531.32,187927.17,25835.46
Bela Claro do Campo,SP,São Paulo,Sudeste,53635,1261.32,1215619.58,22664.67
Palmeira Novo Central,SC,Santa Catarina,Sul,18098,1240.6,304950.21,16849.94
Bela dos Campos,GO,Goiás,Centro-Oeste,8010,934.48,135978.65,16976.11
Nova Dourado Colonial,MG,Minas Gerais,Sudeste,6063,1861.13,163163.16,26911.29
Rio Grande de Minas,AC,Acre,Norte,97111,650.14,807160.06,8311.73
Campo União Colonial,PB,Paraíba,Nordeste,81061,1214.08,1807978.1,22303.92
Campo do Sul do Oeste,MG,Minas Gerais,Sudeste,3061,1525.02,71022.41,23202.36
Campo das Flores,MG,Minas Gerais,Sudeste,12137,1697.5,343857.86,28331.37
Boa Novo do Campo,SP,São Paulo,Sudeste,10938,2202.44,335234.01,30648.57
Campo Grande do Leste,MG,Minas Gerais,Sudeste,42586,2225.13,1506020.88,35364.22
Porto Esperança do Campo,PB,Paraíba,Nordeste,77479,782.95,777908.99,10040.26
Coração das Flores do Leste,AL,Alagoas,Nordeste,5021,1102.95,65654.29,13075.94
Novo Feliz,PI,Piauí,Nordeste,16752,909.93,196346.88,11720.8
Santo Real Menor,SP,São Paulo,Sudeste,4393,2354.23,130906.65,29798.92
Lagoa Verde do Campo,PB,Paraíba,Nordeste,52720,1291.61,982509.61,18636.37
Santo União,TO,Tocantins,Norte,22513,602.03,218949.36,9725.46
Alto Vista,SP,São Paulo,Sudeste,4153,1388.9,69084.97,16634.96
Ipê Horizonte Paulista,PI,Piauí,Nordeste,15241,626.81,179497.21,11777.26
Bela da Serra,PE,Pernambuco,Nordeste,25281,1284.8,532667.21,21069.86
Jaboti dos Campos da Mata,MG,Minas Gerais,Sudeste,12809,2315.78,534150.49,41701.19
Rio Vista Menor,RN,Rio Grande do Norte,Nordeste,14036,598.57,113138.34,8060.58
Coração Redonda Central,SC,Santa Catarina,Sul,8546,1761.39,163763.24,19162.56
Porto Novo de Minas,GO,Goiás,Centro-Oeste,9499,1657.21,230497.84,24265.48
Coração Bonito Menor,MG,Minas Gerais,Sudeste,3446,2311.55,107444.17,31179.39
Pinheiro Vitória da Mata,MA,Maranhão,Nordeste,44858,1026.99,538819.17,12011.66
Palmeira do Sul,SP,São Paulo,Sudeste,7373,2330.73,230929.29,31320.94
Porto Redonda,RJ,Rio de Janeiro,Sudeste,8919,1974.42,282625.89,31688.07
Vale dos Campos Central,PB,Paraíba,Nordeste,2479,1265.83,47691.81,19238.33
Ribeirão União Paulista,PE,Pernambuco,Nordeste,1489,535.96,11604.29,7793.34
Coração Azul Menor,TO,Tocantins,Norte,6730,828.86,90337.74,13423.14
Monte União Maior,BA,Bahia,Nordeste,4023,964.56,54146.84,13459.32
Alto do Vale Menor,PI,Piauí,Nordeste,34060,1107.0,681746.44,20016.04
Barra das Flores do Campo,MA,Maranhão,Nordeste,44016,1039.87,822518.05,18686.8
Lagoa Belo do Campo,PA,Pará,Norte,17966,1210.91,380457.32,21176.52
Ipê Vista da Mata,BA,Bahia,Nordeste,909,1124.72,11836.51,13021.46
Bela Verde,SP,São Paulo,Sudeste,6824,1185.73,148750.64,21798.16
Novo Branco do Cerrado,MG,Minas Gerais,Sudeste,5661,2072.13,133131.82,23517.37
Barra Vista das Palmeiras,MG,Minas Gerais,Sudeste,6331,1007.22,88161.12,13925.31
Santo das Flores,MG,Minas Gerais,Sudeste,18772,2046.56,609059.01,32445.08
Boa Claro,SP,São Paulo,Sudeste,22530,1747.85,728780.8,32347.13
Palmeira Horizonte de Minas,RJ,Rio de Janeiro,Sudeste,13669,1562.32,326974.36,23920.87
Monte do Vale,MG,Minas Gerais,Sudeste,5838,1951.19,149399.59,25590.89
Vila do Sul Maior,SC,Santa Catarina,Sul,56602,2163.57,2119577.0,37447.03
Alto Aurora da Mata,TO,Tocantins,Norte,10689,1139.26,147675.28,13815.63
Alto do Sul,SC,Santa Catarina,Sul,3910,1316.1,67764.19,17330.99
Santo Bonita do Campo,PR,Paraná,Sul,10025,2346.81,281386.92,28068.52
Santa Alegre Central,MG,Minas Gerais,Sudeste,8098,1866.24,287661.13,35522.49
Ribeirão Belo do Leste,SP,São Paulo,Sudeste,8527,2215.73,242447.41,28432.91
Serra Preto do Leste,MA,Maranhão,Nordeste,10120,1228.8,146918.23,14517.61
São Bonita do Cerrado,RS,Rio Grande do Sul,Sul,19631,1187.08,375314.35,19118.45
Serra dos Campos Colonial,RJ,Rio de Janeiro,Sudeste,15909,2417.39,690160.01,43381.73
Barra do Sul Central,PR,Paraná,Sul,7973,1940.49,208585.17,26161.44
Coração Real Maior,PI,Piauí,Nordeste,10817,801.92,142851.66,13206.22
Bela Grande Menor,SP,São Paulo,Sudeste,5234,2474.73,238831.27,45630.74
Monte Preto,SP,São Paulo,Sudeste,11306,2310.42,435987.32,38562.47
Serra dos Campos,BA,Bahia,Nordeste,30343,1138.76,632126.09,20832.68
Cruz Feliz Menor,SC,Santa Catarina,Sul,15502,1343.99,357453.29,23058.53
Cruz Vista do Campo,GO,Goiás,Centro-Oeste,2399,1388.07,51699.41,21550.4
Palmeira Verde Menor,SC,Santa Catarina,Sul,19971,2349.45,705106.71,35306.53
Santo Belo Central,RS,Rio Grande do Sul,Sul,53615,1973.09,1278875.77,23852.95
Bela União Colonial,MA,Maranhão,Nordeste,1035,980.08,15960.06,15420.35
Jaboti da Serra das Palmeiras,MG,Minas Gerais,Sudeste,15736,2453.96,577074.62,36672.26
Bela do Sul do Oeste,PR,Paraná,Sul,18057,1580.32,360997.53,19992.11
Santa do Norte do Oeste,AL,Alagoas,Nordeste,2162,904.02,24705.81,11427.29
Alto Alegre do Leste,PR,Paraná,Sul,5077,1867.7,113327.56,22321.76
Rio Dourado,PA,Pará,Norte,8988,809.04,138298.54,15387.02
Rio Bonita de Minas,BA,Bahia,Nordeste,50949,730.94,662084.72,12995.05
Novo Azul da Mata,PA,Pará,Norte,31955,845.76,451860.18,14140.52
Santa Bonita,RS,Rio Grande do Sul,Sul,42158,1436.05,803382.27,19056.46
Palmeira União das Palmeiras,PR,Paraná,Sul,18851,2192.61,675695.85,35844.03
Vale Horizonte da Mata,MA,Maranhão,Nordeste,38255,1321.91,852425.42,22282.72
Serra Branco do Campo,PE,Pernambuco,Nordeste,98664,1039.19,1915102.64,19410.35
Vale Verde,MG,Minas Gerais,Sudeste,17163,1998.02,399360.6,23268.69
São Esperança Paulista,PA,Pará,Norte,18866,699.97,248978.73,13197.22
Pinheiro União,MG,Minas Gerais,Sudeste,19447,1510.35,372685.87,19164.18
Lagoa Feliz do Cerrado,BA,Bahia,Nordeste,6408,950.63,79737.04,12443.36
Vila Verde Central,PB,Paraíba,Nordeste,11996,976.3,164159.44,13684.51
Coração Preto do Leste,SP,São Paulo,Sudeste,89823,1724.49,2424718.4,26994.4
Bela do Norte das Palmeiras,PI,Piauí,Nordeste,238993,892.14,4074223.63,17047.46
Ipê dos Campos,MG,Minas Gerais,Sudeste,48831,1493.82,871363.41,17844.47
Jaboti Preto de Minas,GO,Goiás,Centro-Oeste,10194,936.69,128260.94,12582.0
Santa Real do Campo,MG,Minas Gerais,Sudeste,101463,2029.34,3061855.25,30177.06
Vale Horizonte Maior,MG,Minas Gerais,Sudeste,7097,1549.72,165008.96,23250.52
Rio Branco do Cerrado,RS,Rio Grande do Sul,Sul,14855,2109.54,566409.78,38129.23
Bela Dourado do Cerrado,PE,Pernambuco,Nordeste,63969,920.61,1088485.73,17015.83
Coração Feliz,PR,Paraná,Sul,77827,2272.33,2815856.28,36180.97
Jaboti Real da Mata,SP,São Paulo,Sudeste,5112,1822.18,138298.1,27053.62
Nova Bonita Menor,MT,Mato Grosso,Centro-Oeste,1194,1647.61,22126.65,18531.53
Ribeirão Belo do Campo,GO,Goiás,Centro-Oeste,51313,1383.43,1214509.31,23668.65
Alto Branco da Mata,PB,Paraíba,Nordeste,29066,743.67,331989.05,11421.9
Ipê do Vale Maior,RS,Rio Grande do Sul,Sul,6436,1858.12,225934.22,35104.76
Bela Branco do Campo,TO,Tocantins,Norte,37323,650.39,462671.05,12396.41
Alto da Serra do Oeste,BA,Bahia,Nordeste,5923,1269.95,124709.71,21055.16
Vale Real das Palmeiras,ES,Espírito Santo,Sudeste,16694,2361.49,453563.89,27169.28
Vale dos Campos,AL,Alagoas,Nordeste,7920,994.16,146262.49,18467.49
Boa Azul,RJ,Rio de Janeiro,Sudeste,7279,1581.22,150101.09,20621.11
Alto Bonito Paulista,SP,São Paulo,Sudeste,3289,2019.88,77208.85,23474.87
Campo Feliz do Oeste,MG,Minas Gerais,Sudeste,5991,1710.65,111976.06,18690.71
Santa Redonda da Mata,MG,Minas Gerais,Sudeste,6798,2148.24,168978.29,24857.06
Rio Grande,BA,Bahia,Nordeste,39385,1112.02,778799.8,19774.02
Novo Branco Maior,BA,Bahia,Nordeste,10887,1302.28,256173.75,23530.24
Santo do Sul Maior,MS,Mato Grosso do Sul,Centro-Oeste,3942,2259.91,105467.08,26754.71
Vale Azul,RN,Rio Grande do Norte,Nordeste,33196,997.8,400158.85,12054.43
Rio Belo do Cerrado,PE,Pernambuco,Nordeste,4244,701.76,53728.48,12659.87
São Bonita de Minas,MA,Maranhão,Nordeste,10755,661.54,91948.2,8549.34
Aracê Grande do Oeste,BA,Bahia,Nordeste,10395,851.29,114517.07,11016.55
Cachoeira Horizonte da Mata,PE,Pernambuco,Nordeste,21486,1261.65,337111.93,15689.84
São Vitória da Mata,MG,Minas Gerais,Sudeste,6290,1428.56,137776.5,21904.05
Cruz Belo,MG,Minas Gerais,Sudeste,10981,1229.55,236877.75,21571.6
Pinheiro Formosa,CE,Ceará,Nordeste,21665,1155.48,289937.41,13382.76
Lagoa Formosa do Oeste,SP,São Paulo,Sudeste,3444,1058.64,63597.47,18466.16
Ipê Vista do Campo,SE,Sergipe,Nordeste,36394,1175.59,788141.13,21655.8
Campo Dourado,MA,Maranhão,Nordeste,32690,822.56,446755.91,13666.44
São Dourado da Mata,BA,Bahia,Nordeste,8310,1026.51,132269.31,15916.88
Campo Novo do Leste,RJ,Rio de Janeiro,Sudeste,4633,1148.92,68698.65,14828.11
Boa do Norte do Leste,SP,São Paulo,Sudeste,7517,2374.21,262336.0,34899.03
Jaboti do Sul da Mata,RS,Rio Grande do Sul,Sul,4634,1739.07,145274.0,31349.59
Serra do Norte do Leste,PI,Piauí,Nordeste,4066,1252.31,55033.38,13535.02
Coração Novo,RS,Rio Grande do Sul,Sul,2830,1379.45,65155.78,23023.24
Vale Grande Central,RS,Rio Grande do Sul,Sul,12837,1022.9,242714.73,18907.43
Serra União,RJ,Rio de Janeiro,Sudeste,24658,1178.39,342343.84,13883.68
Pinheiro das Flores Menor,RS,Rio Grande do Sul,Sul,3671,1474.64,58547.7,15948.71
Ribeirão Formosa Menor,GO,Goiás,Centro-Oeste,4422,1373.99,104858.83,23712.99
Nova Preto das Palmeiras,RJ,Rio de Janeiro,Sudeste,5722,2048.38,134765.23,23552.12
Rio Branco,PI,Piauí,Nordeste,5753,974.57,72199.61,12549.91
Boa da Serra do Campo,MG,Minas Gerais,Sudeste,35800,1282.2,724009.93,20223.74
Cachoeira do Sul da Mata,MS,Mato Grosso do Sul,Centro-Oeste,7567,1739.07,243169.2,32135.48
Barra Aurora,MT,Mato Grosso,Centro-Oeste,6935,1607.25,144059.84,20772.87
Barra Branco do Oeste,CE,Ceará,Nordeste,43588,827.74,674789.95,15481.09
Aracê Horizonte das Palmeiras,PA,Pará,Norte,13326,1003.14,241973.67,18158.01
Ribeirão Dourado Colonial,MG,Minas Gerais,Sudeste,20647,1953.69,528985.26,25620.44
Alto das Flores das Palmeiras,GO,Goiás,Centro-Oeste,3976,1931.77,98251.18,24711.06
Jaboti Branco,SE,Sergipe,Nordeste,35746,1062.03,474047.43,13261.55
Bela Alegre do Campo,PI,Piauí,Nordeste,26202,1140.42,395368.3,15089.24
Bela Alegre Menor,MG,Minas Gerais,Sudeste,24785,1750.38,615940.78,24851.35
Palmeira Verde do Cerrado,MG,Minas Gerais,Sudeste,1256,2316.0,35100.23,27946.04
Pinheiro Redonda Central,RS,Rio Grande do Sul,Sul,11972,1523.57,247938.06,20709.83
Monte Real,RN,Rio Grande do Norte,Nordeste,105141,728.66,920603.73,8755.9
Santa Verde da Mata,PR,Paraná,Sul,3606,2280.9,120993.94,33553.51
Santa do Vale Maior,SP,São Paulo,Sudeste,28604,2353.68,872765.85,30512.02
Vale Vista,SP,São Paulo,Sudeste,5635,2251.32,158335.96,28098.66
Santa Bonito da Mata,MG,Minas Gerais,Sudeste,15853,2404.06,719207.66,45367.29
Novo Feliz Menor,BA,Bahia,Nordeste,11931,1237.43,266516.49,22338.15
Serra Alegre,BA,Bahia,Nordeste,22935,533.37,219343.12,9563.69
Pinheiro Real da Mata,SP,São Paulo,Sudeste,839,1644.58,15248.79,18174.96
Ribeirão Verde do Cerrado,MA,Maranhão,Nordeste,2286,1007.03,27483.18,12022.39
Pinheiro Grande Colonial,SP,São Paulo,Sudeste,1642,1781.77,37146.29,22622.59
Ribeirão Real Colonial,RS,Rio Grande do Sul,Sul,13457,1211.8,259695.21,19298.15
Santa do Vale Paulista,RS,Rio Grande do Sul,Sul,4525,1411.19,77729.76,17177.85
Bela Horizonte Menor,PA,Pará,Norte,2541,1375.61,50991.43,20067.47
Vila Real das Palmeiras,PA,Pará,Norte,12483,1246.68,294129.13,23562.38
Palmeira Claro Central,PA,Pará,Norte,9690,1371.84,148393.45,15314.08
São Claro Maior,PB,Paraíba,Nordeste,43242,766.86,594162.69,13740.41
Ribeirão do Vale,MG,Minas Gerais,Sudeste,14849,1429.98,325027.67,21888.86
Palmeira Esperança,SC,Santa Catarina,Sul,4247,2067.88,102804.04,24206.27
Ipê Alegre de Minas,RS,Rio Grande do Sul,Sul,22643,1392.39,369250.88,16307.51
Novo Real Menor,BA,Bahia,Nordeste,4289,825.81,60483.09,14101.91
Campo Bonito Paulista,RS,Rio Grande do Sul,Sul,88149,1771.19,2848337.52,32312.76
Santo Bonito das Palmeiras,MT,Mato Grosso,Centro-Oeste,3101,1858.45,90057.36,29041.39
Aracê Bonita Colonial,AL,Alagoas,Nordeste,7823,1244.75,138460.73,17699.19
Bela Formosa Colonial,RS,Rio Grande do Sul,Sul,5428,2098.89,180871.36,33321.92
Ribeirão Claro Menor,MA,Maranhão,Nordeste,2598,672.14,21306.86,8201.25
Ipê das Flores Maior,SP,São Paulo,Sudeste,3788,1132.47,81393.29,21487.14
Nova Esperança da Mata,PE,Pernambuco,Nordeste,16257,616.71,149793.15,9214.07
Palmeira Aurora Menor,TO,Tocantins,Norte,20142,1044.04,284294.74,14114.52
Ipê Feliz das Palmeiras,PE,Pernambuco,Nordeste,18201,960.06,246981.23,13569.65
Pinheiro Alegre das Palmeiras,RO,Rondônia,Norte,4917,1346.91,101048.62,20550.87
Barra do Vale do Cerrado,RS,Rio Grande do Sul,Sul,47057,1093.49,680763.3,14466.78
Porto Dourado do Oeste,SP,São Paulo,Sudeste,8794,1117.62,172090.49,19569.08
Barra Preto Menor,MA,Maranhão,Nordeste,49045,840.69,730666.3,14897.88
Santa Dourado,PB,Paraíba,Nordeste,6695,732.27,59172.81,8838.36
Porto Esperança das Palmeiras,SP,São Paulo,Sudeste,22574,2220.72,645632.48,28600.71
Barra Azul do Leste,SP,São Paulo,Sudeste,33042,2133.67,919716.0,27834.76
Serra do Sul,SP,São Paulo,Sudeste,5085,2006.46,150289.76,29555.51
Ipê Bonita das Palmeiras,AL,Alagoas,Nordeste,12779,698.09,100826.21,7889.99
Ribeirão Real do Cerrado,SE,Sergipe,Nordeste,3740,545.03,24308.23,6499.53
Vale do Sul da Mata,MG,Minas Gerais,Sudeste,26285,1962.54,642966.74,24461.36
Pinheiro Real de Minas,SP,São Paulo,Sudeste,10202,2099.75,280205.29,27465.72
Santo Vitória Menor,PE,Pernambuco,Nordeste,93927,812.94,1130858.8,12039.76
Barra União,SE,Sergipe,Nordeste,61597,885.82,627368.21,10185.04
Cruz Esperança do Leste,MA,Maranhão,Nordeste,5691,1034.46,64131.21,11268.88
Cruz Bonita de Minas,SP,São Paulo,Sudeste,51640,1278.9,1234967.48,23914.94
Novo Vitória da Mata,BA,Bahia,Nordeste,2619,855.97,33187.66,12671.88
Aracê da Serra,MG,Minas Gerais,Sudeste,1524,1241.58,31689.41,20793.58
Santa dos Campos Paulista,PR,Paraná,Sul,17379,1327.48,361536.31,20803.06
Serra União do Campo,PR,Paraná,Sul,32409,1358.67,520373.74,16056.46
Lagoa Formosa das Palmeiras,SP,São Paulo,Sudeste,18442,1318.38,460112.24,24949.15
Boa Bonita do Oeste,MT,Mato Grosso,Centro-Oeste,25403,2070.75,747863.26,29439.96
São Branco Maior,RN,Rio Grande do Norte,Nordeste,12220,898.43,148891.74,12184.27
Barra do Vale de Minas,RS,Rio Grande do Sul,Sul,32740,1881.91,1036531.08,31659.47
Aracê Alegre Menor,MT,Mato Grosso,Centro-Oeste,9791,1720.83,317907.6,32469.37
Coração Dourado Maior,BA,Bahia,Nordeste,25732,754.19,346172.84,13453.01
Palmeira Claro do Cerrado,MA,Maranhão,Nordeste,2559,748.83,30919.27,12082.56
Bela Vitória do Leste,RS,Rio Grande do Sul,Sul,22390,2253.25,730066.97,32606.83
São Novo Maior,PI,Piauí,Nordeste,9230,1313.23,213087.0,23086.35
Campo Belo Menor,MG,Minas Gerais,Sudeste,23597,1157.1,374501.82,15870.74
Rio Claro da Mata,PB,Paraíba,Nordeste,66732,611.39,674665.26,10110.07
São dos Campos das Palmeiras,PA,Pará,Norte,3131,1293.73,47430.87,15148.79
Cruz Preto do Leste,RS,Rio Grande do Sul,Sul,30383,1496.36,819574.99,26974.79
Palmeira Horizonte Central,BA,Bahia,Nordeste,26174,1128.05,375650.0,14352.03
Coração Aurora Paulista,AL,Alagoas,Nordeste,77848,757.77,1109206.92,14248.37
Novo Esperança do Campo,GO,Goiás,Centro-Oeste,7773,2044.25,209795.22,26990.25
Aracê Novo Menor,PE,Pernambuco,Nordeste,335774,914.07,3761382.84,11202.13
Palmeira do Norte do Campo,RN,Rio Grande do Norte,Nordeste,18569,813.9,200182.23,10780.45
Pinheiro Dourado de Minas,PE,Pernambuco,Nordeste,8698,822.38,91613.67,10532.73
Ipê Formosa Central,BA,Bahia,Nordeste,11672,631.57,123241.37,10558.72
Ipê do Vale do Leste,SC,Santa Catarina,Sul,29038,2195.36,901741.99,31053.86
Lagoa Novo do Cerrado,SC,Santa Catarina,Sul,12405,2432.61,506611.13,40839.27
Coração Azul do Cerrado,MG,Minas Gerais,Sudeste,41464,1239.14,790320.47,19060.4
Vale Belo do Leste,AL,Alagoas,Nordeste,4276,1248.27,60846.08,14229.67
Barra Vista da Mata,RS,Rio Grande do Sul,Sul,4047,2307.33,142272.72,35155.11
Boa Horizonte Paulista,MG,Minas Gerais,Sudeste,11300,1177.04,195126.24,17267.81
Cruz dos Campos do Oeste,PA,Pará,Norte,23858,972.71,255825.4,10722.84
Cruz das Flores do Oeste,RS,Rio Grande do Sul,Sul,6610,1749.09,178984.36,27077.82
Coração Preto Maior,BA,Bahia,Nordeste,6201,1192.24,114895.36,18528.52
Jaboti Esperança Paulista,AM,Amazonas,Norte,5463,862.68,58364.82,10683.66
Coração Redonda das Palmeiras,CE,Ceará,Nordeste,22033,1066.65,357351.19,16218.91
Coração Real Paulista,RJ,Rio de Janeiro,Sudeste,23762,2232.56,938776.13,39507.45
Lagoa da Serra da Mata,RN,Rio Grande do Norte,Nordeste,93010,1040.02,1298460.25,13960.44
Jaboti Alegre Colonial,BA,Bahia,Nordeste,51441,1190.5,908501.46,17661.04
Novo Novo do Campo,SC,Santa Catarina,Sul,40187,1973.45,1196530.85,29774.08
Lagoa do Norte Colonial,BA,Bahia,Nordeste,41518,1301.71,775686.8,18683.14
Barra Novo do Cerrado,RS,Rio Grande do Sul,Sul,13861,1635.66,343641.37,24791.96
Pinheiro Vitória de Minas,MA,Maranhão,Nordeste,4963,1317.09,123826.63,24949.96
Alto Belo Colonial,SP,São Paulo,Sudeste,28000,1224.99,596650.53,21308.95
Bela do Sul do Leste,MT,Mato Grosso,Centro-Oeste,14159,2195.24,461225.95,32574.75
São Alegre Paulista,PA,Pará,Norte,26527,980.5,334339.42,12603.74
Vila Azul do Oeste,RS,Rio Grande do Sul,Sul,3776,1204.61,62417.39,16530.03
Campo Vitória Central,SC,Santa Catarina,Sul,35983,1591.76,720899.34,20034.44
Ribeirão Vitória,BA,Bahia,Nordeste,10103,1207.42,144038.31,14256.98
Jaboti Bonito,GO,Goiás,Centro-Oeste,17011,1178.21,292196.85,17176.94
Serra Claro Paulista,RJ,Rio de Janeiro,Sudeste,17729,2217.9,603324.49,34030.37
Nova das Flores,PR,Paraná,Sul,4621,1208.03,100123.09,21666.97
Serra do Vale Colonial,PI,Piauí,Nordeste,32252,888.57,469347.91,14552.52
Alto dos Campos Paulista,BA,Bahia,Nordeste,7497,760.0,91555.03,12212.22
Cachoeira Bonito Paulista,AL,Alagoas,Nordeste,7094,1025.91,134570.86,18969.67
Bela Bonito,RS,Rio Grande do Sul,Sul,11724,2310.78,370895.35,31635.56
Ipê da Serra do Oeste,BA,Bahia,Nordeste,23793,685.78,187048.5,7861.49
Lagoa Aurora Menor,SE,Sergipe,Nordeste,7698,620.84,55269.75,7179.75
Aracê Horizonte Colonial,GO,Goiás,Centro-Oeste,38637,1266.65,758581.96,19633.56
Monte da Serra de Minas,BA,Bahia,Nordeste,12561,1176.58,269637.12,21466.21
Vila Vista,PR,Paraná,Sul,6873,2378.19,262717.88,38224.63
Boa Esperança Maior,BA,Bahia,Nordeste,23043,909.5,350937.98,15229.7
Campo Formosa,MG,Minas Gerais,Sudeste,12244,1400.76,232998.73,19029.63
Coração Belo da Mata,PE,Pernambuco,Nordeste,5108,811.65,67365.77,13188.29
Ribeirão Claro da Mata,BA,Bahia,Nordeste,3109,1092.22,39185.81,12603.99
Serra da Serra da Mata,PI,Piauí,Nordeste,1952,638.14,18930.5,9698.0
Cruz Grande do Leste,CE,Ceará,Nordeste,6057,1157.58,105171.59,17363.64
Palmeira Horizonte Menor,MS,Mato Grosso do Sul,Centro-Oeste,40654,1829.25,902330.95,22195.38
Nova Preto Menor,RS,Rio Grande do Sul,Sul,19797,2547.9,858286.91,43354.39
Lagoa da Serra Central,CE,Ceará,Nordeste,48210,789.66,498929.22,10349.08
Palmeira Bonita,PR,Paraná,Sul,37511,1791.06,880866.89,23482.9
Ribeirão Novo Central,ES,Espírito Santo,Sudeste,924,2394.51,31729.84,34339.65
São Grande do Leste,RS,Rio Grande do Sul,Sul,2984,1997.39,64771.82,21706.37
Palmeira Dourado do Campo,BA,Bahia,Nordeste,18613,834.58,182874.93,9825.12
Barra União das Palmeiras,PA,Pará,Norte,10260,943.87,118621.85,11561.58
Santa Aurora,SP,São Paulo,Sudeste,7953,1555.23,223285.58,28075.64
Rio Feliz de Minas,MT,Mato Grosso,Centro-Oeste,9105,1982.24,315925.91,34698.07
Ribeirão Esperança das Palmeiras,PB,Paraíba,Nordeste,30611,798.12,290789.54,9499.51
Aracê Bonito Colonial,RS,Rio Grande do Sul,Sul,2841,1210.5,48953.07,17230.93
Vale União do Oeste,GO,Goiás,Centro-Oeste,50630,2248.07,1775440.34,35066.96
Jaboti Horizonte do Leste,MG,Minas Gerais,Sudeste,15598,1846.77,468960.05,30065.4
Cachoeira Formosa do Oeste,PI,Piauí,Nordeste,1483,615.86,15007.6,10119.76
Aracê Aurora do Campo,MT,Mato Grosso,Centro-Oeste,16251,2215.46,391902.71,24115.61
Ribeirão Alegre da Mata,MG,Minas Gerais,Sudeste,22924,2428.83,1004036.48,43798.49
Vale da Serra,PE,Pernambuco,Nordeste,12865,796.75,184952.42,14376.4
Monte da Serra,MG,Minas Gerais,Sudeste,75282,2205.84,2443683.39,32460.39
Novo Grande da Mata,SC,Santa Catarina,Sul,26559,2004.6,975982.4,36747.71
Santo Feliz Menor,PI,Piauí,Nordeste,19723,1007.42,268300.63,13603.44
Porto das Flores Central,MT,Mato Grosso,Centro-Oeste,40850,1746.64,833895.51,20413.6
Alto das Flores Central,MS,Mato Grosso do Sul,Centro-Oeste,20708,1654.99,416036.22,20090.6
Jaboti da Serra Maior,PR,Paraná,Sul,17152,1949.94,625035.05,36440.94
Vila Bonito Maior,SP,São Paulo,Sudeste,1905,1667.01,43419.78,22792.54
Vila Real de Minas,SP,São Paulo,Sudeste,15351,1201.9,237787.03,15490.0
São Esperança Central,BA,Bahia,Nordeste,5945,1276.73,105315.31,17714.94
Pinheiro Grande do Oeste,MG,Minas Gerais,Sudeste,74519,1304.76,1095410.73,14699.75
Bela Claro do Leste,PR,Paraná,Sul,2836,1055.57,51466.68,18147.63
Aracê Bonita Paulista,MG,Minas Gerais,Sudeste,3354,1207.28,70054.68,20886.91
Cachoeira Alegre do Oeste,PR,Paraná,Sul,37113,1227.88,598760.84,16133.45
Monte do Vale da Mata,SP,São Paulo,Sudeste,11287,2321.52,363610.09,32214.95
Ipê da Serra da Mata,GO,Goiás,Centro-Oeste,20151,1957.71,561027.5,27841.17
Rio Real da Mata,PR,Paraná,Sul,6937,1591.68,181403.09,26150.08
Lagoa Horizonte Central,PB,Paraíba,Nordeste,10124,1296.61,229416.08,22660.62
São da Serra Maior,MA,Maranhão,Nordeste,37443,864.59,391872.25,10465.83
Alto Bonita Central,RS,Rio Grande do Sul,Sul,2093,1598.92,38843.55,18558.79
Cachoeira Azul da Mata,GO,Goiás,Centro-Oeste,10855,2047.81,281771.87,25957.8
Pinheiro Belo Colonial,MG,Minas Gerais,Sudeste,15138,2029.41,388713.98,25678.03
Santo Formosa do Campo,AL,Alagoas,Nordeste,43206,838.52,460538.04,10659.12
Nova Claro do Oeste,MT,Mato Grosso,Centro-Oeste,2368,1708.78,67467.47,28491.33
Barra do Norte Colonial,RS,Rio Grande do Sul,Sul,9956,2347.77,388267.16,38998.31
Serra Redonda Central,PE,Pernambuco,Nordeste,38966,637.44,449734.84,11541.72
Monte Vista do Leste,SC,Santa Catarina,Sul,983,1056.74,15299.53,15564.12
Campo Vitória,CE,Ceará,Nordeste,4764,1104.88,65027.5,13649.77
Santo do Vale Central,BA,Bahia,Nordeste,4322,1078.47,73453.57,16995.27
Vila Verde de Minas,PI,Piauí,Nordeste,13401,618.6,128173.71,9564.49
Boa Aurora de Minas,SP,São Paulo,Sudeste,4646,2178.74,178141.09,38342.89
Lagoa Feliz do Oeste,PE,Pernambuco,Nordeste,7197,532.81,53083.94,7375.84
Aracê Alegre do Oeste,AM,Amazonas,Norte,1767,1296.75,41867.21,23693.95
Aracê Dourado de Minas,MA,Maranhão,Nordeste,151787,618.32,1717280.88,11313.75
Aracê Esperança do Oeste,PE,Pernambuco,Nordeste,341880,1332.07,8409263.93,24597.12
Monte Esperança Central,PE,Pernambuco,Nordeste,22547,1227.69,416332.09,18465.08
Coração Aurora de Minas,BA,Bahia,Nordeste,9944,722.95,133329.39,13408.02
Ribeirão Belo Paulista,SC,Santa Catarina,Sul,43954,1726.52,1342409.75,30541.24
Aracê Alegre de Minas,SP,São Paulo,Sudeste,2926,1785.69,66628.29,22771.12
Alto Belo Menor,MG,Minas Gerais,Sudeste,3850,1223.64,88549.82,22999.95
Aracê Bonita,SP,São Paulo,Sudeste,21787,1089.83,379142.22,17402.22
Ribeirão Grande de Minas,SP,São Paulo,Sudeste,30189,2449.78,901547.63,29863.45
Ipê Grande Central,CE,Ceará,Nordeste,22258,1280.67,493051.53,22151.65
Novo Verde Maior,PR,Paraná,Sul,74940,1402.41,1445279.45,19285.82
Nova Novo do Cerrado,SP,São Paulo,Sudeste,10280,1318.3,232882.65,22653.95
Monte Aurora,RS,Rio Grande do Sul,Sul,11041,2058.44,285765.92,25882.25
Palmeira Belo Paulista,SP,São Paulo,Sudeste,19700,1668.46,449466.47,22815.56
Aracê Belo Maior,RS,Rio Grande do Sul,Sul,10144,1927.75,351517.91,34652.79
Boa Redonda da Mata,SP,São Paulo,Sudeste,4137,1877.63,101530.74,24542.12
Monte Redonda Menor,PR,Paraná,Sul,14384,1278.4,246283.26,17122.03
Pinheiro Esperança Paulista,SP,São Paulo,Sudeste,9447,1384.43,154071.19,16309.01
Porto Claro Colonial,PB,Paraíba,Nordeste,112316,1183.19,1894848.43,16870.69
Pinheiro Claro Central,SP,São Paulo,Sudeste,3771,1442.97,65332.2,17324.9
Rio Horizonte Central,SP,São Paulo,Sudeste,5382,1964.85,115874.95,21530.09
Campo Real Colonial,ES,Espírito Santo,Sudeste,26940,2031.89,888722.22,32988.95
Serra Horizonte das Palmeiras,MG,Minas Gerais,Sudeste,94269,2104.94,3464079.4,36746.75
Monte Azul da Mata,RS,Rio Grande do Sul,Sul,26461,2306.11,794307.03,30018.03
Serra da Serra do Campo,GO,Goiás,Centro-Oeste,8721,1210.35,149477.92,17140.0
Ribeirão do Norte Colonial,AL,Alagoas,Nordeste,6880,1255.19,150541.95,21881.1
Ribeirão Horizonte do Oeste,SP,São Paulo,Sudeste,41651,1464.81,741663.06,17806.61
Santo Aurora Colonial,PI,Piauí,Nordeste,1442,1257.66,24596.94,17057.52
Cachoeira Verde,SC,Santa Catarina,Sul,4603,2131.23,181509.64,39432.9
Santa Bonito,MS,Mato Grosso do Sul,Centro-Oeste,15272,1628.12,294665.15,19294.47
Monte do Norte da Mata,PE,Pernambuco,Nordeste,8821,1048.82,122340.35,13869.22
Vila Verde do Campo,MG,Minas Gerais,Sudeste,10230,2350.81,290076.89,28355.51
Campo Branco,BA,Bahia,Nordeste,2928,744.48,29467.67,10064.09
Novo Dourado do Oeste,RS,Rio Grande do Sul,Sul,3292,2327.59,102203.24,31045.94
Novo Dourado,MG,Minas Gerais,Sudeste,22817,1961.96,762485.94,33417.45
Ribeirão Vitória da Mata,RN,Rio Grande do Norte,Nordeste,21413,703.78,180026.56,8407.35
Ribeirão Preto,SC,Santa Catarina,Sul,5709,1025.89,108099.38,18934.91
Aracê do Sul,PA,Pará,Norte,12267,687.85,133039.8,10845.34
Porto Grande Central,SP,São Paulo,Sudeste,1732,1924.29,43947.55,25373.87
Boa Branco Colonial,SP,São Paulo,Sudeste,2653,2401.45,78891.39,29736.67
Alto Claro,RR,Roraima,Norte,3973,779.08,56483.75,14216.9
Palmeira da Serra das Palmeiras,PA,Pará,Norte,42057,1273.65,1022963.85,24323.27
Ipê Feliz,MG,Minas Gerais,Sudeste,14645,1154.57,318529.54,21750.05
Porto União Colonial,PE,Pernambuco,Nordeste,3823,1238.73,56003.54,14649.11
Ribeirão Branco,MT,Mato Grosso,Centro-Oeste,35907,2113.14,1350330.91,37606.34
Novo Vista Colonial,TO,Tocantins,Norte,8545,1345.53,174490.47,20420.18
Santa Bonita do Oeste,PR,Paraná,Sul,4847,2162.67,186079.34,38390.62
Vila Verde Colonial,MG,Minas Gerais,Sudeste,30120,2173.59,866528.88,28769.22
Santo Vista do Oeste,AM,Amazonas,Norte,32176,1020.18,384323.26,11944.41
Novo Horizonte,TO,Tocantins,Norte,3383,941.62,39111.99,11561.33
Palmeira Verde de Minas,RS,Rio Grande do Sul,Sul,38079,2423.03,1588030.81,41703.58
Novo Azul de Minas,MG,Minas Gerais,Sudeste,82831,1221.75,1228986.56,14837.28
Nova dos Campos,BA,Bahia,Nordeste,5073,1183.69,92910.05,18314.62
Nova do Sul Central,GO,Goiás,Centro-Oeste,3417,2242.7,108306.96,31696.51
Rio Bonita do Campo,SP,São Paulo,Sudeste,12139,1025.25,157072.65,12939.5
Serra Alegre Paulista,RS,Rio Grande do Sul,Sul,12563,1408.25,269949.69,21487.68
Barra Azul Central,MG,Minas Gerais,Sudeste,11265,2337.47,459896.15,40825.22
Vale Dourado Paulista,RJ,Rio de Janeiro,Sudeste,28285,1255.55,493102.59,17433.36
São Alegre do Campo,BA,Bahia,Nordeste,4034,596.01,26209.13,6497.06
Lagoa Esperança de Minas,RN,Rio Grande do Norte,Nordeste,2481,874.61,31826.36,12828.04
Cachoeira Real Colonial,SP,São Paulo,Sudeste,1545,2248.8,60985.0,39472.49
Bela da Serra do Campo,MA,Maranhão,Nordeste,2759,1242.66,39580.09,14345.81
Ribeirão Preto Menor,RS,Rio Grande do Sul,Sul,9380,1210.36,123251.28,13139.8
Aracê Alegre Central,RS,Rio Grande do Sul,Sul,7532,2000.21,249515.0,33127.32
Boa Preto,PB,Paraíba,Nordeste,3224,870.76,36740.02,11395.79
Nova Verde do Campo,RN,Rio Grande do Norte,Nordeste,1159225,993.6,14449281.1,12464.6
Barra Verde,BA,Bahia,Nordeste,3419,1214.46,45267.14,13239.88
Alto Bonito da Mata,RO,Rondônia,Norte,4299,870.85,51458.43,11969.86
Bela Belo das Palmeiras,PR,Paraná,Sul,5513,1601.42,132600.88,24052.4
Monte Novo do Campo,GO,Goiás,Centro-Oeste,142351,2202.11,3656161.79,25684.13
Ipê Verde da Mata,GO,Goiás,Centro-Oeste,38949,2005.45,974466.06,25019.03
Barra dos Campos Colonial,TO,Tocantins,Norte,5738,689.65,53635.81,9347.47
Nova Bonito Menor,PE,Pernambuco,Nordeste,29233,946.61,525541.8,17977.69
Santo do Norte de Minas,RS,Rio Grande do Sul,Sul,1528,2293.37,51535.2,33727.23
Bela Horizonte de Minas,SP,São Paulo,Sudeste,31184,1076.18,594632.32,19068.51
Coração do Vale Central,RN,Rio Grande do Norte,Nordeste,2293,828.48,21638.67,9436.84
Ipê Vista Central,MG,Minas Gerais,Sudeste,5104,1526.27,120016.94,23514.29
Monte Alegre,BA,Bahia,Nordeste,3584,980.21,60486.35,16876.77
Coração Bonita do Campo,MT,Mato Grosso,Centro-Oeste,34139,1418.98,806841.87,23634.02
Aracê Vista Menor,MG,Minas Gerais,Sudeste,28521,1713.63,645653.4,22637.82
Campo Claro do Cerrado,MA,Maranhão,Nordeste,7092,1312.32,139439.12,19661.47
Porto Alegre de Minas,RS,Rio Grande do Sul,Sul,5140,2506.7,232953.39,45321.67
Boa Bonita das Palmeiras,RS,Rio Grande do Sul,Sul,1969,1956.71,68731.76,34906.94
Aracê União Colonial,SC,Santa Catarina,Sul,21093,2394.48,901927.3,42759.56
Novo Bonita de Minas,AL,Alagoas,Nordeste,27819,924.86,403081.78,14489.44
Bela Alegre,SC,Santa Catarina,Sul,17629,2349.54,594134.05,33702.08
Vale do Vale,PB,Paraíba,Nordeste,20759,804.8,199489.23,9609.77
Barra Redonda Paulista,PE,Pernambuco,Nordeste,11234,731.37,146211.53,13015.09
Cachoeira Feliz do Leste,RS,Rio Grande do Sul,Sul,159475,2173.09,6281882.0,39391.01
Bela Bonita,PI,Piauí,Nordeste,87335,903.71,890608.86,10197.62
Alto Redonda Colonial,PR,Paraná,Sul,19123,2475.71,843635.57,44116.28
Barra Redonda do Oeste,BA,Bahia,Nordeste,9881,985.22,124370.55,12586.84
Rio do Sul da Mata,PA,Pará,Norte,2776,1154.18,55394.38,19954.75
Boa Preto Maior,MT,Mato Grosso,Centro-Oeste,16508,2019.54,564584.41,34200.65
Barra do Sul do Campo,RN,Rio Grande do Norte,Nordeste,14091,1317.72,273386.94,19401.53
Lagoa Esperança do Cerrado,MS,Mato Grosso do Sul,Centro-Oeste,15353,1180.71,324315.64,21123.93
Monte Dourado Colonial,SC,Santa Catarina,Sul,19700,2235.52,668678.94,33943.09
Cruz da Serra Colonial,PR,Paraná,Sul,1274,1408.48,21538.97,16906.57
São Aurora do Campo,MG,Minas Gerais,Sudeste,53974,1589.58,1212324.27,22461.26
Santo Formosa Maior,RS,Rio Grande do Sul,Sul,26890,2264.63,980860.42,36476.77
Lagoa Azul,ES,Espírito Santo,Sudeste,9721,2042.7,281750.97,28983.74
Palmeira Bonito,SP,São Paulo,Sudeste,32104,2333.05,936960.76,29185.17
Pinheiro Bonita Menor,CE,Ceará,Nordeste,20629,1224.25,306521.46,14858.76
Santo Aurora do Oeste,BA,Bahia,Nordeste,6133,563.48,64473.52,10512.56
Novo Vitória,MG,Minas Gerais,Sudeste,15774,2444.13,527363.74,33432.47
Ipê Bonito da Mata,SP,São Paulo,Sudeste,2828,1510.01,47505.68,16798.33
Vale Redonda do Oeste,RS,Rio Grande do Sul,Sul,150766,1406.09,2612700.92,17329.51
Aracê Bonita Menor,SP,São Paulo,Sudeste,2264,2019.26,75184.23,33208.58
Campo Branco Menor,SC,Santa Catarina,Sul,5940,1912.59,196414.38,33066.39
Pinheiro Vista do Cerrado,SP,São Paulo,Sudeste,31406,1785.07,779190.76,24810.25
Novo Novo do Oeste,RR,Roraima,Norte,8279,876.71,127308.22,15377.25
Santo União Menor,PR,Paraná,Sul,16688,2501.6,552825.06,33127.1
Rio das Flores de Minas,TO,Tocantins,Norte,18169,831.69,255696.29,14073.22
Aracê Aurora da Mata,RS,Rio Grande do Sul,Sul,25770,2123.72,909495.41,35292.8
Boa Grande,RS,Rio Grande do Sul,Sul,12309,2388.01,535246.47,43484.16
Bela Real Colonial,MG,Minas Gerais,Sudeste,40912,1443.2,865097.02,21145.31
Rio Redonda do Cerrado,CE,Ceará,Nordeste,4176,772.47,55586.22,13310.88
Vale Aurora Central,MG,Minas Gerais,Sudeste,13191,1306.73,256665.1,19457.59
Vale Azul Menor,MG,Minas Gerais,Sudeste,4357,1920.53,112036.57,25714.15
Ipê Real,MG,Minas Gerais,Sudeste,9499,2406.06,409546.14,43114.66
Monte Vitória,ES,Espírito Santo,Sudeste,3587,2125.24,94288.75,26286.24
Cachoeira Vitória do Campo,SC,Santa Catarina,Sul,15679,1068.63,225299.29,14369.49
Bela Formosa,MG,Minas Gerais,Sudeste,34719,2415.05,1085203.38,31256.76
Palmeira Azul Central,RJ,Rio de Janeiro,Sudeste,46382,1262.38,710740.71,15323.63
Cachoeira Dourado Colonial,PI,Piauí,Nordeste,86853,1241.43,1919982.3,22106.11
Porto Formosa Colonial,MG,Minas Gerais,Sudeste,3119,2258.54,89976.69,28847.93
Monte Azul Menor,PI,Piauí,Nordeste,38279,1115.01,491188.65,12831.8
Bela do Vale Colonial,SP,São Paulo,Sudeste,25889,2099.36,733788.87,28343.65
Porto Aurora Central,SP,São Paulo,Sudeste,10268,1884.0,209202.58,20374.23
Barra Preto das Palmeiras,BA,Bahia,Nordeste,21078,726.86,231153.62,10966.58
Rio Vitória da Mata,CE,Ceará,Nordeste,37052,1098.63,664533.25,17935.15
Nova do Norte Menor,RS,Rio Grande do Sul,Sul,5910,1401.57,96386.05,16308.98
Rio Novo do Oeste,TO,Tocantins,Norte,11811,1271.94,186746.78,15811.26
Cachoeira Grande Central,PR,Paraná,Sul,19869,2137.98,482755.68,24296.93
Rio Feliz Maior,SP,São Paulo,Sudeste,6445,2379.25,259549.8,40271.5
Novo Aurora do Oeste,RS,Rio Grande do Sul,Sul,11428,1233.67,245417.37,21475.09
Bela Branco das Palmeiras,PI,Piauí,Nordeste,16215,820.01,207553.63,12800.1
Novo União,RS,Rio Grande do Sul,Sul,9315,1156.01,206468.45,22165.16
Boa Real de Minas,RJ,Rio de Janeiro,Sudeste,122254,2244.68,4894234.24,40033.33
Novo Feliz Colonial,PR,Paraná,Sul,13909,2217.06,419695.3,30174.37
Santo Preto da Mata,MG,Minas Gerais,Sudeste,76307,2358.22,3267175.18,42816.19
Ribeirão das Flores do Leste,MG,Minas Gerais,Sudeste,93589,1201.82,1338401.45,14300.84
Serra Aurora Menor,PB,Paraíba,Nordeste,10923,1264.86,243278.4,22272.12
Monte Formosa de Minas,RO,Rondônia,Norte,10873,669.96,83006.32,7634.17
Santa Claro do Leste,MG,Minas Gerais,Sudeste,27393,2247.36,673287.8,24578.83
Alto Branco do Oeste,CE,Ceará,Nordeste,18431,925.43,255370.45,13855.49
Serra Esperança das Palmeiras,RN,Rio Grande do Norte,Nordeste,9892,574.36,81782.14,8267.5
Pinheiro do Sul Menor,RS,Rio Grande do Sul,Sul,28718,1527.09,828460.08,28848.11
Santo dos Campos Menor,SP,São Paulo,Sudeste,33147,996.68,414849.82,12515.46
Cachoeira Feliz das Palmeiras,MG,Minas Gerais,Sudeste,2645,1852.28,77848.78,29432.43
Coração Alegre,PI,Piauí,Nordeste,6130,833.11,87073.15,14204.43
Jaboti do Sul de Minas,PA,Pará,Norte,1034,1080.16,19803.02,19151.86
Jaboti Redonda,PI,Piauí,Nordeste,118589,972.98,1694634.93,14289.98
Boa do Norte Maior,PA,Pará,Norte,7723,617.62,70618.28,9143.89
Alto Aurora do Campo,PA,Pará,Norte,13598,1277.22,295715.48,21746.98
Ipê Esperança de Minas,GO,Goiás,Centro-Oeste,9699,1468.58,185117.2,19086.22
Barra Real da Mata,GO,Goiás,Centro-Oeste,59522,1519.57,1497720.62,25162.47
Novo Formosa do Leste,GO,Goiás,Centro-Oeste,19168,1685.77,395102.39,20612.6
Rio Bonito Colonial,PI,Piauí,Nordeste,5621,644.75,49780.56,8856.18
Rio da Serra Colonial,SP,São Paulo,Sudeste,39261,1359.38,966418.4,24615.23
Lagoa Esperança,PI,Piauí,Nordeste,21006,938.54,308056.16,14665.15
Pinheiro Aurora de Minas,PR,Paraná,Sul,74129,2191.99,1844081.51,24876.65
Campo Alegre do Oeste,PB,Paraíba,Nordeste,89087,783.44,1243548.56,13958.81
Barra Novo do Oeste,PR,Paraná,Sul,20156,1093.02,407141.34,20199.51
Alto Novo Paulista,RN,Rio Grande do Norte,Nordeste,13305,936.78,179114.38,13462.19
Lagoa Belo do Cerrado,SP,São Paulo,Sudeste,1241,2271.21,42841.17,34521.49
Ipê das Flores,MT,Mato Grosso,Centro-Oeste,3817,994.47,65732.79,17221.06
Ipê Vitória Central,MG,Minas Gerais,Sudeste,2511,2178.15,101214.65,40308.5
Pinheiro Grande das Palmeiras,MA,Maranhão,Nordeste,4472,1137.53,80795.29,18066.93
Ribeirão do Norte do Leste,SC,Santa Catarina,Sul,64989,1183.8,1021244.13,15714.11
Novo Azul Colonial,SP,São Paulo,Sudeste,6322,1761.27,161415.89,25532.41
São Aurora do Oeste,AL,Alagoas,Nordeste,10486,1091.54,137480.78,13110.89
São do Vale da Mata,BA,Bahia,Nordeste,6115,602.25,50805.53,8308.35
Boa Esperança de Minas,RJ,Rio de Janeiro,Sudeste,12740,1833.76,387574.5,30421.86
Bela das Flores de Minas,ES,Espírito Santo,Sudeste,8719,1889.81,187895.61,21550.13
Jaboti do Norte das Palmeiras,SC,Santa Catarina,Sul,41012,1539.97,926078.1,22580.66
Santo Real da Mata,RN,Rio Grande do Norte,Nordeste,8042,619.69,64073.28,7967.33
Palmeira Alegre,SC,Santa Catarina,Sul,44860,2217.84,1677468.83,37393.42
Nova Alegre do Leste,RN,Rio Grande do Norte,Nordeste,11490,655.52,100088.5,8710.92
Cachoeira Formosa,MG,Minas Gerais,Sudeste,26473,1466.45,503524.16,19020.29
Cruz dos Campos do Campo,SP,São Paulo,Sudeste,20530,2436.87,636496.89,31003.26
Palmeira União de Minas,SP,São Paulo,Sudeste,13572,2220.23,390902.34,28802.12
Cachoeira Alegre do Campo,CE,Ceará,Nordeste,11307,789.08,97294.4,8604.79
Cruz União Menor,RN,Rio Grande do Norte,Nordeste,29740,1000.3,477858.33,16067.87
Santa do Sul Menor,MG,Minas Gerais,Sudeste,5760,1137.93,79953.73,13880.86
Santa das Flores Maior,TO,Tocantins,Norte,27410,846.18,291708.54,10642.41
Alto do Sul Menor,MG,Minas Gerais,Sudeste,2391,998.33,44479.65,18602.95
Ipê Preto da Mata,PR,Paraná,Sul,12996,2414.73,371817.94,28610.18
Ipê União de Minas,PB,Paraíba,Nordeste,5421,965.28,92462.4,17056.34
Palmeira Feliz da Mata,SP,São Paulo,Sudeste,26156,1447.31,690912.12,26415.05
Lagoa Redonda Paulista,RS,Rio Grande do Sul,Sul,15792,1210.68,347635.7,22013.41
Aracê Grande da Mata,PA,Pará,Norte,28004,1025.41,547575.81,19553.49
Cruz Vista Menor,MG,Minas Gerais,Sudeste,47924,2019.32,1252334.21,26131.67
Santa Bonito do Cerrado,PR,Paraná,Sul,8224,2493.51,313313.23,38097.43
Coração Dourado Central,SP,São Paulo,Sudeste,11374,1925.5,266795.76,23456.63
Vale Aurora Maior,BA,Bahia,Nordeste,32477,810.3,320249.66,9860.81
Alto Preto,ES,Espírito Santo,Sudeste,3044,2089.71,106788.21,35081.54
Coração Real,SP,São Paulo,Sudeste,7437,1430.41,120222.88,16165.51
Barra Claro,MA,Maranhão,Nordeste,79634,1216.86,1124205.28,14117.15
Porto Bonito de Minas,MA,Maranhão,Nordeste,9951,1045.87,120470.75,12106.4
São Bonito,SP,São Paulo,Sudeste,21054,2390.98,863859.01,41030.64
Monte Claro Colonial,MS,Mato Grosso do Sul,Centro-Oeste,9422,1854.22,241806.89,25664.07
Jaboti Grande,MA,Maranhão,Nordeste,29556,755.43,330800.62,11192.33
Monte Branco Colonial,PR,Paraná,Sul,31290,1514.47,701101.24,22406.56
Campo Aurora do Leste,PB,Paraíba,Nordeste,11235,924.49,119496.4,10636.08
Porto Real do Oeste,SC,Santa Catarina,Sul,14757,2178.85,402519.23,27276.49
Novo do Vale Menor,SP,São Paulo,Sudeste,40728,1691.79,948782.35,23295.58
Santa União Menor,MG,Minas Gerais,Sudeste,8250,2179.65,255740.64,30998.87
Alto Alegre,MG,Minas Gerais,Sudeste,19554,1634.06,391431.8,20017.99
Lagoa Feliz,SC,Santa Catarina,Sul,30078,1562.33,742334.31,24680.31
Nova Alegre do Campo,SC,Santa Catarina,Sul,7650,2495.1,235661.22,30805.39
Campo do Sul Paulista,PR,Paraná,Sul,15150,2161.71,620201.91,40937.42
Santo Azul do Leste,AM,Amazonas,Norte,26414,867.03,250268.03,9474.83
Bela Feliz Menor,BA,Bahia,Nordeste,1034,739.68,8607.74,8324.7
Palmeira União Menor,MG,Minas Gerais,Sudeste,69392,1543.16,1645870.61,23718.45
Aracê Bonita do Oeste,RS,Rio Grande do Sul,Sul,780,1304.09,19517.79,25022.81
Aracê das Flores das Palmeiras,GO,Goiás,Centro-Oeste,19440,1428.81,484653.15,24930.72
Ribeirão Novo do Campo,CE,Ceará,Nordeste,74991,710.65,870711.7,11610.88
Santo do Vale do Leste,RS,Rio Grande do Sul,Sul,5542,1041.36,76782.32,13854.62
Boa Novo Maior,AP,Amapá,Norte,11903,969.58,172332.1,14478.04
Boa Esperança,GO,Goiás,Centro-Oeste,3663,1259.31,74307.76,20286.04
Campo Alegre,MT,Mato Grosso,Centro-Oeste,27764,2183.49,890474.65,32073.0
Palmeira do Norte Paulista,SP,São Paulo,Sudeste,11915,1984.09,336450.29,28237.54
Santa Aurora de Minas,SC,Santa Catarina,Sul,33911,2509.14,1072867.27,31637.74
Vila Alegre da Mata,SP,São Paulo,Sudeste,2375,2331.8,79869.87,33629.42
Pinheiro Novo,BA,Bahia,Nordeste,1890,796.41,22951.6,12143.7
Alto Vitória da Mata,SP,São Paulo,Sudeste,8217,1475.96,134902.2,16417.45
Santo Horizonte do Cerrado,SE,Sergipe,Nordeste,5732,770.15,54441.31,9497.79
Porto Verde,MT,Mato Grosso,Centro-Oeste,2568,1957.89,75223.23,29292.54
Coração Alegre das Palmeiras,RS,Rio Grande do Sul,Sul,3039,1888.15,87813.44,28895.51
São Real,SP,São Paulo,Sudeste,126736,2461.04,4852989.58,38292.12
Serra Novo do Leste,MG,Minas Gerais,Sudeste,8001,1349.62,186553.6,23316.29
Alto Dourado das Palmeiras,MG,Minas Gerais,Sudeste,29079,2124.85,819244.04,28173.05
Serra Feliz Menor,MS,Mato Grosso do Sul,Centro-Oeste,9375,1552.01,216983.87,23144.95
Coração Grande,PE,Pernambuco,Nordeste,10210,702.02,96849.07,9485.71
Boa Horizonte Central,SP,São Paulo,Sudeste,73517,1800.39,2293076.11,31191.1
Lagoa Formosa Central,PB,Paraíba,Nordeste,24992,980.9,292026.63,11684.8
Alto Esperança da Mata,MS,Mato Grosso do Sul,Centro-Oeste,47174,1146.72,964139.03,20437.93
Campo do Norte do Campo,BA,Bahia,Nordeste,58790,730.56,547798.29,9317.88
Santo dos Campos do Cerrado,CE,Ceará,Nordeste,880,1069.74,11303.68,12845.09
Pinheiro Dourado Colonial,PI,Piauí,Nordeste,110912,619.06,1299717.33,11718.46
Vila das Flores de Minas,SP,São Paulo,Sudeste,114099,1406.88,1839013.9,16117.7
Ipê Formosa do Leste,PB,Paraíba,Nordeste,2528,1274.96,61496.66,24326.21
Ribeirão do Sul do Oeste,BA,Bahia,Nordeste,54128,835.08,718646.92,13276.81
Lagoa Dourado do Cerrado,PI,Piauí,Nordeste,38092,707.47,474732.12,12462.78
Jaboti do Sul do Campo,TO,Tocantins,Norte,60501,668.93,766272.69,12665.45
Aracê Alegre do Leste,AL,Alagoas,Nordeste,98593,851.96,1206159.09,12233.72
Jaboti Vista do Campo,PI,Piauí,Nordeste,31436,1239.54,461471.09,14679.7
Pinheiro Bonita Colonial,SP,São Paulo,Sudeste,10583,2391.81,413127.84,39036.93
Alto Esperança do Campo,RN,Rio Grande do Norte,Nordeste,11520,580.42,101846.64,8840.85
Cachoeira Claro das Palmeiras,TO,Tocantins,Norte,23730,737.96,284735.09,11998.95
Pinheiro Horizonte Central,PB,Paraíba,Nordeste,24125,750.95,212455.49,8806.45
Cachoeira Alegre Paulista,SP,São Paulo,Sudeste,70326,2168.94,2740394.45,38967.02
Jaboti das Flores Colonial,GO,Goiás,Centro-Oeste,952,1737.98,26430.36,27762.98
Campo Grande das Palmeiras,GO,Goiás,Centro-Oeste,7257,1622.47,159651.29,21999.63
Nova dos Campos das Palmeiras,SC,Santa Catarina,Sul,12695,1535.45,217011.48,17094.25
Pinheiro dos Campos das Palmeiras,MT,Mato Grosso,Centro-Oeste,2500,1041.91,38355.96,15342.38
Nova Azul,MG,Minas Gerais,Sudeste,10143,1095.13,124119.48,12236.96
Coração Preto Colonial,PR,Paraná,Sul,113398,1263.99,1548515.26,13655.58
Rio Vitória Central,CE,Ceará,Nordeste,27959,947.16,345129.92,12344.14
Pinheiro Vista,SP,São Paulo,Sudeste,32772,1322.48,501769.71,15310.93
Serra Bonito,MG,Minas Gerais,Sudeste,8392,1156.33,179926.11,21440.19
São Branco Menor,PR,Paraná,Sul,13740,1839.29,435917.24,31726.15
Serra União do Leste,GO,Goiás,Centro-Oeste,2022,1987.0,57168.81,28273.4
Ribeirão Aurora de Minas,SE,Sergipe,Nordeste,48341,653.41,595951.24,12328.07
Cruz Dourado Central,MG,Minas Gerais,Sudeste,16957,2002.16,616008.51,36327.68
Vale Belo da Mata,RS,Rio Grande do Sul,Sul,88997,1453.69,1942884.04,21830.89
Boa Redonda do Campo,PR,Paraná,Sul,8908,1719.41,266478.04,29914.46
Santo Alegre do Oeste,BA,Bahia,Nordeste,5256,1278.88,105098.89,19995.98
Ribeirão Bonita do Cerrado,MG,Minas Gerais,Sudeste,36910,2164.3,1349317.1,36556.95
Nova Formosa das Palmeiras,MG,Minas Gerais,Sudeste,33469,1243.73,533851.53,15950.63
Novo Grande do Leste,GO,Goiás,Centro-Oeste,25222,1631.24,492494.66,19526.39
Palmeira Claro do Leste,MG,Minas Gerais,Sudeste,11397,2337.71,337371.42,29601.77
Campo Alegre do Leste,MT,Mato Grosso,Centro-Oeste,6706,1826.88,163457.62,24374.83
Jaboti das Flores,CE,Ceará,Nordeste,2729,639.75,29173.13,10690.04
Barra Aurora Central,RO,Rondônia,Norte,9696,963.81,169367.55,17467.78
Campo das Flores de Minas,PR,Paraná,Sul,7686,2505.7,305359.05,39729.25
Rio Redonda das Palmeiras,SP,São Paulo,Sudeste,76054,1422.95,1719025.67,22602.7
Lagoa Vitória do Leste,BA,Bahia,Nordeste,68330,1098.2,901201.32,13188.96
Monte Esperança Menor,BA,Bahia,Nordeste,35512,552.27,260314.41,7330.32
Boa dos Campos do Oeste,PR,Paraná,Sul,40657,2557.0,1265345.71,31122.46
Rio das Flores,PB,Paraíba,Nordeste,7673,832.17,121751.0,15867.46
Novo do Vale da Mata,SP,São Paulo,Sudeste,3121,2466.74,136457.19,43722.27
Rio Formosa do Campo,ES,Espírito Santo,Sudeste,55522,1129.78,1075130.88,19364.05
Coração Novo da Mata,CE,Ceará,Nordeste,142226,569.43,1418196.19,9971.43
Lagoa Branco da Mata,SP,São Paulo,Sudeste,144629,2160.23,5788732.23,40024.7
Vila Claro da Mata,BA,Bahia,Nordeste,35940,710.91,456216.39,12693.83
Santo Claro de Minas,PB,Paraíba,Nordeste,4137,779.89,54177.45,13095.83
Campo da Serra Menor,PI,Piauí,Nordeste,28377,892.15,314482.85,11082.31
Barra Real Central,RS,Rio Grande do Sul,Sul,10486,1665.33,308591.25,29428.88
Jaboti do Vale do Cerrado,PB,Paraíba,Nordeste,15818,636.66,179440.01,11344.04
Vale do Vale Menor,RS,Rio Grande do Sul,Sul,13947,2244.49,365616.09,26214.68
Vila Aurora Maior,CE,Ceará,Nordeste,27939,756.41,327417.11,11719.0
Coração Redonda Colonial,GO,Goiás,Centro-Oeste,4672,1023.59,82972.2,17759.46
Serra Bonita Maior,TO,Tocantins,Norte,68993,703.11,545391.83,7905.03
Bela Vitória do Cerrado,PR,Paraná,Sul,2043,2156.73,59843.62,29292.03
Palmeira dos Campos do Cerrado,GO,Goiás,Centro-Oeste,21652,1839.57,608735.25,28114.5
Alto das Flores do Cerrado,CE,Ceará,Nordeste,4018,1292.21,73605.22,18318.87
Coração do Norte Central,BA,Bahia,Nordeste,108548,992.49,2000667.36,18431.18
Vale Belo Central,RS,Rio Grande do Sul,Sul,10753,1536.37,289714.34,26942.65
Aracê Redonda do Cerrado,MG,Minas Gerais,Sudeste,18391,1931.89,602783.68,32776.01
Ipê Bonito do Oeste,ES,Espírito Santo,Sudeste,7644,1207.35,142981.8,18705.1
Coração Formosa Colonial,SP,São Paulo,Sudeste,47342,1602.97,1136780.06,24012.08
Santa Novo do Cerrado,PA,Pará,Norte,17091,945.08,305697.95,17886.49
Porto Dourado Maior,TO,Tocantins,Norte,8309,984.92,151625.86,18248.39
Rio Vista de Minas,TO,Tocantins,Norte,5190,670.6,57589.59,11096.26
Barra das Flores,RS,Rio Grande do Sul,Sul,42457,1617.83,1058142.66,24922.69
Nova Horizonte da Mata,SP,São Paulo,Sudeste,3767,1169.34,80730.31,21430.93
Ribeirão União do Oeste,RN,Rio Grande do Norte,Nordeste,5315,1261.92,122780.27,23100.71
Campo Vitória Paulista,BA,Bahia,Nordeste,57170,558.79,452463.11,7914.35
Coração das Flores,BA,Bahia,Nordeste,11812,675.45,146756.66,12424.37
Lagoa Alegre Menor,MG,Minas Gerais,Sudeste,398281,2450.53,17678866.73,44387.92
Ipê Alegre do Oeste,PA,Pará,Norte,61965,1295.12,1366438.11,22051.77
Aracê Branco Maior,MG,Minas Gerais,Sudeste,14299,1531.21,407988.7,28532.67
Santo Redonda Paulista,SP,São Paulo,Sudeste,8783,2373.06,303020.16,34500.76
Santa Horizonte do Oeste,SP,São Paulo,Sudeste,6107,2191.4,222650.29,36458.21
Novo Alegre do Campo,PE,Pernambuco,Nordeste,3431,587.35,23511.86,6852.77
Cachoeira Redonda,RS,Rio Grande do Sul,Sul,8952,1139.18,159640.02,17832.89
Cruz do Sul,BA,Bahia,Nordeste,4544,909.93,67438.36,14841.19
Coração Redonda do Oeste,AL,Alagoas,Nordeste,7786,1275.9,109873.27,14111.65
Pinheiro Vista Menor,SP,São Paulo,Sudeste,8626,1224.76,132100.54,15314.23
Nova Esperança do Cerrado,SP,São Paulo,Sudeste,16094,1792.62,537361.51,33388.93
Rio Bonita Paulista,GO,Goiás,Centro-Oeste,6999,1854.85,165886.14,23701.41
Aracê União Paulista,SC,Santa Catarina,Sul,13763,1829.99,447317.03,32501.42
Alto Real,MA,Maranhão,Nordeste,4731,1026.5,53390.35,11285.21
Ribeirão Branco Central,PI,Piauí,Nordeste,70728,745.29,612328.93,8657.52
Coração Formosa,AM,Amazonas,Norte,51883,1429.61,1254169.56,24173.03
Ipê das Flores do Cerrado,RJ,Rio de Janeiro,Sudeste,13938,2405.56,385640.7,27668.3
Barra Horizonte Menor,MS,Mato Grosso do Sul,Centro-Oeste,6303,1322.26,150355.18,23854.54
Campo Grande Paulista,SP,São Paulo,Sudeste,44724,2134.73,1378872.75,30830.71
Coração União Central,SC,Santa Catarina,Sul,17309,2515.99,815192.42,47096.45
Santo Novo das Palmeiras,MG,Minas Gerais,Sudeste,1238,2381.81,54209.81,43788.21
Alto União Colonial,MG,Minas Gerais,Sudeste,5167,1717.63,160702.59,31101.72
Boa do Vale das Palmeiras,BA,Bahia,Nordeste,22323,1214.48,447476.55,20045.54
Novo Aurora Paulista,BA,Bahia,Nordeste,50101,905.69,669986.52,13372.72
Cachoeira dos Campos do Campo,SP,São Paulo,Sudeste,2791,1503.22,59524.97,21327.47
Vila Esperança Paulista,AL,Alagoas,Nordeste,15219,920.82,247616.72,16270.24
Porto Grande Maior,AC,Acre,Norte,3590,686.28,31782.88,8853.17
Novo União Colonial,SC,Santa Catarina,Sul,5163,2421.37,189410.19,36686.07
Lagoa União,BA,Bahia,Nordeste,1115,793.07,9956.42,8929.52
Serra das Flores Paulista,MA,Maranhão,Nordeste,29872,734.11,371390.16,12432.72
Alto Real Maior,SC,Santa Catarina,Sul,6384,1274.83,95096.27,14896.03
São Belo do Leste,GO,Goiás,Centro-Oeste,1966,986.59,24075.33,12245.84
Vila Verde do Cerrado,RN,Rio Grande do Norte,Nordeste,56707,866.75,830611.14,14647.42
Vila do Sul Central,MG,Minas Gerais,Sudeste,9622,1846.8,337039.16,35027.97
Aracê da Serra Menor,SP,São Paulo,Sudeste,3818,1505.49,83921.95,21980.61
Rio Alegre Colonial,PB,Paraíba,Nordeste,5549,671.55,43913.24,7913.72
Ribeirão Feliz do Oeste,BA,Bahia,Nordeste,11022,820.57,116499.46,10569.72
Palmeira da Serra da Mata,PE,Pernambuco,Nordeste,3381,1316.82,77322.46,22869.7
Bela Grande das Palmeiras,PA,Pará,Norte,3766,579.54,24201.54,6426.33
Barra das Flores de Minas,MA,Maranhão,Nordeste,33281,1215.85,448306.21,13470.33
Cruz Esperança do Cerrado,BA,Bahia,Nordeste,4697,1235.16,83603.87,17799.42
Jaboti Real de Minas,RS,Rio Grande do Sul,Sul,20849,1279.52,311742.74,14952.41
Rio dos Campos,GO,Goiás,Centro-Oeste,3769,1707.55,102819.7,27280.37
Cruz Horizonte,PI,Piauí,Nordeste,8167,872.25,105378.84,12903.0
Porto Grande Paulista,BA,Bahia,Nordeste,35187,1103.0,624856.96,17758.18
Alto Bonita Paulista,SC,Santa Catarina,Sul,5248,1692.48,109431.53,20852.04
Vale Grande Colonial,MG,Minas Gerais,Sudeste,5844,1856.81,172220.45,29469.62
Novo Novo Maior,BA,Bahia,Nordeste,3856,1299.9,84687.21,21962.45
Jaboti da Serra Menor,PR,Paraná,Sul,64620,2188.1,1685126.75,26077.48
Santa Real Central,PR,Paraná,Sul,10472,1743.63,295969.6,28262.95
Santo Verde Maior,PR,Paraná,Sul,1002,1718.97,22333.76,22289.18
Aracê Redonda,MG,Minas Gerais,Sudeste,13886,1022.49,261284.04,18816.36
São Bonito do Campo,SP,São Paulo,Sudeste,7529,1997.2,170743.24,22678.08
Campo Bonito da Mata,RS,Rio Grande do Sul,Sul,2334,2460.5,96624.39,41398.62
Vila Horizonte do Cerrado,SC,Santa Catarina,Sul,40761,1497.41,1078115.98,26449.69
Vale Claro do Oeste,CE,Ceará,Nordeste,6469,697.99,73286.13,11328.82
Palmeira Novo do Cerrado,BA,Bahia,Nordeste,11335,999.14,183278.37,16169.24
Porto Aurora Colonial,MG,Minas Gerais,Sudeste,3563,1800.57,88641.79,24878.41
Ribeirão Grande do Campo,SC,Santa Catarina,Sul,2275,1863.76,63317.91,27832.05
Palmeira Azul de Minas,BA,Bahia,Nordeste,2493,1304.59,59449.39,23846.53
Cachoeira Novo Maior,MG,Minas Gerais,Sudeste,13451,1028.4,253159.62,18820.88
Palmeira das Flores das Palmeiras,MG,Minas Gerais,Sudeste,21332,1663.9,667359.08,31284.41
Rio do Norte de Minas,PA,Pará,Norte,38158,1313.71,918038.88,24058.88
Cachoeira dos Campos,MT,Mato Grosso,Centro-Oeste,22903,1913.39,668639.47,29194.41
Aracê Vitória do Leste,SP,São Paulo,Sudeste,2169,1983.39,77810.94,35874.11
Aracê Verde Central,SP,São Paulo,Sudeste,24142,1667.55,611468.72,25328.01
Nova Horizonte do Oeste,PB,Paraíba,Nordeste,14902,1084.21,175709.53,11791.0
Lagoa do Vale da Mata,SC,Santa Catarina,Sul,20891,2283.66,877826.3,42019.35
Jaboti dos Campos do Oeste,GO,Goiás,Centro-Oeste,19814,1320.41,306097.05,15448.52
Campo Esperança,PE,Pernambuco,Nordeste,11335,717.76,117167.77,10336.81
Lagoa Claro do Campo,SC,Santa Catarina,Sul,22870,1904.16,825176.88,36081.19
Cruz Vista do Oeste,SP,São Paulo,Sudeste,60648,2454.16,1811677.15,29872.0
Vale Bonita das Palmeiras,SP,São Paulo,Sudeste,3830,1694.19,108505.63,28330.45
Aracê das Flores do Leste,PR,Paraná,Sul,4046,1516.71,79062.5,19540.9
Coração Real Central,BA,Bahia,Nordeste,6025,1190.38,78472.6,13024.5
São Preto Central,MT,Mato Grosso,Centro-Oeste,16620,1935.92,420853.63,25322.12
Rio Formosa Colonial,MG,Minas Gerais,Sudeste,5604,1599.73,126543.2,22580.87
Coração Azul do Campo,SP,São Paulo,Sudeste,22813,1808.99,762054.73,33404.41
Nova Verde,SP,São Paulo,Sudeste,1149,1148.41,25140.7,21880.5
Ipê Bonito,PB,Paraíba,Nordeste,9316,1055.44,145185.3,15584.51
Porto das Flores das Palmeiras,MG,Minas Gerais,Sudeste,15616,1886.05,384405.1,24616.11
Barra Bonito,MS,Mato Grosso do Sul,Centro-Oeste,56630,1537.14,1340968.74,23679.48
Alto União do Leste,PE,Pernambuco,Nordeste,13917,740.21,119360.61,8576.6
Coração Vista Colonial,PE,Pernambuco,Nordeste,159037,625.06,1851564.25,11642.35
Ipê da Serra Central,MG,Minas Gerais,Sudeste,83920,1211.84,1776637.96,21170.61
Cachoeira Grande do Campo,MT,Mato Grosso,Centro-Oeste,34558,2135.32,1189352.1,34416.11
Ipê Belo do Campo,PB,Paraíba,Nordeste,16960,1263.01,296387.29,17475.67
Nova Azul Menor,PI,Piauí,Nordeste,14710,1222.6,273933.42,18622.26
Alto Dourado,PI,Piauí,Nordeste,101431,944.12,1523251.13,15017.61
Ribeirão Real de Minas,RS,Rio Grande do Sul,Sul,3538,1735.58,76631.37,21659.52
Palmeira Alegre Colonial,RS,Rio Grande do Sul,Sul,5683,1168.76,84420.47,14854.91
Ipê do Norte Maior,PA,Pará,Norte,17532,861.36,181410.49,10347.39
Boa Preto das Palmeiras,PI,Piauí,Nordeste,5751,1219.08,122952.95,21379.4
Cachoeira Bonita Paulista,MG,Minas Gerais,Sudeste,9673,1684.81,215576.61,22286.43
Santa Dourado Paulista,RS,Rio Grande do Sul,Sul,19568,2417.29,516437.13,26391.92
Aracê da Serra do Leste,MG,Minas Gerais,Sudeste,17145,1768.73,472045.9,27532.57
Barra da Serra Menor,RO,Rondônia,Norte,1427,865.61,21259.44,14898.0
Novo da Serra Paulista,PE,Pernambuco,Nordeste,6126,1278.33,89765.09,14653.13
Cruz Belo do Oeste,RJ,Rio de Janeiro,Sudeste,64085,2071.47,2085662.66,32545.25
Santo Bonita Menor,SC,Santa Catarina,Sul,4914,1777.6,94649.07,19261.11
Rio Formosa Menor,PE,Pernambuco,Nordeste,11923,701.57,113911.97,9553.97
Alto Horizonte de Minas,SP,São Paulo,Sudeste,83279,1657.22,1555858.05,18682.48
Vila União Maior,PI,Piauí,Nordeste,113928,954.99,1732839.24,15209.95
Cruz Redonda das Palmeiras,MT,Mato Grosso,Centro-Oeste,5500,1314.19,79990.41,14543.71
Rio Grande do Campo,SP,São Paulo,Sudeste,3751,1071.38,44721.48,11922.55
Jaboti Bonita do Oeste,PA,Pará,Norte,1689,746.93,15448.45,9146.51
Boa Novo do Leste,BA,Bahia,Nordeste,70429,931.39,953570.12,13539.45
Ribeirão Feliz Colonial,SC,Santa Catarina,Sul,6911,1093.3,86390.06,12500.37
Monte Grande do Oeste,MT,Mato Grosso,Centro-Oeste,5881,2123.49,193078.43,32830.88
Bela Bonita da Mata,MG,Minas Gerais,Sudeste,10047,2003.09,281517.49,28020.05
Pinheiro Horizonte do Leste,PR,Paraná,Sul,10706,2138.9,364558.26,34051.77
Serra Claro Colonial,SC,Santa Catarina,Sul,29815,1374.8,659601.44,22123.14
Aracê Preto do Oeste,PI,Piauí,Nordeste,28329,733.78,283892.66,10021.27
Pinheiro Formosa das Palmeiras,AL,Alagoas,Nordeste,26480,822.73,411700.38,15547.6
Pinheiro Claro das Palmeiras,MA,Maranhão,Nordeste,18253,698.14,157649.57,8636.91
Barra União Menor,PE,Pernambuco,Nordeste,2875,907.09,47637.58,16569.59
Vila do Norte de Minas,BA,Bahia,Nordeste,913,993.84,14264.03,15623.25
Pinheiro do Sul das Palmeiras,RN,Rio Grande do Norte,Nordeste,14340,1217.81,209982.48,14643.13
Bela Redonda Colonial,MG,Minas Gerais,Sudeste,120274,2113.34,4074652.9,33878.09
Porto do Norte Maior,SP,São Paulo,Sudeste,11182,1589.39,222736.4,19919.19
Santa Esperança,MG,Minas Gerais,Sudeste,2119,1853.53,58452.07,27584.74
Serra do Vale do Cerrado,BA,Bahia,Nordeste,22516,1315.13,482696.92,21437.95
Cachoeira Feliz,MG,Minas Gerais,Sudeste,2630,2214.91,66014.16,25100.44
Ribeirão dos Campos,PB,Paraíba,Nordeste,11347,644.84,103261.53,9100.34
Santa Esperança da Mata,MG,Minas Gerais,Sudeste,16577,1164.25,214403.77,12933.81
Coração Bonita,SE,Sergipe,Nordeste,9900,1239.27,184497.86,18636.15
Nova do Norte do Oeste,SE,Sergipe,Nordeste,39503,1163.05,542794.18,13740.58
Rio Horizonte Colonial,MG,Minas Gerais,Sudeste,2777,1882.77,86878.2,31284.91
Pinheiro do Norte Maior,AC,Acre,Norte,9765,1316.51,161801.23,16569.51
Barra Verde do Cerrado,AL,Alagoas,Nordeste,11504,642.51,96883.51,8421.72
Ribeirão Azul Central,MG,Minas Gerais,Sudeste,3783,1716.11,111130.13,29376.19
Vale Real do Campo,MG,Minas Gerais,Sudeste,3456,2108.88,89150.6,25795.89
Cachoeira Verde Central,GO,Goiás,Centro-Oeste,7607,1476.96,145519.97,19129.74
Santo Alegre Menor,BA,Bahia,Nordeste,1143,1172.36,20753.45,18157.0
Porto Branco de Minas,MT,Mato Grosso,Centro-Oeste,12251,1007.74,188013.68,15346.8
Coração Real de Minas,RS,Rio Grande do Sul,Sul,30912,1900.78,798363.0,25826.96
Boa Dourado,PR,Paraná,Sul,4778,1614.67,120435.73,25206.31
Lagoa Bonita,RJ,Rio de Janeiro,Sudeste,32860,2046.46,782490.53,23812.86
Porto do Vale do Campo,BA,Bahia,Nordeste,16323,586.88,179216.62,10979.39
Lagoa das Flores,RS,Rio Grande do Sul,Sul,3925,1853.72,104101.37,26522.64
Serra das Flores do Campo,RS,Rio Grande do Sul,Sul,6772,1644.86,183937.47,27161.47
Lagoa Bonita de Minas,PA,Pará,Norte,62611,1228.48,1163146.95,18577.36
Cruz Dourado,SP,São Paulo,Sudeste,2878,2219.01,106938.63,37157.27
Santo Verde do Campo,AL,Alagoas,Nordeste,10869,889.72,165305.12,15208.86
Campo Verde do Campo,SP,São Paulo,Sudeste,2489,2237.94,89096.19,35795.98
Cruz do Sul da Mata,MG,Minas Gerais,Sudeste,780,1504.95,15561.62,19950.79
Porto Verde Maior,AM,Amazonas,Norte,8548,1206.48,137856.14,16127.3
Porto Redonda Central,SE,Sergipe,Nordeste,64471,895.21,650404.22,10088.32
Vila Horizonte,SP,São Paulo,Sudeste,33204,2011.19,734276.23,22114.09
Nova Novo do Campo,SC,Santa Catarina,Sul,5043,1794.64,155346.06,30804.3
Bela Real,MG,Minas Gerais,Sudeste,36619,2153.26,1331002.97,36347.33
Alto Claro Menor,PR,Paraná,Sul,3529,1908.86,93748.97,26565.31
Aracê Claro do Campo,SC,Santa Catarina,Sul,6094,1825.85,163658.77,26855.72
Vale Branco das Palmeiras,PA,Pará,Norte,63105,1150.59,1333055.07,21124.4
São Redonda Central,PI,Piauí,Nordeste,3708,917.4,57134.7,15408.5
Cachoeira Dourado,PE,Pernambuco,Nordeste,32656,1266.99,752924.22,23056.23
Ribeirão Vitória do Oeste,SE,Sergipe,Nordeste,11883,1063.01,153933.24,12954.07
Ipê do Vale,GO,Goiás,Centro-Oeste,7503,1707.41,152716.65,20354.08
Ribeirão Redonda do Campo,SC,Santa Catarina,Sul,14879,1561.78,360798.06,24248.81
Lagoa Branco do Leste,MA,Maranhão,Nordeste,7243,1320.15,121371.41,16757.06
Novo Preto da Mata,MG,Minas Gerais,Sudeste,50867,1721.97,1319972.0,25949.48
Bela do Sul do Cerrado,MA,Maranhão,Nordeste,15032,571.63,142516.76,9480.89
Bela Branco,MG,Minas Gerais,Sudeste,91941,1625.93,2627034.49,28573.05
Ribeirão Redonda,MG,Minas Gerais,Sudeste,5365,1885.97,192280.29,35839.76
Alto das Flores,GO,Goiás,Centro-Oeste,5189,987.47,87748.21,16910.43
São Esperança da Mata,SP,São Paulo,Sudeste,68015,2055.64,1764423.03,25941.68
Palmeira das Flores,SP,São Paulo,Sudeste,11157,1957.6,399335.15,35792.34
Serra Belo da Mata,MG,Minas Gerais,Sudeste,8837,1052.08,172019.9,19465.87
Barra Vitória das Palmeiras,RO,Rondônia,Norte,13678,1107.0,245114.51,17920.35
Ribeirão Formosa de Minas,MA,Maranhão,Nordeste,17344,1266.82,276799.24,15959.37
Campo Alegre Maior,RN,Rio Grande do Norte,Nordeste,51406,1053.11,691363.72,13449.09
Nova Vitória de Minas,RO,Rondônia,Norte,17771,601.8,116104.73,6533.38
Ipê Esperança,GO,Goiás,Centro-Oeste,21375,1514.19,370803.72,17347.54
Ipê Aurora do Leste,MG,Minas Gerais,Sudeste,28411,1101.88,429272.91,15109.39
Novo Vitória Paulista,MG,Minas Gerais,Sudeste,6008,2007.19,198625.81,33060.22
Santo Bonito Paulista,PB,Paraíba,Nordeste,1056325,1114.53,13405192.36,12690.41
Jaboti Azul do Campo,SC,Santa Catarina,Sul,42600,1491.07,1168839.3,27437.54
Barra dos Campos Maior,MT,Mato Grosso,Centro-Oeste,875,1551.18,19391.54,22161.76
Jaboti Preto do Cerrado,MG,Minas Gerais,Sudeste,6440,1077.75,117525.52,18249.3
Aracê Vista do Campo,CE,Ceará,Nordeste,14404,704.57,151752.43,10535.44
Cachoeira do Sul Menor,RS,Rio Grande do Sul,Sul,6754,2534.2,214164.99,31709.36
Palmeira da Serra de Minas,SP,São Paulo,Sudeste,8487,1740.93,208044.69,24513.34
Bela Redonda do Cerrado,PB,Paraíba,Nordeste,9201,674.61,90245.07,9808.18
Porto Bonita,MA,Maranhão,Nordeste,12237,1249.84,249682.25,20403.88
Santa Alegre das Palmeiras,GO,Goiás,Centro-Oeste,18480,1775.47,432453.61,23401.17
Santa Alegre Menor,PR,Paraná,Sul,1153,1695.4,30011.79,26029.31
Serra Vista Menor,ES,Espírito Santo,Sudeste,780,1847.11,16223.87,20799.83
Coração Formosa do Cerrado,CE,Ceará,Nordeste,4054,733.98,46736.34,11528.45
Palmeira Feliz do Leste,PR,Paraná,Sul,6642,2100.26,186697.31,28108.6
Porto Real Menor,PR,Paraná,Sul,74800,2090.22,2844454.6,38027.47
Santo da Serra Maior,GO,Goiás,Centro-Oeste,6423,1269.49,109695.09,17078.48
Nova Vista Paulista,PI,Piauí,Nordeste,8629,911.47,113145.33,13112.22
São Grande Paulista,PI,Piauí,Nordeste,22707,737.69,272348.52,11994.03
Aracê Alegre da Mata,SP,São Paulo,Sudeste,4293,1991.45,132640.39,30896.9
Porto do Sul do Oeste,MG,Minas Gerais,Sudeste,27114,1658.26,745038.57,27478.0
Pinheiro Vitória do Leste,RN,Rio Grande do Norte,Nordeste,9518,1218.38,143884.38,15117.08
Cruz União Maior,PE,Pernambuco,Nordeste,12755,828.86,194735.66,15267.4
Alto Azul,AM,Amazonas,Norte,35131,1034.38,486743.93,13855.11
Vila do Sul,AL,Alagoas,Nordeste,92676,666.18,1151376.13,12423.67
Lagoa das Flores das Palmeiras,MG,Minas Gerais,Sudeste,13744,1075.88,191376.61,13924.38
São Esperança,CE,Ceará,Nordeste,33755,959.11,485990.12,14397.57
Aracê Redonda Paulista,MG,Minas Gerais,Sudeste,2479,2419.19,105925.03,42728.94
Vila do Norte da Mata,SC,Santa Catarina,Sul,7920,2270.95,334864.83,42280.91
Serra Formosa da Mata,MG,Minas Gerais,Sudeste,3434,1879.47,112917.7,32882.27
Pinheiro Feliz,SP,São Paulo,Sudeste,11703,1745.64,259319.43,22158.37
Lagoa Vista das Palmeiras,GO,Goiás,Centro-Oeste,41523,1392.35,642166.75,15465.33
Monte Aurora de Minas,MG,Minas Gerais,Sudeste,11381,2017.82,270456.56,23763.87
Cruz Grande Paulista,SC,Santa Catarina,Sul,17367,2435.33,713671.96,41093.57
Serra do Sul Menor,GO,Goiás,Centro-Oeste,16077,1925.27,339351.46,21107.88
Novo Horizonte da Mata,GO,Goiás,Centro-Oeste,3884,1612.68,113303.21,29171.78
Nova Azul Central,PB,Paraíba,Nordeste,20121,908.61,283757.87,14102.57
Vila do Sul Menor,MS,Mato Grosso do Sul,Centro-Oeste,19783,2185.41,468629.16,23688.48
Porto Feliz Menor,RS,Rio Grande do Sul,Sul,36604,1947.66,1104385.06,30171.16
Novo Belo Maior,MG,Minas Gerais,Sudeste,23334,1142.64,499132.46,21390.78
Coração Esperança das Palmeiras,RS,Rio Grande do Sul,Sul,5819,2316.96,202930.98,34873.86
Ipê Grande da Mata,PB,Paraíba,Nordeste,120750,955.71,2195723.17,18184.04
Novo Feliz da Mata,MT,Mato Grosso,Centro-Oeste,22334,1082.44,368696.72,16508.32
Ribeirão Claro,RS,Rio Grande do Sul,Sul,3750,1048.23,63336.67,16889.78
Cachoeira Grande Paulista,SP,São Paulo,Sudeste,67580,1732.12,2185633.85,32341.43
Alto das Flores do Leste,MG,Minas Gerais,Sudeste,7569,1625.74,210249.47,27777.71
Cachoeira Aurora Maior,CE,Ceará,Nordeste,2334,623.68,24347.23,10431.55
Ribeirão Redonda Maior,PA,Pará,Norte,25850,1086.19,304993.12,11798.57
Porto do Norte da Mata,AC,Acre,Norte,1910,653.88,13533.52,7085.61
Novo União do Oeste,MT,Mato Grosso,Centro-Oeste,7407,2059.55,242768.25,32775.52
Santo Alegre Colonial,GO,Goiás,Centro-Oeste,14382,2302.52,543014.55,37756.54
Vale União,BA,Bahia,Nordeste,8898,809.16,106134.12,11927.86
Rio Verde do Campo,RS,Rio Grande do Sul,Sul,68398,1518.06,1412641.84,20653.26
Vale Aurora Paulista,SP,São Paulo,Sudeste,23796,1743.12,662639.5,27846.68
Jaboti Grande Paulista,SP,São Paulo,Sudeste,40587,1622.4,819678.39,20195.59
Cachoeira Alegre do Leste,AL,Alagoas,Nordeste,23876,610.75,241538.24,10116.36
Cachoeira União Colonial,SP,São Paulo,Sudeste,20735,1426.98,560583.77,27035.63
Boa Belo Maior,MG,Minas Gerais,Sudeste,24764,1200.11,416135.7,16804.06
Serra Vitória do Leste,MG,Minas Gerais,Sudeste,8278,1791.88,282409.96,34115.72
Nova Alegre do Cerrado,PB,Paraíba,Nordeste,92193,598.94,955851.65,10367.94
Pinheiro Feliz do Campo,SC,Santa Catarina,Sul,50121,1958.02,1085599.09,21659.57
Lagoa Aurora Central,SP,São Paulo,Sudeste,6324,1661.4,152666.35,24140.79
Serra Claro do Oeste,SP,São Paulo,Sudeste,5397,2036.08,153950.47,28525.19
Jaboti Dourado Colonial,PR,Paraná,Sul,13441,2292.08,471172.65,35054.88
Jaboti Verde das Palmeiras,SE,Sergipe,Nordeste,2661,1083.98,41281.46,15513.51
Serra Verde Menor,PI,Piauí,Nordeste,7968,1270.8,185460.9,23275.72
Santa Real Colonial,RJ,Rio de Janeiro,Sudeste,17261,1182.62,295189.39,17101.52
Palmeira da Serra Maior,RN,Rio Grande do Norte,Nordeste,5649,551.71,57348.73,10152.01
Ipê do Norte Paulista,SC,Santa Catarina,Sul,9173,1867.92,262097.41,28572.7
Vale Preto do Leste,RN,Rio Grande do Norte,Nordeste,13273,1210.07,269101.69,20274.37
Vale Verde Maior,SP,São Paulo,Sudeste,5399,1351.55,115756.85,21440.42
Alto Dourado da Mata,SP,São Paulo,Sudeste,1370,1840.79,35189.78,25685.97
Vale Vista do Leste,PI,Piauí,Nordeste,4160,604.18,29091.15,6993.06
Campo Claro de Minas,MS,Mato Grosso do Sul,Centro-Oeste,1704,2231.65,57500.82,33744.61
Serra Real de Minas,MG,Minas Gerais,Sudeste,5151,1649.78,139597.82,27101.11
Cruz do Norte do Oeste,RJ,Rio de Janeiro,Sudeste,18002,1513.24,482835.16,26821.2
Alto da Serra Central,MA,Maranhão,Nordeste,17852,1011.48,245474.92,13750.56
Cachoeira da Serra Maior,RS,Rio Grande do Sul,Sul,31364,2135.58,961770.89,30664.8
Rio Aurora do Leste,PR,Paraná,Sul,34924,1714.04,783120.36,22423.56
Pinheiro do Vale,AL,Alagoas,Nordeste,8011,1288.53,137219.02,17128.83
Alto Redonda,BA,Bahia,Nordeste,2230,1012.49,37741.54,16924.46
São Verde do Campo,BA,Bahia,Nordeste,10352,654.75,111144.54,10736.53
Porto Grande,SP,São Paulo,Sudeste,42536,2336.35,1285607.53,30223.99
Bela Aurora do Leste,MG,Minas Gerais,Sudeste,15507,1454.37,263800.12,17011.68
Boa Novo,SP,São Paulo,Sudeste,1744,2384.92,73251.57,42002.05
Cruz Bonito do Leste,SP,São Paulo,Sudeste,4494,1715.72,136418.13,30355.61
Novo Novo do Leste,SC,Santa Catarina,Sul,21328,1570.28,489238.28,22938.78
São Feliz de Minas,RJ,Rio de Janeiro,Sudeste,17434,1760.74,512753.31,29411.11
Monte do Vale do Oeste,MT,Mato Grosso,Centro-Oeste,14290,1835.76,314617.16,22016.6
Alto Branco,BA,Bahia,Nordeste,8253,1154.43,127965.9,15505.38
Coração Horizonte,TO,Tocantins,Norte,5334,732.89,46034.93,8630.47
Campo Feliz do Cerrado,BA,Bahia,Nordeste,289252,1258.68,6519642.7,22539.66
Barra Esperança Paulista,SP,São Paulo,Sudeste,780,2010.13,26275.74,33686.85
Vila dos Campos do Leste,PR,Paraná,Sul,22778,2499.94,683227.47,29995.06
Serra Azul,BA,Bahia,Nordeste,62651,751.84,577493.01,9217.62
Cruz das Flores Paulista,MT,Mato Grosso,Centro-Oeste,49174,1376.99,947490.7,19268.12
Vila Grande da Mata,PR,Paraná,Sul,32101,1901.67,1095608.52,34130.04
Cruz Real Paulista,SC,Santa Catarina,Sul,5936,1338.01,113306.37,19088.0
Bela Alegre Central,MS,Mato Grosso do Sul,Centro-Oeste,3165,1508.61,64529.58,20388.49
Alto da Serra das Palmeiras,RS,Rio Grande do Sul,Sul,17959,1571.46,518203.39,28854.8
Bela das Flores do Cerrado,MG,Minas Gerais,Sudeste,46364,2228.15,1605534.33,34628.9
Jaboti Azul Colonial,BA,Bahia,Nordeste,117155,758.84,1008307.48,8606.61
Vale Novo,MG,Minas Gerais,Sudeste,18241,1741.51,482431.1,26447.62
Serra Branco das Palmeiras,BA,Bahia,Nordeste,1342,558.15,12925.2,9631.3
Novo Claro do Leste,TO,Tocantins,Norte,14799,1292.07,270719.74,18293.11
Serra Grande do Cerrado,SC,Santa Catarina,Sul,4549,2460.13,154493.45,33962.07
Campo Aurora,CE,Ceará,Nordeste,40493,589.76,314798.68,7774.15
Barra Novo do Campo,BA,Bahia,Nordeste,31267,603.72,247014.32,7900.16
Alto Claro do Oeste,PR,Paraná,Sul,6348,2397.82,235668.72,37124.88
Ribeirão do Vale das Palmeiras,RS,Rio Grande do Sul,Sul,6713,2181.47,249262.59,37131.33
Ipê Alegre,PR,Paraná,Sul,91480,1105.46,1685151.98,18420.99
Palmeira Branco do Oeste,MG,Minas Gerais,Sudeste,17802,1279.26,380616.26,21380.53
São Dourado Maior,MG,Minas Gerais,Sudeste,17588,1533.73,473283.31,26909.44
Vale Vitória Colonial,GO,Goiás,Centro-Oeste,5813,1812.07,182948.63,31472.33
Jaboti União da Mata,PA,Pará,Norte,3281,1252.07,54747.4,16686.19
Boa Vitória Maior,MG,Minas Gerais,Sudeste,2945,2380.06,134404.06,45638.05
Alto Preto Central,MG,Minas Gerais,Sudeste,17559,1207.54,317901.74,18104.77
Lagoa Redonda,AL,Alagoas,Nordeste,20547,1211.82,298010.63,14503.85
Vila da Serra do Leste,MG,Minas Gerais,Sudeste,11719,2189.18,325172.87,27747.49
Aracê Dourado do Campo,ES,Espírito Santo,Sudeste,1078,1383.51,28608.7,26538.68
Cachoeira Bonita do Leste,SP,São Paulo,Sudeste,3593,1730.53,67715.3,18846.45
Campo Formosa Maior,PR,Paraná,Sul,17916,1822.93,444975.55,24836.77
Cruz do Sul Colonial,PB,Paraíba,Nordeste,3598,721.55,34617.63,9621.35
Monte Aurora Central,MG,Minas Gerais,Sudeste,1695,1381.59,27060.62,15964.97
Aracê Horizonte da Mata,MG,Minas Gerais,Sudeste,23047,1721.24,561946.43,24382.63
Porto da Serra Maior,MT,Mato Grosso,Centro-Oeste,35581,1370.43,817268.41,22969.24
Alto Preto das Palmeiras,MG,Minas Gerais,Sudeste,23348,1579.09,587410.27,25158.91
Santa Verde de Minas,BA,Bahia,Nordeste,5425,1083.65,101800.27,18765.03
Boa União da Mata,MA,Maranhão,Nordeste,3665,814.07,36216.08,9881.6
São Alegre do Cerrado,MG,Minas Gerais,Sudeste,10806,1763.47,338521.06,31327.14
Vila Alegre Menor,MG,Minas Gerais,Sudeste,46334,1719.47,1053431.9,22735.61
São das Flores do Cerrado,BA,Bahia,Nordeste,11584,620.3,132777.71,11462.16
Ipê Grande,GO,Goiás,Centro-Oeste,21813,1658.05,558329.32,25596.17
Bela dos Campos da Mata,TO,Tocantins,Norte,4475,596.65,42575.53,9514.08
Alto Dourado de Minas,RO,Rondônia,Norte,32022,924.83,551715.37,17229.26
Rio Aurora Central,MG,Minas Gerais,Sudeste,18211,1739.74,443928.83,24376.96
Ipê Feliz do Campo,BA,Bahia,Nordeste,79951,864.0,947570.86,11851.9
Palmeira Verde,SP,São Paulo,Sudeste,13484,1352.74,224313.6,16635.54
Nova Feliz do Cerrado,BA,Bahia,Nordeste,12400,1221.78,185160.31,14932.28
Boa Bonita,PI,Piauí,Nordeste,1230,985.55,18102.84,14717.76
Cachoeira Alegre Central,SP,São Paulo,Sudeste,32946,1309.63,536742.97,16291.6
Cachoeira dos Campos do Oeste,RJ,Rio de Janeiro,Sudeste,7943,1299.53,140446.18,17681.76
Barra Bonita do Campo,SC,Santa Catarina,Sul,5854,2067.94,217974.67,37235.17
Santo Vitória,AM,Amazonas,Norte,17747,1275.92,359164.45,20238.04
Rio Formosa,SP,São Paulo,Sudeste,8675,1508.35,193572.18,22313.8
Rio Belo das Palmeiras,ES,Espírito Santo,Sudeste,5435,1178.17,70574.42,12985.17
Boa Bonito das Palmeiras,PR,Paraná,Sul,7534,2064.66,290932.75,38615.97
Palmeira Aurora de Minas,RS,Rio Grande do Sul,Sul,14924,1669.65,367973.95,24656.52
Rio Claro,SC,Santa Catarina,Sul,4435,1143.62,96170.24,21684.38
Boa do Sul,CE,Ceará,Nordeste,3591,998.95,58985.79,16426.01
Boa Azul Maior,PR,Paraná,Sul,4451,1272.37,94177.34,21158.69
Vale Bonita do Cerrado,ES,Espírito Santo,Sudeste,22607,2416.09,654493.14,28950.91
Porto Formosa,PI,Piauí,Nordeste,13973,1075.97,259509.22,18572.19
Vila Claro do Campo,PR,Paraná,Sul,3125,1625.21,85140.41,27244.93
Pinheiro Azul da Mata,PA,Pará,Norte,18024,890.29,268804.93,14913.72
Palmeira Dourado Menor,RS,Rio Grande do Sul,Sul,18096,2206.7,479419.12,26493.1
Cachoeira Bonito do Cerrado,PR,Paraná,Sul,3375,2455.92,147357.66,43661.53
Pinheiro Claro,GO,Goiás,Centro-Oeste,67595,1667.81,1962248.33,29029.49
Boa do Vale,SP,São Paulo,Sudeste,9343,1802.81,321080.87,34365.93
Rio Horizonte do Leste,PI,Piauí,Nordeste,4023,1060.96,55350.3,13758.46
Barra das Flores do Leste,CE,Ceará,Nordeste,10633,957.96,160064.27,15053.54
Vila Branco do Cerrado,MA,Maranhão,Nordeste,13628,906.4,184981.78,13573.66
Barra Alegre de Minas,TO,Tocantins,Norte,36530,1142.11,627895.85,17188.5
Novo Alegre do Oeste,RS,Rio Grande do Sul,Sul,2556,2334.23,67773.7,26515.53
Porto Belo do Leste,PI,Piauí,Nordeste,4104,1127.43,65773.3,16026.63
Palmeira Novo,SP,São Paulo,Sudeste,17236,1009.78,245573.82,14247.73
Barra Azul de Minas,MG,Minas Gerais,Sudeste,2945,2143.26,109898.83,37317.09
Boa Vitória,PA,Pará,Norte,14761,1002.78,169636.12,11492.18
Monte Horizonte Maior,SE,Sergipe,Nordeste,2024,968.39,23718.96,11718.85
Jaboti Esperança,PI,Piauí,Nordeste,8666,1293.39,201648.66,23268.94
Cruz Redonda,SP,São Paulo,Sudeste,60713,1649.14,1919612.62,31617.82
Pinheiro Branco de Minas,MG,Minas Gerais,Sudeste,8669,2259.14,353773.06,40808.98
Bela Preto do Oeste,BA,Bahia,Nordeste,2021,557.95,17769.88,8792.62
Ribeirão Real do Campo,ES,Espírito Santo,Sudeste,2292,2471.69,75162.33,32793.34
Vale Preto Central,SC,Santa Catarina,Sul,4667,1043.63,65683.42,14074.01
Ribeirão Preto Colonial,MG,Minas Gerais,Sudeste,3320,1253.24,71240.51,21457.98
Lagoa Claro Maior,PR,Paraná,Sul,14772,1237.97,284746.59,19276.1
Serra Alegre das Palmeiras,ES,Espírito Santo,Sudeste,11560,1864.04,340858.73,29486.05
Ribeirão das Flores de Minas,SP,São Paulo,Sudeste,48147,2053.28,1100911.47,22865.63
Bela do Vale,SP,São Paulo,Sudeste,25498,1364.58,615624.04,24144.01
Novo dos Campos Maior,SP,São Paulo,Sudeste,6899,1088.94,89520.21,12975.82
Rio Bonito,RS,Rio Grande do Sul,Sul,4443,2538.34,166485.95,37471.52
Boa Horizonte Menor,MS,Mato Grosso do Sul,Centro-Oeste,79628,2003.96,2185536.95,27446.84
Pinheiro Redonda Maior,PR,Paraná,Sul,9325,1697.74,207126.22,22211.93
Aracê Feliz Maior,RS,Rio Grande do Sul,Sul,89984,2312.92,2831116.38,31462.44
Novo Bonito do Cerrado,SP,São Paulo,Sudeste,8278,2251.99,206726.75,24973.03
Pinheiro Horizonte Colonial,TO,Tocantins,Norte,83637,1427.91,2222304.2,26570.83
Monte Redonda Colonial,CE,Ceará,Nordeste,34576,1018.79,613350.69,17739.2
Alto Horizonte Maior,RS,Rio Grande do Sul,Sul,25628,1553.93,497217.19,19401.33
Ipê Azul Central,MG,Minas Gerais,Sudeste,1312,2133.93,38127.5,29060.59
Cruz do Norte do Cerrado,BA,Bahia,Nordeste,16272,780.8,186850.33,11482.94
Cachoeira Horizonte,PE,Pernambuco,Nordeste,5546,810.53,80605.38,14533.97
Santa Verde do Leste,MG,Minas Gerais,Sudeste,3430,2262.34,122272.77,35648.04
Santa dos Campos,PA,Pará,Norte,6550,621.1,77926.05,11897.11
Aracê Esperança Central,MA,Maranhão,Nordeste,8907,546.63,81622.29,9163.84
Barra Novo Paulista,PI,Piauí,Nordeste,6046,778.78,66807.44,11049.86
Bela do Vale do Campo,PB,Paraíba,Nordeste,6943,919.91,105914.55,15254.87
Monte Dourado das Palmeiras,PR,Paraná,Sul,9418,1201.89,185365.93,19682.09
Bela Horizonte,MA,Maranhão,Nordeste,4109,828.08,47380.04,11530.8
Vale Belo Maior,SP,São Paulo,Sudeste,2656,1230.67,43598.12,16414.95
Cruz Branco do Cerrado,AL,Alagoas,Nordeste,6361,723.68,67157.29,10557.66
Nova das Flores Menor,PI,Piauí,Nordeste,18147,606.08,124899.28,6882.64
Monte dos Campos da Mata,MG,Minas Gerais,Sudeste,11274,1670.52,238465.51,21151.81
Ipê Dourado do Campo,PI,Piauí,Nordeste,6247,1138.41,105483.46,16885.46
Ribeirão das Flores do Cerrado,PI,Piauí,Nordeste,11701,534.42,96690.82,8263.47
Vale Esperança da Mata,PI,Piauí,Nordeste,408124,762.51,5631888.2,13799.45
Coração Horizonte do Cerrado,PA,Pará,Norte,24279,641.27,255957.98,10542.36
Alto Dourado Central,PA,Pará,Norte,6107,694.13,53961.92,8836.08
Vila Alegre,RS,Rio Grande do Sul,Sul,8800,1301.87,179626.82,20412.14
Ipê Dourado,PB,Paraíba,Nordeste,2753,775.53,25754.21,9354.96
Monte Branco,MG,Minas Gerais,Sudeste,9540,2067.42,339012.64,35535.92
Novo dos Campos de Minas,RS,Rio Grande do Sul,Sul,17298,1281.32,382079.13,22088.05
Monte Novo Central,PE,Pernambuco,Nordeste,3946,1160.68,61501.97,15585.9
Vale Novo do Cerrado,PR,Paraná,Sul,4291,2394.63,119728.3,27902.19
Jaboti Alegre do Cerrado,ES,Espírito Santo,Sudeste,32676,2230.63,1256312.64,38447.57
Jaboti Feliz do Campo,GO,Goiás,Centro-Oeste,2266,1682.72,62470.43,27568.59
Aracê União das Palmeiras,MG,Minas Gerais,Sudeste,32688,2253.83,931125.94,28485.25
Nova Bonito das Palmeiras,MA,Maranhão,Nordeste,32327,978.77,509010.82,15745.69
Aracê do Norte do Oeste,PA,Pará,Norte,21052,881.8,349941.87,16622.74
Serra do Vale Menor,MT,Mato Grosso,Centro-Oeste,21160,999.95,308962.02,14601.23
Boa Alegre da Mata,AC,Acre,Norte,9728,830.35,115063.98,11828.12
Barra dos Campos,TO,Tocantins,Norte,48439,1407.0,1235381.41,25503.86
Pinheiro do Vale do Leste,RS,Rio Grande do Sul,Sul,20621,1107.38,314067.63,15230.48
Ipê do Sul da Mata,BA,Bahia,Nordeste,5337,1105.85,110684.19,20739.03
Alto Claro das Palmeiras,RS,Rio Grande do Sul,Sul,7451,1891.62,264662.66,35520.42
Aracê Claro Paulista,PB,Paraíba,Nordeste,35645,643.47,391188.42,10974.57
Vila Vista do Campo,MT,Mato Grosso,Centro-Oeste,11763,2161.97,480190.46,40822.11
Lagoa Alegre das Palmeiras,SC,Santa Catarina,Sul,16462,2509.22,608197.56,36945.54
Porto das Flores Maior,MG,Minas Gerais,Sudeste,18821,1215.09,271585.52,14429.92
Nova Belo Colonial,MG,Minas Gerais,Sudeste,6916,1295.52,128004.43,18508.45
Cachoeira da Serra do Cerrado,MG,Minas Gerais,Sudeste,53263,1809.29,1564985.41,29382.22
Pinheiro Formosa do Oeste,SC,Santa Catarina,Sul,44466,2487.42,1719338.36,38666.36
Ipê do Sul Maior,RS,Rio Grande do Sul,Sul,3067,2082.76,122617.83,39979.73
Campo do Vale,BA,Bahia,Nordeste,2411,700.19,27017.38,11205.88
Rio do Norte,RS,Rio Grande do Sul,Sul,20102,2012.77,544546.7,27089.18
Vila Belo das Palmeiras,SC,Santa Catarina,Sul,9727,2062.92,267710.11,27522.37
Palmeira do Vale do Cerrado,TO,Tocantins,Norte,4830,787.16,66670.05,13803.32
Santa Bonito de Minas,MG,Minas Gerais,Sudeste,65567,1398.35,1723720.35,26289.45
Bela União do Oeste,BA,Bahia,Nordeste,18844,934.28,216289.31,11477.89
Ipê Redonda do Leste,MG,Minas Gerais,Sudeste,71552,1611.98,1273448.07,17797.52
São Redonda de Minas,PR,Paraná,Sul,1609,1174.37,27206.33,16908.84
Santo Claro,CE,Ceará,Nordeste,6117,873.89,60174.99,9837.34
Pinheiro Vista das Palmeiras,MA,Maranhão,Nordeste,32451,657.23,262457.3,8087.8
Ipê Branco do Cerrado,MT,Mato Grosso,Centro-Oeste,1065,2149.26,28468.94,26731.4
Vale Aurora de Minas,RS,Rio Grande do Sul,Sul,26441,1885.94,894993.92,33848.72
Vale Alegre das Palmeiras,RS,Rio Grande do Sul,Sul,242001,1730.82,7200464.61,29753.86
Nova do Vale de Minas,MG,Minas Gerais,Sudeste,2363,1424.68,47659.57,20169.09
Santo Alegre do Cerrado,MA,Maranhão,Nordeste,7681,574.52,70962.07,9238.65
Bela Vitória da Mata,BA,Bahia,Nordeste,13071,1096.52,229835.95,17583.65
Aracê Dourado do Cerrado,PE,Pernambuco,Nordeste,6838,1050.42,78908.49,11539.7
Pinheiro Belo do Cerrado,RS,Rio Grande do Sul,Sul,13270,2540.87,451541.05,34027.21
Coração das Flores do Campo,MG,Minas Gerais,Sudeste,46035,2442.12,1353011.35,29390.93
Pinheiro Formosa da Mata,RS,Rio Grande do Sul,Sul,19213,1833.55,646944.54,33672.23
Alto Novo,PB,Paraíba,Nordeste,34000,798.11,501410.06,14747.35
Vale Verde de Minas,SP,São Paulo,Sudeste,2254,1401.99,36854.05,16350.51
Cruz da Serra do Campo,SC,Santa Catarina,Sul,1018,1229.65,13572.74,13332.75
Aracê Verde do Cerrado,RS,Rio Grande do Sul,Sul,30274,2310.52,1058606.74,34967.52
São Azul do Campo,RS,Rio Grande do Sul,Sul,6471,2155.97,185549.94,28674.08
Coração Bonito do Oeste,GO,Goiás,Centro-Oeste,6034,943.56,93929.34,15566.68
Jaboti Horizonte do Cerrado,GO,Goiás,Centro-Oeste,30280,1176.11,528850.34,17465.33
Novo Esperança Maior,RN,Rio Grande do Norte,Nordeste,46347,1264.21,958711.29,20685.51
Ipê União do Leste,SP,São Paulo,Sudeste,17436,1047.18,321509.26,18439.39
Vila Esperança do Campo,MG,Minas Gerais,Sudeste,6944,1752.74,191496.77,27577.3
Cachoeira Novo da Mata,SP,São Paulo,Sudeste,67470,1115.97,1087990.03,16125.54
Vale Grande do Leste,CE,Ceará,Nordeste,59012,1099.84,1025003.32,17369.4
Coração do Norte Colonial,MA,Maranhão,Nordeste,789,795.59,10159.93,12876.97
Santa Vista de Minas,MG,Minas Gerais,Sudeste,16055,1661.72,309481.42,19276.33
Porto Feliz do Leste,TO,Tocantins,Norte,3709,1316.08,61454.91,16569.13
Coração Esperança Paulista,PA,Pará,Norte,68131,1107.07,1149253.28,16868.29
Nova do Norte do Campo,SP,São Paulo,Sudeste,14267,1536.13,398664.34,27943.11
Cachoeira Aurora Central,MG,Minas Gerais,Sudeste,62881,1817.3,1235576.0,19649.43
Palmeira Claro Paulista,PI,Piauí,Nordeste,9423,1152.02,201871.33,21423.25
Ribeirão Real,RS,Rio Grande do Sul,Sul,11434,1870.91,258970.72,22649.18
Ipê Redonda,PB,Paraíba,Nordeste,17400,974.66,319973.18,18389.26
Barra Formosa das Palmeiras,RO,Rondônia,Norte,16094,1039.4,267440.9,16617.43
Pinheiro Vitória Colonial,MG,Minas Gerais,Sudeste,15864,1620.87,384825.03,24257.76
Santo Esperança do Cerrado,RS,Rio Grande do Sul,Sul,9832,2208.87,327787.15,33338.81
Boa dos Campos Maior,MT,Mato Grosso,Centro-Oeste,7692,2101.5,279268.5,36306.36
Cachoeira Claro Central,MG,Minas Gerais,Sudeste,42044,2239.32,1504649.75,35787.5
Campo Real da Mata,RS,Rio Grande do Sul,Sul,5863,1904.28,182070.1,31054.08
Pinheiro Azul de Minas,MG,Minas Gerais,Sudeste,12899,1411.72,256610.38,19893.82
São Vista,AM,Amazonas,Norte,23945,1261.8,496575.6,20738.17
Ribeirão União das Palmeiras,MA,Maranhão,Nordeste,46180,1250.17,708747.67,15347.5
Alto da Serra Menor,PR,Paraná,Sul,35805,2333.68,1590281.28,44415.06
Nova Vitória do Cerrado,BA,Bahia,Nordeste,1913,860.05,20246.64,10583.71
Palmeira do Sul de Minas,MG,Minas Gerais,Sudeste,15711,1303.36,228031.58,14514.14
Santo do Norte do Cerrado,TO,Tocantins,Norte,780,1286.77,11974.5,15351.92
Jaboti Vitória Paulista,GO,Goiás,Centro-Oeste,6613,1464.18,179478.99,27140.33
Campo Horizonte do Cerrado,MG,Minas Gerais,Sudeste,52156,2343.87,1492190.64,28610.14
Santo Vista,RN,Rio Grande do Norte,Nordeste,12831,750.68,129194.69,10068.95
Alto Feliz de Minas,PR,Paraná,Sul,4591,1184.29,78856.71,17176.37
Cruz Novo,PR,Paraná,Sul,9501,2547.31,375616.59,39534.43
Palmeira do Sul Colonial,MG,Minas Gerais,Sudeste,2893,1298.16,44130.4,15254.2
Campo Real Maior,RS,Rio Grande do Sul,Sul,2521,1504.34,51585.2,20462.2
Palmeira Claro,RS,Rio Grande do Sul,Sul,25283,1564.48,518626.35,20512.85
Jaboti Bonita Colonial,BA,Bahia,Nordeste,125058,1221.57,2825951.93,22597.13
Santo Belo,PE,Pernambuco,Nordeste,24081,1232.88,332620.71,13812.58
Jaboti Grande de Minas,PE,Pernambuco,Nordeste,6844,807.11,94951.66,13873.71
Nova Real Central,BA,Bahia,Nordeste,83935,1204.98,1120858.79,13353.89
Alto Vista da Mata,MT,Mato Grosso,Centro-Oeste,12242,1503.31,235316.71,19222.08
Ribeirão Vitória Central,PE,Pernambuco,Nordeste,20351,660.11,173063.52,8503.93
Coração Esperança do Oeste,PA,Pará,Norte,2382,1190.99,38777.04,16279.19
São Vitória,RS,Rio Grande do Sul,Sul,7201,1892.89,194584.01,27021.8
Lagoa Real Paulista,PB,Paraíba,Nordeste,1996,868.69,31583.32,15823.31
Lagoa Novo das Palmeiras,PR,Paraná,Sul,83968,1186.62,1121649.55,13358.06
Bela Vista do Cerrado,BA,Bahia,Nordeste,27033,1134.71,559576.83,20699.77
Campo Aurora do Campo,PA,Pará,Norte,41503,941.48,563300.13,13572.52
Pinheiro do Vale das Palmeiras,MG,Minas Gerais,Sudeste,21625,1354.06,532121.25,24606.76
Pinheiro Aurora das Palmeiras,SP,São Paulo,Sudeste,125060,1699.37,3101471.44,24799.87
Barra do Sul do Oeste,PE,Pernambuco,Nordeste,11093,1073.31,149499.7,13476.94
Monte Formosa do Cerrado,MG,Minas Gerais,Sudeste,6584,1741.86,146123.63,22193.75
Porto Horizonte do Campo,SC,Santa Catarina,Sul,1636,1344.02,27730.54,16950.21
Coração Vista Menor,RS,Rio Grande do Sul,Sul,15915,2260.01,420901.78,26446.86
Monte União da Mata,RS,Rio Grande do Sul,Sul,21737,1476.42,513611.27,23628.43
Nova Formosa do Leste,BA,Bahia,Nordeste,76311,1102.87,1190629.23,15602.33
Jaboti União de Minas,BA,Bahia,Nordeste,17620,945.48,297608.84,16890.4
São da Serra,MG,Minas Gerais,Sudeste,13489,2213.48,514292.38,38126.8
Porto Real da Mata,CE,Ceará,Nordeste,5881,1103.36,79646.47,13543.01
Novo Real do Oeste,PR,Paraná,Sul,5566,1757.59,177267.06,31848.2
Aracê Formosa Paulista,SC,Santa Catarina,Sul,20488,1172.73,368291.61,17975.97
Porto Belo das Palmeiras,MG,Minas Gerais,Sudeste,10872,2339.46,315077.73,28980.66
São Feliz do Campo,RS,Rio Grande do Sul,Sul,2133,1759.27,60717.66,28465.85
Porto União da Mata,MG,Minas Gerais,Sudeste,10696,2210.49,448491.59,41930.78
Porto do Sul Colonial,MT,Mato Grosso,Centro-Oeste,3059,2208.44,113089.9,36969.57
Aracê União Maior,MT,Mato Grosso,Centro-Oeste,59426,1252.03,1097057.23,18460.9
São União das Palmeiras,SP,São Paulo,Sudeste,37737,1759.09,1253988.34,33229.68
Ribeirão Novo de Minas,PR,Paraná,Sul,43335,1226.54,987307.65,22783.15
Cruz Formosa Colonial,BA,Bahia,Nordeste,16116,919.69,253723.31,15743.57
Nova Grande Paulista,BA,Bahia,Nordeste,7634,1051.02,144542.58,18934.06
Vale Preto do Cerrado,SC,Santa Catarina,Sul,4864,1788.62,99557.7,20468.28
Nova Dourado Maior,RS,Rio Grande do Sul,Sul,52640,2157.56,2019239.65,38359.42
Campo Bonito do Cerrado,RS,Rio Grande do Sul,Sul,10510,1122.15,222640.27,21183.66
Bela do Norte do Oeste,RJ,Rio de Janeiro,Sudeste,19922,2380.36,670535.82,33658.06
Palmeira Real Colonial,MS,Mato Grosso do Sul,Centro-Oeste,23840,2182.51,931123.07,39057.18
Cruz Bonita Colonial,RR,Roraima,Norte,1793,776.16,23971.5,13369.49
Porto Feliz Central,TO,Tocantins,Norte,12541,1064.63,180119.91,14362.48
Serra Feliz do Leste,CE,Ceará,Nordeste,4062,1114.52,65972.75,16241.45
Serra Azul do Leste,MG,Minas Gerais,Sudeste,12802,1286.18,201651.77,15751.58
Coração Claro das Palmeiras,MS,Mato Grosso do Sul,Centro-Oeste,68065,1850.83,2242671.45,32948.97
Palmeira do Norte Menor,PE,Pernambuco,Nordeste,16571,1291.59,345522.77,20851.05
Pinheiro Bonito Central,PB,Paraíba,Nordeste,17992,899.31,195243.65,10851.69
São Novo Colonial,RS,Rio Grande do Sul,Sul,9733,2117.75,296860.38,30500.4
Pinheiro Claro do Oeste,AL,Alagoas,Nordeste,780,1262.75,12221.79,15668.96
Porto das Flores do Leste,PB,Paraíba,Nordeste,44465,1266.02,1048468.51,23579.64
Cruz Azul da Mata,GO,Goiás,Centro-Oeste,3367,1894.15,104150.36,30932.69
Monte Feliz Menor,MG,Minas Gerais,Sudeste,4934,2129.02,134633.33,27286.85
Santo dos Campos do Leste,PR,Paraná,Sul,83846,2356.95,2638237.11,31465.27
Santo Formosa,AC,Acre,Norte,91617,910.34,1041668.66,11369.82
São Claro,RN,Rio Grande do Norte,Nordeste,18469,1235.96,424332.99,22975.42
Porto Grande das Palmeiras,PI,Piauí,Nordeste,26995,1233.01,442451.01,16390.11
Monte União,MG,Minas Gerais,Sudeste,13455,1437.48,273550.64,20330.78
Santa Formosa das Palmeiras,SP,São Paulo,Sudeste,8330,2097.64,330379.15,39661.36
São Esperança Colonial,CE,Ceará,Nordeste,44701,1205.97,831657.46,18604.9
Nova Bonita do Oeste,PB,Paraíba,Nordeste,5295,645.8,63201.24,11936.02
Campo do Sul do Cerrado,SC,Santa Catarina,Sul,36340,1842.78,762912.35,20993.74
Ribeirão Claro de Minas,AL,Alagoas,Nordeste,177836,613.09,1382752.21,7775.43
Cruz Alegre Central,GO,Goiás,Centro-Oeste,19259,1905.21,469064.68,24355.61
Pinheiro das Flores da Mata,SP,São Paulo,Sudeste,14540,1664.98,274302.09,18865.34
Vila da Serra,MA,Maranhão,Nordeste,2268,1131.52,29216.38,12882.0
Cruz Aurora da Mata,PI,Piauí,Nordeste,3650,927.25,50742.09,13901.94
Aracê Claro,SC,Santa Catarina,Sul,23056,2547.84,747529.38,32422.34
Rio União Menor,ES,Espírito Santo,Sudeste,21543,1972.7,675635.44,31362.18
Ipê Horizonte de Minas,PB,Paraíba,Nordeste,3209,660.75,25088.93,7818.3
Cruz Claro das Palmeiras,GO,Goiás,Centro-Oeste,6318,1065.48,126769.46,20064.81
Lagoa do Norte Maior,MG,Minas Gerais,Sudeste,11721,2071.76,340452.74,29046.39
Campo Esperança Paulista,MG,Minas Gerais,Sudeste,9099,1745.97,292606.97,32158.15
Jaboti Claro do Oeste,SP,São Paulo,Sudeste,8211,2236.08,345662.24,42097.46
Santa Redonda,AM,Amazonas,Norte,11924,986.68,133445.69,11191.35
Ribeirão Feliz Paulista,GO,Goiás,Centro-Oeste,6618,930.81,117451.99,17747.35
Ipê do Sul de Minas,SP,São Paulo,Sudeste,5841,1604.06,135152.41,23138.57
Cruz Preto Central,RS,Rio Grande do Sul,Sul,6947,1925.48,238001.25,34259.57
Jaboti Redonda de Minas,SE,Sergipe,Nordeste,1479,957.96,22153.74,14978.86
Vila Real do Cerrado,RJ,Rio de Janeiro,Sudeste,28447,1661.67,743436.11,26134.08
Rio Vista do Oeste,PE,Pernambuco,Nordeste,5095,1142.16,81559.41,16007.74
Monte Esperança do Cerrado,TO,Tocantins,Norte,22342,1406.81,382240.45,17108.6
Vale dos Campos do Leste,PR,Paraná,Sul,26178,1805.85,874899.01,33421.16
Porto Novo do Cerrado,MS,Mato Grosso do Sul,Centro-Oeste,893,2299.61,28876.19,32336.16
Vale das Flores,GO,Goiás,Centro-Oeste,4011,1663.37,103230.25,25736.79
Vale Formosa da Mata,RN,Rio Grande do Norte,Nordeste,8167,1308.53,176802.59,21648.41
Palmeira Belo do Leste,SP,São Paulo,Sudeste,17474,1705.77,340923.3,19510.32
São Branco do Cerrado,PB,Paraíba,Nordeste,56082,880.41,807195.26,14393.13
Vale Grande da Mata,TO,Tocantins,Norte,31570,1257.83,680134.09,21543.68
Novo Belo Paulista,RO,Rondônia,Norte,21617,780.62,232080.17,10736.0
Alto Bonito do Leste,SP,São Paulo,Sudeste,9256,1415.49,186542.15,20153.65
Cruz do Vale Menor,PR,Paraná,Sul,3486,1048.39,53371.82,15310.33
Coração Alegre Central,SP,São Paulo,Sudeste,19778,2377.22,709116.32,35853.79
Jaboti da Serra,RS,Rio Grande do Sul,Sul,3711,1539.01,103826.71,27978.09
Nova Claro das Palmeiras,BA,Bahia,Nordeste,42443,1189.24,819416.7,19306.29
Cachoeira Bonito Colonial,BA,Bahia,Nordeste,4253,731.5,53070.24,12478.31
Rio Vista do Campo,AC,Acre,Norte,13934,1426.3,340278.99,24420.77
Lagoa Vista do Campo,PR,Paraná,Sul,1480,1788.14,37242.42,25163.8
Cachoeira Bonito do Campo,SP,São Paulo,Sudeste,58427,1138.43,720817.75,12337.07
Serra Horizonte do Campo,MG,Minas Gerais,Sudeste,10944,1059.99,163424.91,14932.83
Ipê União,RN,Rio Grande do Norte,Nordeste,25742,762.77,367194.41,14264.41
Nova Real do Campo,RN,Rio Grande do Norte,Nordeste,7712,1146.64,167397.17,21706.06
Lagoa dos Campos,PI,Piauí,Nordeste,19251,880.64,316326.49,16431.69
Nova Azul do Cerrado,PR,Paraná,Sul,3764,2508.24,114912.07,30529.24
Cruz Esperança Maior,RS,Rio Grande do Sul,Sul,8147,2521.82,372992.55,45782.81
Aracê Horizonte Menor,GO,Goiás,Centro-Oeste,14874,1769.04,334776.89,22507.52
Novo União das Palmeiras,SP,São Paulo,Sudeste,7368,2117.26,180330.72,24474.85
Barra Formosa,SP,São Paulo,Sudeste,15635,2132.12,471791.43,30175.34
Coração Bonita das Palmeiras,RN,Rio Grande do Norte,Nordeste,2009,572.28,16025.66,7976.93
Lagoa do Vale Colonial,SP,São Paulo,Sudeste,11775,2081.65,432131.8,36699.09
Pinheiro Belo Paulista,PR,Paraná,Sul,50610,1282.64,1130612.05,22339.7
Porto Vista do Cerrado,MG,Minas Gerais,Sudeste,3021,1448.75,61949.5,20506.29
Monte Grande do Cerrado,MG,Minas Gerais,Sudeste,31652,1857.9,656692.86,20747.28
Alto União Maior,AL,Alagoas,Nordeste,6345,753.61,64585.17,10178.91
Ipê da Serra do Campo,RS,Rio Grande do Sul,Sul,8858,2033.09,296989.16,33527.79
Santa Formosa Menor,RN,Rio Grande do Norte,Nordeste,16262,722.64,199631.06,12275.92
Rio Esperança,AL,Alagoas,Nordeste,18063,1268.33,307067.28,16999.79
Vale Bonito de Minas,TO,Tocantins,Norte,16577,715.31,227431.96,13719.73
Pinheiro União das Palmeiras,MT,Mato Grosso,Centro-Oeste,8155,1402.52,216115.85,26501.02
Nova do Sul do Campo,PR,Paraná,Sul,37872,2199.73,1508563.04,39833.2
Vila Claro do Cerrado,PB,Paraíba,Nordeste,6785,1133.22,109861.12,16191.76
Monte Horizonte da Mata,MA,Maranhão,Nordeste,120965,700.9,1136204.28,9392.83
Cruz Alegre do Leste,SP,São Paulo,Sudeste,5492,1590.44,136205.52,24800.71
Lagoa do Sul do Oeste,PB,Paraíba,Nordeste,30551,583.78,253037.56,8282.46
Boa Belo do Cerrado,BA,Bahia,Nordeste,6254,887.94,103598.04,16565.08
Rio Horizonte do Cerrado,MG,Minas Gerais,Sudeste,1578,1554.63,35782.46,22675.83
Santa Preto das Palmeiras,SP,São Paulo,Sudeste,11409,1731.96,306830.44,26893.72
Boa União das Palmeiras,TO,Tocantins,Norte,22638,1297.54,531308.17,23469.75
Boa Bonito Central,MA,Maranhão,Nordeste,11906,1180.93,164226.43,13793.59
Pinheiro dos Campos,PR,Paraná,Sul,3108,2158.32,103791.54,33394.96
Nova Aurora do Cerrado,MA,Maranhão,Nordeste,23919,1008.85,457757.93,19137.84
Monte Dourado Maior,BA,Bahia,Nordeste,17918,1099.86,365238.23,20383.87
Vila do Vale Central,CE,Ceará,Nordeste,3601,768.38,30244.07,8398.8
Palmeira Horizonte Colonial,BA,Bahia,Nordeste,2175,1296.15,38664.33,17776.7
Vale União das Palmeiras,RS,Rio Grande do Sul,Sul,10116,2157.21,404995.85,40035.18
Santa Belo das Palmeiras,SP,São Paulo,Sudeste,3116,2179.17,89437.94,28702.8
Novo Belo do Campo,RJ,Rio de Janeiro,Sudeste,132523,1550.58,3803161.19,28698.12
Novo Novo da Mata,PA,Pará,Norte,9228,1155.58,153576.86,16642.49
Porto Esperança do Oeste,MG,Minas Gerais,Sudeste,5336,1933.86,167174.49,31329.55
Barra Bonito das Palmeiras,RS,Rio Grande do Sul,Sul,12227,1485.02,306503.2,25067.74
Rio Feliz,MG,Minas Gerais,Sudeste,5005,2341.54,177463.96,35457.33
Vale Bonito,RS,Rio Grande do Sul,Sul,1371,1716.56,33091.04,24136.43
Santa do Sul do Campo,SP,São Paulo,Sudeste,20050,1546.22,488637.07,24370.93
Rio da Serra Paulista,RS,Rio Grande do Sul,Sul,6475,2100.44,162494.43,25095.66
Campo Claro Central,GO,Goiás,Centro-Oeste,25947,2288.41,924809.39,35642.25
Lagoa Grande,SC,Santa Catarina,Sul,72730,1594.09,1850951.7,25449.63
Ipê Dourado Paulista,SP,São Paulo,Sudeste,37176,1525.38,867990.15,23348.13
Santo Redonda,MG,Minas Gerais,Sudeste,27052,1676.25,801225.56,29617.98
Vila Feliz,PB,Paraíba,Nordeste,3132,797.97,32299.2,10312.64
Campo Horizonte Maior,AM,Amazonas,Norte,22332,1152.96,425758.31,19064.94
Novo Claro Menor,MG,Minas Gerais,Sudeste,46798,1767.06,1349942.02,28846.15
São Belo da Mata,PB,Paraíba,Nordeste,14191,927.55,202215.26,14249.54
Boa Real Menor,MA,Maranhão,Nordeste,51641,604.38,580812.24,11247.11
Pinheiro Bonita da Mata,BA,Bahia,Nordeste,18114,549.66,183242.88,10116.09
Bela da Serra da Mata,MG,Minas Gerais,Sudeste,45939,1050.96,669494.72,14573.56
Aracê Aurora do Cerrado,AL,Alagoas,Nordeste,7239,919.49,113884.77,15732.11
Porto Vista do Leste,SE,Sergipe,Nordeste,5923,1104.79,93516.76,15788.75
Alto dos Campos do Campo,RS,Rio Grande do Sul,Sul,5475,1246.83,98695.21,18026.52
Alto Grande Central,PR,Paraná,Sul,17947,1777.16,412490.44,22983.81
Santo Verde do Cerrado,RS,Rio Grande do Sul,Sul,39402,1512.86,901884.04,22889.3
Novo Bonito de Minas,PB,Paraíba,Nordeste,34956,796.93,498838.77,14270.48
Aracê dos Campos Colonial,GO,Goiás,Centro-Oeste,1041,1198.61,22235.48,21359.73
Monte Bonita das Palmeiras,RN,Rio Grande do Norte,Nordeste,42537,872.06,487243.11,11454.57
Aracê Azul do Oeste,MA,Maranhão,Nordeste,11100,1087.79,163843.47,14760.67
Novo Feliz Maior,MG,Minas Gerais,Sudeste,14920,2260.43,394036.56,26409.96
Santa da Serra das Palmeiras,RJ,Rio de Janeiro,Sudeste,3764,1093.24,77162.2,20500.05
Nova Bonita,MG,Minas Gerais,Sudeste,9192,2231.81,304803.87,33159.69
Porto da Serra do Cerrado,SP,São Paulo,Sudeste,9218,2365.31,312887.38,33943.09
Coração Alegre Paulista,GO,Goiás,Centro-Oeste,108868,2289.65,3896629.15,35792.24
Ribeirão Claro do Cerrado,SP,São Paulo,Sudeste,6728,1898.15,189335.05,28141.36
Cachoeira Branco do Campo,MG,Minas Gerais,Sudeste,32208,1095.59,414350.81,12864.84
Palmeira Novo Colonial,AM,Amazonas,Norte,5530,582.8,36443.67,6590.18
Coração Esperança Central,MA,Maranhão,Nordeste,5661,1092.27,67959.36,12004.83
Novo do Vale do Oeste,RN,Rio Grande do Norte,Nordeste,780,783.87,9876.15,12661.73
Santa do Vale das Palmeiras,MT,Mato Grosso,Centro-Oeste,2118,1194.34,32142.56,15175.9
Ipê Novo Menor,SE,Sergipe,Nordeste,6495,1164.17,86903.72,13380.1
Barra Verde das Palmeiras,MS,Mato Grosso do Sul,Centro-Oeste,12474,1705.03,386554.16,30988.79
Pinheiro Redonda Menor,GO,Goiás,Centro-Oeste,44023,1226.67,644969.71,14650.74
Monte do Sul das Palmeiras,SC,Santa Catarina,Sul,10640,2354.48,425568.23,39997.01
São Branco,MG,Minas Gerais,Sudeste,16920,1540.0,448008.81,26478.06
Barra Feliz Colonial,BA,Bahia,Nordeste,4273,946.73,69610.7,16290.83
Rio Redonda de Minas,AM,Amazonas,Norte,4886,694.48,53458.42,10941.14
Aracê Verde Colonial,CE,Ceará,Nordeste,3263,936.24,51822.66,15881.91
Novo Alegre Colonial,MA,Maranhão,Nordeste,6039,778.95,51626.65,8548.87
Monte Formosa Central,RS,Rio Grande do Sul,Sul,9127,2547.79,286689.06,31411.09
Santa Azul das Palmeiras,AL,Alagoas,Nordeste,9917,645.36,93031.25,9380.99
Cruz Alegre do Cerrado,AL,Alagoas,Nordeste,9928,758.14,122232.91,12311.94
Rio Novo Colonial,SP,São Paulo,Sudeste,4903,2375.28,178801.87,36467.85
Santo Bonita de Minas,MG,Minas Gerais,Sudeste,4206,2402.91,131201.45,31193.88
Porto União,RJ,Rio de Janeiro,Sudeste,11498,2075.3,445385.67,38735.93
Campo das Flores do Oeste,PA,Pará,Norte,19902,1046.17,262528.03,13191.04
Santa Aurora do Oeste,RN,Rio Grande do Norte,Nordeste,267427,1187.03,3815046.31,14265.75
Barra Vitória do Campo,PB,Paraíba,Nordeste,2198,563.95,16997.96,7733.38
Ribeirão Bonita Maior,MG,Minas Gerais,Sudeste,2389,1809.34,65293.32,27330.82
Pinheiro Branco Central,GO,Goiás,Centro-Oeste,10450,1669.31,326214.83,31216.73
Nova Bonito,MS,Mato Grosso do Sul,Centro-Oeste,32572,993.04,458680.43,14082.05
Santo das Flores de Minas,PE,Pernambuco,Nordeste,2053,760.98,21351.17,10399.99
Alto do Sul do Campo,RN,Rio Grande do Norte,Nordeste,26524,788.42,234042.85,8823.81
Novo da Serra do Campo,MG,Minas Gerais,Sudeste,1559,2096.26,50374.61,32312.13
Bela do Sul Menor,MG,Minas Gerais,Sudeste,9391,1496.16,195446.42,20812.1
Monte do Vale Maior,GO,Goiás,Centro-Oeste,10468,1332.85,242310.94,23147.78
Campo União de Minas,MG,Minas Gerais,Sudeste,4261,1411.81,84825.89,19907.51
Ribeirão Redonda Central,MG,Minas Gerais,Sudeste,2447,2138.44,67357.21,27526.44
Novo Aurora do Cerrado,MT,Mato Grosso,Centro-Oeste,20092,2135.68,613726.66,30545.82
Boa Bonita da Mata,PI,Piauí,Nordeste,9017,734.47,86065.63,9544.82
Rio da Serra do Leste,TO,Tocantins,Norte,111465,1347.9,2469857.01,22158.14
Alto Alegre Menor,BA,Bahia,Nordeste,13713,1151.71,223926.19,16329.48
Aracê Bonito Menor,SP,São Paulo,Sudeste,19672,1372.35,343899.95,17481.7
Cachoeira Aurora do Cerrado,PR,Paraná,Sul,93343,1994.37,3181622.89,34085.29
Vale Horizonte Paulista,PR,Paraná,Sul,9395,2047.11,361246.02,38450.88
Cachoeira União,MG,Minas Gerais,Sudeste,5232,1045.12,101096.94,19322.81
Nova Alegre da Mata,PE,Pernambuco,Nordeste,20780,1286.93,346785.11,16688.41
Vila Vitória,RS,Rio Grande do Sul,Sul,22104,1047.22,300587.49,13598.78
Palmeira Vista Paulista,RN,Rio Grande do Norte,Nordeste,7990,1207.11,105260.22,13173.99
Campo Claro,CE,Ceará,Nordeste,20096,757.7,233194.69,11604.04
Vale Claro da Mata,MG,Minas Gerais,Sudeste,8847,1737.06,204888.06,23159.04
Novo Real,RS,Rio Grande do Sul,Sul,2425,1471.66,66575.71,27453.9
Pinheiro Preto do Oeste,MG,Minas Gerais,Sudeste,54846,2125.49,1326882.88,24192.88
Monte União Central,RS,Rio Grande do Sul,Sul,28333,1063.05,500850.69,17677.29
Porto do Vale Menor,CE,Ceará,Nordeste,91214,597.01,1025647.63,11244.41
São Aurora Paulista,MG,Minas Gerais,Sudeste,3189,1683.58,59517.73,18663.45
Barra Belo do Cerrado,SP,São Paulo,Sudeste,26424,1851.24,605756.35,22924.48
Nova Preto de Minas,SC,Santa Catarina,Sul,11009,1411.81,203093.54,18447.96
Monte Belo Colonial,CE,Ceará,Nordeste,48101,786.05,625934.62,13012.92
Monte Grande do Leste,MG,Minas Gerais,Sudeste,3274,1383.37,56763.73,17337.73
Ribeirão da Serra das Palmeiras,BA,Bahia,Nordeste,24294,774.42,320705.06,13201.0
São Redonda Menor,TO,Tocantins,Norte,14057,819.52,136047.16,9678.25
Serra do Sul de Minas,SP,São Paulo,Sudeste,7052,1389.19,121722.16,17260.66
Palmeira Redonda Menor,AL,Alagoas,Nordeste,3514,798.11,50885.64,14480.83
Pinheiro Alegre Central,BA,Bahia,Nordeste,11505,922.87,200836.2,17456.43
Barra Redonda,RN,Rio Grande do Norte,Nordeste,33048,897.31,442347.62,13385.0
Serra Alegre da Mata,MG,Minas Gerais,Sudeste,4501,1922.34,149349.67,33181.44
Boa Aurora da Mata,RN,Rio Grande do Norte,Nordeste,9143,1292.21,157148.35,17187.83
Vale Real de Minas,MS,Mato Grosso do Sul,Centro-Oeste,10541,993.64,174224.34,16528.26
Serra Alegre Colonial,MG,Minas Gerais,Sudeste,6885,2453.27,292769.61,42522.82
Cruz Preto Paulista,SC,Santa Catarina,Sul,81103,2159.35,2805417.56,34590.8
Porto Branco,RJ,Rio de Janeiro,Sudeste,12104,1122.27,159837.24,13205.32
Serra Belo,MG,Minas Gerais,Sudeste,97240,1435.84,2388251.54,24560.38
Boa Branco Paulista,PR,Paraná,Sul,2721,1110.76,43348.78,15931.19
Palmeira Azul do Leste,SP,São Paulo,Sudeste,29726,1151.42,553621.02,18624.13
Barra Vitória Menor,PB,Paraíba,Nordeste,3686,1231.8,58938.15,15989.73
Monte Belo do Campo,MG,Minas Gerais,Sudeste,4317,2238.45,165327.27,38296.8
Aracê do Vale Paulista,MT,Mato Grosso,Centro-Oeste,35059,1164.83,507730.29,14482.17
Jaboti Preto Central,RS,Rio Grande do Sul,Sul,90698,1685.91,2490695.78,27461.42
Lagoa Alegre de Minas,MS,Mato Grosso do Sul,Centro-Oeste,31637,2086.56,1075549.98,33996.59
Nova Redonda do Leste,RS,Rio Grande do Sul,Sul,7943,2211.63,255089.77,32115.04
Alto Esperança,TO,Tocantins,Norte,10952,1112.76,204382.05,18661.62
Alto do Vale,AM,Amazonas,Norte,57555,910.45,865438.29,15036.72
Nova Dourado,RJ,Rio de Janeiro,Sudeste,4640,1607.73,100199.59,21594.74
Aracê dos Campos,ES,Espírito Santo,Sudeste,11458,1551.47,284867.72,24861.91
Vila Novo das Palmeiras,SP,São Paulo,Sudeste,3165,1887.37,66911.49,21141.07
Serra Verde Paulista,AL,Alagoas,Nordeste,15116,1225.5,272377.29,18019.14
Monte dos Campos do Leste,SC,Santa Catarina,Sul,3992,1144.62,86080.26,21563.19
Novo Bonito,SP,São Paulo,Sudeste,23163,1983.18,557663.52,24075.62
Monte Verde do Leste,MG,Minas Gerais,Sudeste,12131,2118.36,420095.19,34629.89
Nova Esperança do Oeste,GO,Goiás,Centro-Oeste,2810,2320.3,78030.52,27768.87
Cachoeira Bonita da Mata,PB,Paraíba,Nordeste,16676,979.16,218981.6,13131.54
Alto Feliz Maior,PR,Paraná,Sul,4408,1860.57,100706.37,22846.27
Cachoeira Alegre da Mata,MG,Minas Gerais,Sudeste,71193,1161.83,1389435.15,19516.46
São Vitória do Cerrado,MG,Minas Gerais,Sudeste,5006,1961.61,153955.3,30754.16
Santo Alegre das Palmeiras,MG,Minas Gerais,Sudeste,32327,1664.27,710496.59,21978.43
Campo União do Campo,SP,São Paulo,Sudeste,3243,1697.32,89882.23,27715.77
Novo Novo,PE,Pernambuco,Nordeste,22450,723.67,297150.13,13236.09
Bela Novo das Palmeiras,CE,Ceará,Nordeste,7371,963.18,127755.37,17332.16
Alto do Norte da Mata,RS,Rio Grande do Sul,Sul,2645,1221.0,60422.35,22843.99
Porto Vitória do Oeste,PA,Pará,Norte,27051,1306.06,429331.94,15871.2
Jaboti do Norte da Mata,RJ,Rio de Janeiro,Sudeste,9019,1293.4,137188.63,15211.07
Barra Bonito do Oeste,RS,Rio Grande do Sul,Sul,780,2304.68,22225.27,28493.94
Vila das Flores da Mata,BA,Bahia,Nordeste,6863,1236.94,160603.93,23401.42
Santa Claro,PB,Paraíba,Nordeste,37163,1115.78,712492.08,19172.08
Ribeirão Dourado de Minas,TO,Tocantins,Norte,6248,686.77,71009.21,11365.11
Lagoa Branco de Minas,PR,Paraná,Sul,17072,1982.54,398504.05,23342.55
Porto Redonda Paulista,PI,Piauí,Nordeste,58048,682.39,617022.97,10629.53
Novo Bonita Paulista,PE,Pernambuco,Nordeste,3471,595.91,30265.53,8719.54
Serra Horizonte do Oeste,RS,Rio Grande do Sul,Sul,24755,1862.01,758320.05,30633.01
Serra Belo Menor,SP,São Paulo,Sudeste,4384,2381.92,147989.45,33756.72
Nova Dourado Paulista,CE,Ceará,Nordeste,11166,962.77,127998.98,11463.28
Santo Redonda do Cerrado,TO,Tocantins,Norte,3758,860.33,55681.31,14816.74
Santa da Serra,TO,Tocantins,Norte,30363,1335.94,501214.97,16507.43
Novo Branco,SP,São Paulo,Sudeste,38762,1819.2,896501.05,23128.35
Ipê do Norte,PR,Paraná,Sul,2773,2092.1,110708.55,39923.75
Nova Preto do Cerrado,BA,Bahia,Nordeste,23753,1268.57,554851.1,23359.2
Bela dos Campos de Minas,ES,Espírito Santo,Sudeste,17394,1326.78,375385.81,21581.34
Lagoa Azul do Oeste,RN,Rio Grande do Norte,Nordeste,13419,896.69,171779.14,12801.19
Cachoeira Belo do Oeste,SP,São Paulo,Sudeste,42705,1129.7,737182.9,17262.22
Serra Novo da Mata,GO,Goiás,Centro-Oeste,4401,2027.17,124159.59,28211.68
Aracê Alegre,RS,Rio Grande do Sul,Sul,1538,1913.87,47416.25,30829.81
Coração Novo Maior,MA,Maranhão,Nordeste,1126,1253.99,25781.78,22896.79
Cachoeira Preto Colonial,PA,Pará,Norte,1665,1039.18,30236.44,18160.02
Vila dos Campos das Palmeiras,MG,Minas Gerais,Sudeste,4921,1984.94,114663.53,23300.86
Santa Vitória da Mata,RJ,Rio de Janeiro,Sudeste,21156,2406.24,614124.18,29028.37
Santo Belo de Minas,AL,Alagoas,Nordeste,12601,906.27,186028.25,14762.98
Novo Feliz do Oeste,SP,São Paulo,Sudeste,5380,990.74,66729.43,12403.24
Novo do Vale do Campo,PE,Pernambuco,Nordeste,20349,904.74,312534.45,15358.71
Coração Vitória Menor,MG,Minas Gerais,Sudeste,10104,1208.42,153094.52,15151.87
Bela Grande Paulista,MG,Minas Gerais,Sudeste,29572,2270.58,1010953.32,34186.17
Jaboti Bonita do Leste,MA,Maranhão,Nordeste,5998,1172.15,98161.87,16365.77
Novo do Sul do Leste,RS,Rio Grande do Sul,Sul,9175,1977.32,248464.41,27080.59
Campo Real Menor,SC,Santa Catarina,Sul,9844,1652.23,245800.69,24969.59
Santo da Serra,SC,Santa Catarina,Sul,26781,1643.4,803858.15,30015.99
Rio Redonda Menor,PB,Paraíba,Nordeste,7169,1305.31,142656.9,19899.14
Novo Alegre,MT,Mato Grosso,Centro-Oeste,10487,2081.52,393989.09,37569.28
Vale Aurora,SP,São Paulo,Sudeste,9351,2077.65,223808.46,23934.17
Nova Grande Colonial,AL,Alagoas,Nordeste,77130,596.04,642148.89,8325.54
Novo dos Campos,PR,Paraná,Sul,7081,1079.75,111670.57,15770.45
Barra Branco Menor,RN,Rio Grande do Norte,Nordeste,10101,596.37,66727.77,6606.06
Boa Dourado das Palmeiras,MG,Minas Gerais,Sudeste,20169,1259.91,448511.77,22237.68
Monte União das Palmeiras,SP,São Paulo,Sudeste,5085,2330.78,139469.79,27427.69
Nova do Sul do Oeste,PE,Pernambuco,Nordeste,11552,1298.16,187433.35,16225.19
Rio Bonito do Oeste,MA,Maranhão,Nordeste,8279,570.12,69476.4,8391.88
Novo Bonito do Leste,ES,Espírito Santo,Sudeste,12315,1473.7,294596.56,23921.77
Porto Vista das Palmeiras,GO,Goiás,Centro-Oeste,19090,1064.0,385886.13,20214.05
Coração Azul de Minas,MT,Mato Grosso,Centro-Oeste,69602,1247.43,1528295.25,21957.63
Aracê Branco,RJ,Rio de Janeiro,Sudeste,2018,1757.93,44816.28,22208.27
Bela Grande de Minas,PR,Paraná,Sul,9192,1735.98,252125.92,27428.84
Serra Feliz,PA,Pará,Norte,10885,1313.02,263860.99,24240.79
Jaboti Azul,BA,Bahia,Nordeste,3196,1210.54,66933.71,20942.96
Porto Esperança Menor,MA,Maranhão,Nordeste,21700,1189.17,354725.13,16346.78
Vale Claro Colonial,MG,Minas Gerais,Sudeste,8519,1299.81,131185.69,15399.19
Palmeira Bonito das Palmeiras,GO,Goiás,Centro-Oeste,37583,2037.75,1039680.83,27663.59
Porto Alegre Maior,MA,Maranhão,Nordeste,2474,800.95,25931.78,10481.72
Palmeira Bonita Central,GO,Goiás,Centro-Oeste,41638,983.49,572694.93,13754.14
Palmeira Bonito do Leste,PE,Pernambuco,Nordeste,15824,1221.68,295352.08,18664.82
Porto União Menor,PA,Pará,Norte,41307,786.14,533983.02,12927.18
Ipê Bonito do Campo,MG,Minas Gerais,Sudeste,5639,2185.71,208833.18,37033.73
Jaboti do Norte Central,PE,Pernambuco,Nordeste,7255,1126.11,155171.34,21388.19
Rio Belo Colonial,RS,Rio Grande do Sul,Sul,19480,1746.09,610478.96,31338.76
Cachoeira Alegre,SP,São Paulo,Sudeste,5939,2287.36,167470.08,28198.36
Novo Azul Maior,PB,Paraíba,Nordeste,4864,1105.07,69578.77,14304.85
Nova Claro Central,PI,Piauí,Nordeste,20031,1270.17,421261.27,21030.47
Pinheiro Azul Menor,PB,Paraíba,Nordeste,6809,591.57,60594.28,8899.15
Novo Vista da Mata,MG,Minas Gerais,Sudeste,14841,2077.03,356434.04,24016.85
Nova Alegre Colonial,RN,Rio Grande do Norte,Nordeste,30090,1265.92,684274.91,22740.94
Santa Claro Central,SP,São Paulo,Sudeste,3467,1948.66,79612.9,22963.05
Cachoeira Dourado de Minas,RN,Rio Grande do Norte,Nordeste,26699,940.12,432241.83,16189.44
Nova Belo,SC,Santa Catarina,Sul,9729,1991.03,336014.9,34537.46
Santa Alegre do Campo,SP,São Paulo,Sudeste,1659,2416.35,65008.68,39185.46
Serra Aurora das Palmeiras,PB,Paraíba,Nordeste,3013,987.33,53030.01,17600.4
Santa Branco,PB,Paraíba,Nordeste,19952,773.3,270160.27,13540.51
Pinheiro Real Maior,RS,Rio Grande do Sul,Sul,7939,1196.65,112272.94,14141.95
Lagoa Grande do Oeste,PA,Pará,Norte,19218,1339.54,480317.14,24993.09
Campo Real do Oeste,CE,Ceará,Nordeste,7501,1197.91,123030.72,16401.91
Alto Bonito Colonial,RN,Rio Grande do Norte,Nordeste,5360,1149.12,73673.69,13745.09
Palmeira Vista das Palmeiras,PA,Pará,Norte,3509,1062.53,48966.04,13954.41
Palmeira do Norte do Leste,PR,Paraná,Sul,1482,2257.44,38697.06,26111.38
Aracê Dourado Maior,BA,Bahia,Nordeste,72308,803.31,997637.44,13797.05
Ribeirão das Flores das Palmeiras,MA,Maranhão,Nordeste,8458,1124.75,116937.34,13825.65
Santa Vitória do Leste,RS,Rio Grande do Sul,Sul,7635,1857.99,233197.72,30543.25
Lagoa Belo das Palmeiras,RS,Rio Grande do Sul,Sul,23961,1604.63,584665.31,24400.71
Lagoa Grande Menor,MG,Minas Gerais,Sudeste,13517,1692.2,408785.31,30242.31
Serra das Flores do Oeste,PR,Paraná,Sul,20216,1345.99,299231.65,14801.72
Porto Real das Palmeiras,SE,Sergipe,Nordeste,2499,1177.26,54269.28,21716.4
Cachoeira Preto do Leste,RS,Rio Grande do Sul,Sul,22311,2170.62,767938.05,34419.71
Cruz Esperança do Campo,MA,Maranhão,Nordeste,4993,691.7,54271.15,10869.45
Rio Branco Menor,AL,Alagoas,Nordeste,61902,666.2,603941.08,9756.41
Cachoeira Bonita das Palmeiras,RS,Rio Grande do Sul,Sul,5218,1444.79,105342.13,20188.22
Pinheiro Bonita,SP,São Paulo,Sudeste,25178,2443.7,897209.74,35634.67
Bela Feliz,RN,Rio Grande do Norte,Nordeste,17494,1111.43,332448.3,19003.56
Monte Vista Colonial,MA,Maranhão,Nordeste,5142,1169.89,95625.31,18596.91
Ipê União Maior,CE,Ceará,Nordeste,19808,779.67,291434.97,14712.99
Palmeira Dourado Paulista,RN,Rio Grande do Norte,Nordeste,29431,883.8,334488.03,11365.16
Cachoeira Branco Paulista,SP,São Paulo,Sudeste,6726,1010.02,89933.62,13371.04
Barra do Norte Maior,SC,Santa Catarina,Sul,12451,1577.39,368954.74,29632.54
Alto Formosa,PA,Pará,Norte,7342,1121.95,156235.33,21279.67
Serra Preto das Palmeiras,PR,Paraná,Sul,25105,1030.12,426556.56,16990.9
Bela Claro Colonial,BA,Bahia,Nordeste,3342,536.41,24056.25,7198.16
Novo das Flores do Campo,GO,Goiás,Centro-Oeste,1682,1959.82,61929.48,36818.95
Boa das Flores Menor,MG,Minas Gerais,Sudeste,105488,2049.83,3823753.28,36248.23
Jaboti Verde de Minas,SP,São Paulo,Sudeste,893,2357.77,24774.08,27742.53
Novo Alegre Paulista,SC,Santa Catarina,Sul,19797,1052.99,241511.95,12199.42
Monte Alegre de Minas,MG,Minas Gerais,Sudeste,2340,1197.99,36564.09,15625.68
Cachoeira do Sul,RS,Rio Grande do Sul,Sul,7873,2344.57,286577.28,36400.01
Alto União do Cerrado,MG,Minas Gerais,Sudeste,15873,1695.74,475388.3,29949.49
Vale do Sul,PR,Paraná,Sul,10556,1406.38,194559.12,18431.14
Campo Bonita do Oeste,RS,Rio Grande do Sul,Sul,11181,1447.8,262623.7,23488.39
Monte Bonito do Leste,RS,Rio Grande do Sul,Sul,2101,2303.66,52836.65,25148.33
Monte Vitória do Cerrado,MG,Minas Gerais,Sudeste,11088,2177.74,356679.4,32168.06
Bela Branco Paulista,PA,Pará,Norte,72601,1057.59,1469046.8,20234.53
Nova Grande,MT,Mato Grosso,Centro-Oeste,13591,1614.45,376744.08,27720.11
Bela Vista Paulista,RO,Rondônia,Norte,6202,1235.1,136071.21,21939.89
Alto Vista Maior,PR,Paraná,Sul,26801,1235.35,418408.26,15611.67
São Bonito do Oeste,SC,Santa Catarina,Sul,1330,1486.75,21567.06,16215.83
Vale Alegre do Leste,BA,Bahia,Nordeste,13876,926.38,187650.77,13523.41
Boa Aurora,SC,Santa Catarina,Sul,121497,1528.79,2140941.32,17621.35
Serra Vista Colonial,AM,Amazonas,Norte,6997,739.69,73660.36,10527.42
Monte do Vale do Leste,MS,Mato Grosso do Sul,Centro-Oeste,10895,990.34,121204.67,11124.8
Novo da Serra Maior,MA,Maranhão,Nordeste,50039,641.49,550618.32,11003.78
Lagoa do Vale do Oeste,SP,São Paulo,Sudeste,12403,1135.34,184186.79,14850.18
Serra Belo do Oeste,MG,Minas Gerais,Sudeste,8984,2145.66,301701.89,33582.13
Nova Feliz,PA,Pará,Norte,41799,1168.95,658025.3,15742.61
Nova Bonita do Leste,PA,Pará,Norte,11816,1081.24,168899.77,14294.16
São Claro do Oeste,GO,Goiás,Centro-Oeste,10951,2223.89,420771.09,38423.07
Barra Branco Paulista,CE,Ceará,Nordeste,148654,722.68,1860920.64,12518.47
Cachoeira Redonda de Minas,CE,Ceará,Nordeste,6189,655.27,56490.35,9127.54
Aracê Real Maior,MG,Minas Gerais,Sudeste,21438,1218.22,325808.3,15197.7
Campo Azul de Minas,MG,Minas Gerais,Sudeste,34852,1116.56,658131.25,18883.6
Palmeira do Norte de Minas,MG,Minas Gerais,Sudeste,18720,1158.25,260416.22,13911.12
Nova Branco Central,MT,Mato Grosso,Centro-Oeste,33983,971.8,519251.83,15279.75
Serra Aurora do Leste,MG,Minas Gerais,Sudeste,30925,2084.5,927495.84,29991.78
Novo Aurora de Minas,RS,Rio Grande do Sul,Sul,11758,2267.16,494028.7,42016.39
Vila Formosa Central,SE,Sergipe,Nordeste,8080,1276.76,161107.66,19939.07
Serra Formosa,PR,Paraná,Sul,4373,1332.53,89146.0,20385.55
Ipê Vitória Colonial,MT,Mato Grosso,Centro-Oeste,10599,1136.97,160026.45,15098.26
Boa União Menor,MG,Minas Gerais,Sudeste,26294,2254.7,1004255.82,38193.35
Pinheiro das Flores,AM,Amazonas,Norte,13901,1387.36,355888.05,25601.61
Pinheiro do Norte,MS,Mato Grosso do Sul,Centro-Oeste,3689,1010.27,51376.21,13926.87
Coração Formosa do Oeste,MG,Minas Gerais,Sudeste,3816,1831.11,108496.03,28431.87
Alto do Vale do Cerrado,PB,Paraíba,Nordeste,10128,1040.13,122869.92,12131.71
Santo Azul,CE,Ceará,Nordeste,21709,1198.36,444762.78,20487.48
Aracê Branco do Campo,PI,Piauí,Nordeste,15605,1225.51,206718.74,13246.96
Coração Branco Maior,PA,Pará,Norte,16127,907.18,190465.66,11810.36
Serra Real da Mata,MG,Minas Gerais,Sudeste,20380,1341.88,458380.43,22491.68
São Preto Maior,MG,Minas Gerais,Sudeste,15528,2079.41,457846.65,29485.23
Rio Verde Paulista,BA,Bahia,Nordeste,2388,901.56,29175.19,12217.42
Cachoeira Formosa da Mata,MG,Minas Gerais,Sudeste,20861,1082.41,402720.45,19304.94
Campo Esperança das Palmeiras,MS,Mato Grosso do Sul,Centro-Oeste,24017,1553.66,603233.28,25116.93
Ipê Formosa da Mata,MG,Minas Gerais,Sudeste,14106,1705.56,397517.58,28180.74
Vale Bonito do Campo,BA,Bahia,Nordeste,57413,1088.74,957240.1,16672.88
Aracê Aurora Colonial,PA,Pará,Norte,159079,1196.38,3509571.93,22061.82
Aracê Esperança do Cerrado,SC,Santa Catarina,Sul,43338,2515.94,1660594.96,38317.3
Campo Formosa Central,MS,Mato Grosso do Sul,Centro-Oeste,1660,2276.95,55581.04,33482.55
Barra do Vale do Oeste,BA,Bahia,Nordeste,57067,1097.27,1021805.56,17905.37
Cruz Bonito,SP,São Paulo,Sudeste,5503,1334.2,103228.51,18758.59
Santa Formosa de Minas,SC,Santa Catarina,Sul,14272,1845.87,408930.57,28652.65
Nova Redonda do Cerrado,RS,Rio Grande do Sul,Sul,9504,1687.72,276184.14,29059.78
Vila dos Campos,RS,Rio Grande do Sul,Sul,4332,1611.28,132193.31,30515.54
Coração Novo Paulista,PB,Paraíba,Nordeste,11900,1091.07,181658.3,15265.4
Porto Preto das Palmeiras,SP,São Paulo,Sudeste,3514,2240.47,142446.47,40536.84
Monte do Norte Maior,MA,Maranhão,Nordeste,49857,1180.63,960916.24,19273.45
Aracê Claro Colonial,MA,Maranhão,Nordeste,36630,997.49,622574.2,16996.29
Monte Real Central,RS,Rio Grande do Sul,Sul,6170,1639.14,179386.8,29074.04
Cruz Vista das Palmeiras,RS,Rio Grande do Sul,Sul,37412,2044.65,1091204.63,29167.24
Jaboti Bonita Maior,BA,Bahia,Nordeste,12277,1009.47,159574.65,12997.85
Rio Formosa das Palmeiras,MS,Mato Grosso do Sul,Centro-Oeste,5540,2215.9,225676.01,40735.74
Barra Alegre,SP,São Paulo,Sudeste,7783,1874.39,206517.99,26534.5
Ribeirão dos Campos da Mata,RN,Rio Grande do Norte,Nordeste,7424,803.68,113568.99,15297.55
Rio Aurora,CE,Ceará,Nordeste,10327,1018.11,146946.28,14229.33
Porto Formosa do Campo,MG,Minas Gerais,Sudeste,82381,1926.03,1983558.89,24077.87
Porto do Sul Menor,RS,Rio Grande do Sul,Sul,103188,1347.73,1559672.05,15114.86
Nova Alegre de Minas,ES,Espírito Santo,Sudeste,175809,1027.1,3192037.2,18156.28
Palmeira Azul da Mata,AC,Acre,Norte,11122,1165.77,176167.9,15839.59
Serra Vista Maior,SP,São Paulo,Sudeste,51840,2040.58,1650942.22,31846.88
Santa das Flores Central,PB,Paraíba,Nordeste,9428,1314.23,230545.14,24453.24
Vale Bonito das Palmeiras,PE,Pernambuco,Nordeste,3028,838.33,42044.75,13885.32
Rio do Norte do Cerrado,RN,Rio Grande do Norte,Nordeste,13520,849.58,136603.09,10103.78
Serra Alegre do Leste,AL,Alagoas,Nordeste,8157,806.97,117348.67,14386.25
Jaboti Alegre,MT,Mato Grosso,Centro-Oeste,16705,1703.36,536896.47,32139.87
Boa Feliz Menor,SP,São Paulo,Sudeste,12963,992.77,194716.68,15020.96
Novo dos Campos Colonial,PA,Pará,Norte,28998,1019.35,517289.0,17838.78
Ribeirão Esperança do Campo,PI,Piauí,Nordeste,33350,1057.98,645643.22,19359.62
Rio do Vale do Leste,MG,Minas Gerais,Sudeste,3035,1542.82,76678.49,25264.74
São Belo do Cerrado,MG,Minas Gerais,Sudeste,7613,1350.92,174813.54,22962.5
Porto Formosa do Leste,RJ,Rio de Janeiro,Sudeste,15851,2235.36,671994.0,42394.42
Alto Feliz do Cerrado,BA,Bahia,Nordeste,26588,849.99,261137.77,9821.64
Santo Bonita Central,MG,Minas Gerais,Sudeste,24553,1824.79,851067.47,34662.46
Ribeirão da Serra do Cerrado,PR,Paraná,Sul,18682,2278.29,696567.3,37285.48
Vila Aurora da Mata,MG,Minas Gerais,Sudeste,10628,1636.32,284739.38,26791.44
Palmeira Dourado Colonial,SP,São Paulo,Sudeste,2159,1671.16,58433.36,27065.01
Santa das Flores das Palmeiras,SP,São Paulo,Sudeste,35959,2237.57,1145638.28,31859.57
Coração das Flores das Palmeiras,PR,Paraná,Sul,42668,2025.22,1382163.91,32393.45
Cruz Dourado do Cerrado,SP,São Paulo,Sudeste,14061,1113.1,248581.58,17678.8
Cruz Branco,SC,Santa Catarina,Sul,17513,1973.62,543066.01,31009.31
Vale Esperança do Campo,PE,Pernambuco,Nordeste,22274,1130.43,410020.27,18408.02
Porto União Maior,BA,Bahia,Nordeste,20352,1162.07,351265.93,17259.53
Campo Dourado do Campo,SP,São Paulo,Sudeste,7884,1271.2,180014.3,22832.86
Boa Alegre Maior,SP,São Paulo,Sudeste,49466,2128.33,1819446.24,36781.75
Rio Feliz do Cerrado,MG,Minas Gerais,Sudeste,12372,1235.1,241070.84,19485.2
Alto Dourado do Campo,SC,Santa Catarina,Sul,9926,2069.46,274383.8,27642.94
Coração Claro,RS,Rio Grande do Sul,Sul,103172,2004.64,3660328.24,35477.92
Bela do Vale do Cerrado,MG,Minas Gerais,Sudeste,2432,1011.32,26833.28,11033.42
Barra do Sul do Cerrado,AM,Amazonas,Norte,29335,1349.31,645782.48,22014.06
Nova das Flores do Campo,MG,Minas Gerais,Sudeste,6795,1436.55,136981.42,20159.15
Rio dos Campos do Oeste,GO,Goiás,Centro-Oeste,10258,1399.93,185040.2,18038.62
Monte Redonda do Campo,MG,Minas Gerais,Sudeste,10623,1255.42,224520.95,21135.36
Pinheiro Alegre do Cerrado,RN,Rio Grande do Norte,Nordeste,4678,968.15,71877.56,15365.02
Barra Azul Colonial,SC,Santa Catarina,Sul,82998,1531.25,2413719.25,29081.66
Ipê Redonda da Mata,RS,Rio Grande do Sul,Sul,17424,1489.35,377847.65,21685.47
Campo Alegre do Campo,CE,Ceará,Nordeste,16421,1242.92,327427.69,19939.57
Aracê União Central,PB,Paraíba,Nordeste,131596,937.31,2237456.94,17002.47
Palmeira União Paulista,SC,Santa Catarina,Sul,3432,1038.3,51220.83,14924.48
Lagoa Branco do Oeste,PR,Paraná,Sul,69575,2424.69,3067231.57,44085.25
Ipê dos Campos do Oeste,MG,Minas Gerais,Sudeste,31227,2089.98,733232.05,23480.71
Serra Dourado do Leste,BA,Bahia,Nordeste,17862,603.06,195160.25,10926.0
Barra Dourado do Oeste,MG,Minas Gerais,Sudeste,3020,1151.68,48930.58,16202.18
Jaboti Vista,AL,Alagoas,Nordeste,4712,847.87,75932.47,16114.7
Bela Horizonte Central,PR,Paraná,Sul,1005,1521.85,19672.24,19574.37
Boa Preto Menor,CE,Ceará,Nordeste,99463,545.95,987294.8,9926.25
Ribeirão das Flores,PI,Piauí,Nordeste,13055,954.29,188314.75,14424.72
Campo Aurora Paulista,GO,Goiás,Centro-Oeste,11305,1060.68,183560.48,16237.11
Serra Dourado das Palmeiras,SC,Santa Catarina,Sul,11191,2196.46,426660.07,38125.29
Cachoeira Vista do Cerrado,PI,Piauí,Nordeste,13742,684.65,128681.84,9364.13
Santa Dourado do Cerrado,AM,Amazonas,Norte,21428,1219.29,317643.52,14823.76
Jaboti da Serra Central,GO,Goiás,Centro-Oeste,8612,1186.41,187330.95,21752.32
Ipê Alegre Colonial,RS,Rio Grande do Sul,Sul,27269,2223.17,877221.79,32169.2
Ribeirão Preto do Leste,RS,Rio Grande do Sul,Sul,39618,1819.57,786354.85,19848.42
Porto Verde da Mata,RS,Rio Grande do Sul,Sul,15874,1528.81,351970.0,22172.74
Aracê das Flores,PA,Pará,Norte,1486,581.49,12170.38,8190.03
Novo Claro de Minas,MA,Maranhão,Nordeste,39905,981.0,608776.56,15255.65
Rio Aurora Colonial,MG,Minas Gerais,Sudeste,27551,1843.57,648968.38,23555.17
Monte Feliz Central,CE,Ceará,Nordeste,4025,1112.84,49267.79,12240.44
Boa Grande Menor,TO,Tocantins,Norte,1219,905.85,14277.47,11712.44
Ribeirão Formosa do Leste,RS,Rio Grande do Sul,Sul,54079,1911.41,1730072.58,31991.58
Rio Vitória do Cerrado,PI,Piauí,Nordeste,4183,646.6,32490.72,7767.32
Santo Horizonte do Oeste,MG,Minas Gerais,Sudeste,21361,1154.19,284228.73,13305.97
Barra Grande,GO,Goiás,Centro-Oeste,12078,1345.03,178200.54,14754.14
São do Vale Maior,PR,Paraná,Sul,4559,1996.57,98761.08,21662.88
Santa Feliz Colonial,SP,São Paulo,Sudeste,32704,2018.83,1046917.4,32011.91
Nova Feliz Central,AM,Amazonas,Norte,48056,664.67,455608.12,9480.77
Bela das Flores do Campo,BA,Bahia,Nordeste,12036,1195.61,276276.82,22954.21
Ribeirão da Serra Colonial,PI,Piauí,Nordeste,9815,866.29,93664.01,9542.95
Bela Dourado das Palmeiras,SP,São Paulo,Sudeste,6682,2050.0,253180.64,37889.95
Ipê Grande do Oeste,MG,Minas Gerais,Sudeste,11288,1085.42,180788.55,16015.99
Santa União Colonial,TO,Tocantins,Norte,8442,1164.11,125454.31,14860.73
Rio Verde Menor,BA,Bahia,Nordeste,9203,794.29,95680.18,10396.63
Novo do Norte de Minas,SP,São Paulo,Sudeste,7465,1521.54,157962.3,21160.39
Cachoeira Azul Central,AL,Alagoas,Nordeste,6016,1079.39,78495.36,13047.77
Pinheiro Real Colonial,PE,Pernambuco,Nordeste,14302,599.67,146504.69,10243.65
Ipê Formosa Menor,SC,Santa Catarina,Sul,5195,1871.53,169337.1,32596.17
Cachoeira Bonita,SP,São Paulo,Sudeste,1488,1795.06,38951.84,26177.31
Vila Preto da Mata,PB,Paraíba,Nordeste,56578,1030.35,1031659.37,18234.28
Aracê Grande Central,MA,Maranhão,Nordeste,9573,665.52,89621.45,9361.9
Rio Alegre Central,MG,Minas Gerais,Sudeste,4169,1621.54,79775.24,19135.34
Monte Claro do Oeste,RS,Rio Grande do Sul,Sul,7650,2448.94,247408.49,32340.98
Boa União do Oeste,MG,Minas Gerais,Sudeste,13823,1351.19,232560.3,16824.16
Campo Bonita Maior,TO,Tocantins,Norte,23940,1042.01,378523.3,15811.33
Ribeirão Preto do Campo,MG,Minas Gerais,Sudeste,15874,1863.61,421022.61,26522.78
Nova Horizonte Menor,PR,Paraná,Sul,19783,2416.36,893815.29,45180.98
Serra Horizonte,RJ,Rio de Janeiro,Sudeste,5191,1458.88,116493.05,22441.35
Ipê Belo da Mata,PR,Paraná,Sul,9109,2400.94,288999.38,31726.8
São Redonda da Mata,MG,Minas Gerais,Sudeste,5428,1246.7,111454.37,20533.23
Barra Formosa do Oeste,MG,Minas Gerais,Sudeste,12034,1965.09,306960.93,25507.81
Bela da Serra Colonial,PA,Pará,Norte,21847,1245.15,358923.44,16428.96
Jaboti do Sul Central,TO,Tocantins,Norte,4252,816.57,39733.02,9344.55
Lagoa Real,CE,Ceará,Nordeste,15414,1264.52,369039.36,23941.83
Boa Alegre do Oeste,PB,Paraíba,Nordeste,6733,1227.34,113321.82,16830.81
Cachoeira do Vale,PR,Paraná,Sul,7348,1095.61,119139.65,16213.89
Santa Esperança das Palmeiras,GO,Goiás,Centro-Oeste,30357,947.75,453236.21,14930.2
Rio do Sul de Minas,RS,Rio Grande do Sul,Sul,7961,1464.93,187812.4,23591.56
Nova Dourado das Palmeiras,PI,Piauí,Nordeste,3207,1052.56,60683.65,18922.25
Pinheiro Dourado do Leste,SC,Santa Catarina,Sul,3764,2463.32,109090.91,28982.71
Santo Dourado,SC,Santa Catarina,Sul,12153,2314.17,367294.86,30222.57
Boa Vista de Minas,MG,Minas Gerais,Sudeste,32099,2031.18,951353.77,29638.11
Coração Branco das Palmeiras,SC,Santa Catarina,Sul,1109,1375.67,22510.68,20298.18
Nova Aurora de Minas,MT,Mato Grosso,Centro-Oeste,33023,1919.64,876851.16,26552.74
Porto Alegre do Campo,SC,Santa Catarina,Sul,1328,1021.8,21526.38,16209.62
São Verde,SP,São Paulo,Sudeste,3943,1681.03,85503.44,21684.87
Nova Dourado do Cerrado,SC,Santa Catarina,Sul,19714,1210.62,445196.07,22582.74
Campo Feliz,MG,Minas Gerais,Sudeste,12979,1264.77,197921.6,15249.37
Boa União do Cerrado,PI,Piauí,Nordeste,10863,614.91,86908.63,8000.43
Pinheiro Feliz Maior,MG,Minas Gerais,Sudeste,12518,2405.99,425790.44,34014.25
Ribeirão Alegre de Minas,RO,Rondônia,Norte,2561,1030.25,48987.66,19128.33
Santa Redonda das Palmeiras,MG,Minas Gerais,Sudeste,22580,1925.73,833094.57,36895.24
São do Sul Menor,MS,Mato Grosso do Sul,Centro-Oeste,32337,1745.59,861111.16,26629.28
Novo Belo,BA,Bahia,Nordeste,25059,582.91,164661.72,6570.96
Santa Belo Paulista,CE,Ceará,Nordeste,6024,1057.2,69301.12,11504.17
Aracê Formosa das Palmeiras,SP,São Paulo,Sudeste,5334,1374.15,102133.22,19147.59
Palmeira Alegre de Minas,RS,Rio Grande do Sul,Sul,6285,1570.83,159011.82,25300.21
Santa Grande,MG,Minas Gerais,Sudeste,3652,2231.46,121241.63,33198.69
Vila Aurora,TO,Tocantins,Norte,103366,1200.63,1891883.71,18302.77
Jaboti Belo Maior,GO,Goiás,Centro-Oeste,6153,1633.62,176847.88,28741.73
Alto Aurora,RJ,Rio de Janeiro,Sudeste,26471,1119.65,385632.93,14568.13
Ipê Alegre Central,PI,Piauí,Nordeste,4627,841.0,49389.54,10674.2
Rio Claro do Campo,RJ,Rio de Janeiro,Sudeste,70292,2324.23,2161883.48,30755.75
Campo Branco do Campo,GO,Goiás,Centro-Oeste,9297,1102.38,164115.97,17652.57
Palmeira Novo do Leste,PE,Pernambuco,Nordeste,8852,1075.8,144163.1,16285.94
Jaboti das Flores Central,RR,Roraima,Norte,8474,634.0,87413.31,10315.47
Vale Vista Central,SP,São Paulo,Sudeste,16265,1209.5,234050.54,14389.83
Novo Feliz de Minas,MT,Mato Grosso,Centro-Oeste,4858,932.5,73545.97,15139.15
Barra Novo,ES,Espírito Santo,Sudeste,19739,1874.94,587110.25,29743.67
Aracê Aurora das Palmeiras,MA,Maranhão,Nordeste,7975,692.06,74120.54,9294.11
Boa Alegre Colonial,MS,Mato Grosso do Sul,Centro-Oeste,31992,1828.33,1092237.92,34140.97
Ipê Alegre Paulista,MG,Minas Gerais,Sudeste,1219,1801.99,27600.76,22642.13
Porto Horizonte de Minas,SP,São Paulo,Sudeste,6823,1179.84,106603.82,15624.19
Barra Preto da Mata,MG,Minas Gerais,Sudeste,9177,1942.14,273974.31,29854.45
Porto do Vale do Oeste,SP,São Paulo,Sudeste,20723,1727.86,548495.23,26467.95
Campo Esperança Maior,RN,Rio Grande do Norte,Nordeste,96594,1013.9,1879053.16,19453.1
São Aurora da Mata,MG,Minas Gerais,Sudeste,1090,1979.25,29928.27,27457.13
Ribeirão do Norte,PI,Piauí,Nordeste,6352,664.81,50392.7,7933.36
Novo Horizonte do Campo,SC,Santa Catarina,Sul,48381,2156.04,1839052.06,38011.87
Rio do Vale das Palmeiras,MG,Minas Gerais,Sudeste,179553,2064.69,5707229.77,31785.77
Santa Verde Paulista,MG,Minas Gerais,Sudeste,33272,1682.77,842919.45,25334.2
Vila Horizonte Colonial,BA,Bahia,Nordeste,2657,686.13,34501.47,12985.12
Boa Bonita Maior,SC,Santa Catarina,Sul,780,2419.28,28059.67,35973.94
Ribeirão Vitória Menor,BA,Bahia,Nordeste,7139,532.97,69057.46,9673.27
Lagoa Azul Paulista,CE,Ceará,Nordeste,10504,579.28,78205.9,7445.34
São Horizonte Menor,SP,São Paulo,Sudeste,11625,2096.45,388230.94,33396.21
Ribeirão Novo do Oeste,PR,Paraná,Sul,37603,1051.54,634813.8,16882.0
Campo dos Campos do Cerrado,BA,Bahia,Nordeste,28642,1156.78,608186.31,21234.07
Monte Grande Central,MT,Mato Grosso,Centro-Oeste,44208,2164.4,1381665.37,31253.74
Barra Formosa Central,PE,Pernambuco,Nordeste,780,772.56,10337.48,13253.18
Vale do Vale Maior,RO,Rondônia,Norte,86424,1285.05,1884063.95,21800.24
Cruz Feliz Colonial,AL,Alagoas,Nordeste,4120,1058.95,58963.05,14311.42
Rio da Serra,BA,Bahia,Nordeste,48839,722.22,443490.32,9080.66
Porto Dourado do Cerrado,PR,Paraná,Sul,6174,1756.97,178992.69,28991.37
Porto Novo do Campo,MG,Minas Gerais,Sudeste,113884,2418.15,4452309.23,39095.13
Porto Alegre Menor,MG,Minas Gerais,Sudeste,2496,1281.41,54473.14,21824.17
São Vista de Minas,PR,Paraná,Sul,51020,2029.0,1807625.58,35429.74
Cruz Esperança das Palmeiras,ES,Espírito Santo,Sudeste,5086,1930.04,149950.25,29482.94
Vila Claro Menor,SE,Sergipe,Nordeste,7214,555.99,69393.17,9619.24
Jaboti Claro da Mata,BA,Bahia,Nordeste,30047,552.43,289255.44,9626.77
Barra Belo Paulista,PI,Piauí,Nordeste,1464,816.19,18502.23,12638.14
Santa das Flores do Leste,PB,Paraíba,Nordeste,3476,1027.75,59855.36,17219.61
Nova das Flores do Cerrado,PR,Paraná,Sul,20348,1627.01,535003.95,26292.7
Alto Azul de Minas,MA,Maranhão,Nordeste,4585,1301.23,80771.03,17616.36
Vale Horizonte,MT,Mato Grosso,Centro-Oeste,6413,2160.27,189949.43,29619.43
Jaboti Vitória do Cerrado,RO,Rondônia,Norte,4755,1236.28,79426.46,16703.78
Porto Preto do Campo,MG,Minas Gerais,Sudeste,19602,2293.42,556876.35,28409.16
Lagoa Feliz Maior,PB,Paraíba,Nordeste,5742,998.89,90328.82,15731.25
Boa Belo,PB,Paraíba,Nordeste,8642,1004.78,125215.18,14489.14
Nova Verde do Cerrado,MG,Minas Gerais,Sudeste,4183,1180.26,87441.5,20904.02
Lagoa Preto das Palmeiras,RN,Rio Grande do Norte,Nordeste,110808,1083.33,1974254.78,17816.9
Pinheiro Preto Central,BA,Bahia,Nordeste,11198,822.31,172013.89,15361.13
Ipê Novo da Mata,MG,Minas Gerais,Sudeste,11384,2412.18,419098.14,36814.66
Cachoeira Preto,PA,Pará,Norte,14748,1115.1,184214.82,12490.83
Campo Claro do Oeste,SP,São Paulo,Sudeste,3387,1448.67,65112.58,19224.26
Boa Bonito,TO,Tocantins,Norte,22939,1033.02,416964.41,18177.1
Palmeira Azul Paulista,GO,Goiás,Centro-Oeste,21606,1029.49,311786.16,14430.54
Rio Azul do Cerrado,RS,Rio Grande do Sul,Sul,26684,1186.18,436344.68,16352.3
Porto Aurora do Leste,MG,Minas Gerais,Sudeste,8335,1361.9,191599.73,22987.37
Coração Grande do Oeste,AM,Amazonas,Norte,15499,1332.1,345506.93,22292.21
Bela Aurora Central,MG,Minas Gerais,Sudeste,8369,1537.02,180346.19,21549.31
Ipê Horizonte Colonial,GO,Goiás,Centro-Oeste,8477,1870.58,262910.79,31014.6
Campo do Vale da Mata,PR,Paraná,Sul,25294,2422.92,722855.98,28578.16
Vale Aurora Menor,AC,Acre,Norte,32753,1394.74,654933.15,19996.13
Alto Bonito,MA,Maranhão,Nordeste,26557,775.67,355672.44,13392.79
Porto Preto da Mata,RS,Rio Grande do Sul,Sul,8640,1617.81,165558.16,19161.82
Santo do Sul do Campo,SP,São Paulo,Sudeste,64961,1026.54,937679.21,14434.49
Nova Claro,AL,Alagoas,Nordeste,6849,941.85,113244.87,16534.51
Ribeirão Formosa Maior,PI,Piauí,Nordeste,1041,832.02,11830.33,11364.39
Vila Bonito do Oeste,MG,Minas Gerais,Sudeste,92531,1497.82,1599771.39,17289.03
Santo Preto,SP,São Paulo,Sudeste,3480,1077.7,68907.41,19800.98
Barra Feliz Central,SC,Santa Catarina,Sul,9097,1733.13,245120.82,26945.24
Porto Alegre do Cerrado,MG,Minas Gerais,Sudeste,9553,2434.03,389828.76,40806.95
Monte Novo Menor,MG,Minas Gerais,Sudeste,23126,1040.13,373614.79,16155.62
Lagoa Redonda Central,MG,Minas Gerais,Sudeste,8386,2232.86,295068.07,35185.79
Alto Aurora Colonial,SC,Santa Catarina,Sul,16318,1085.11,231875.76,14209.81
Boa do Norte do Cerrado,RS,Rio Grande do Sul,Sul,12028,2545.67,421545.47,35047.01
Cruz do Sul Central,SP,São Paulo,Sudeste,12798,2196.19,508881.02,39762.54
Vila Horizonte do Campo,AL,Alagoas,Nordeste,33976,557.94,207791.53,6115.83
Bela Vitória Menor,PI,Piauí,Nordeste,30922,546.01,269821.36,8725.87
Barra Vitória Paulista,MA,Maranhão,Nordeste,15854,889.74,187813.77,11846.46
Vale Formosa,AL,Alagoas,Nordeste,13649,885.25,224628.26,16457.49
Cachoeira Branco do Cerrado,RS,Rio Grande do Sul,Sul,11647,2130.26,274666.88,23582.63
Rio Grande Colonial,MA,Maranhão,Nordeste,4569,1311.81,104213.59,22808.84
Coração dos Campos das Palmeiras,PE,Pernambuco,Nordeste,46974,540.93,452272.07,9628.14
Pinheiro Vista do Oeste,SE,Sergipe,Nordeste,10360,1047.54,185216.37,17878.03
Bela Belo do Leste,GO,Goiás,Centro-Oeste,25707,1002.79,403311.24,15688.77
São Vista da Mata,BA,Bahia,Nordeste,106444,620.24,752418.17,7068.68
Vila Vista Paulista,MT,Mato Grosso,Centro-Oeste,7210,1701.7,233895.96,32440.49
Serra Claro do Leste,PE,Pernambuco,Nordeste,1293,1160.85,23173.35,17922.16
Aracê do Vale,SC,Santa Catarina,Sul,46829,1206.66,677661.48,14470.98
São dos Campos Menor,PB,Paraíba,Nordeste,6993,754.62,74680.89,10679.38
Santa das Flores Menor,BA,Bahia,Nordeste,10507,1167.61,132535.07,12613.98
Ribeirão Branco Paulista,MG,Minas Gerais,Sudeste,8441,1961.44,270675.42,32066.75
Lagoa União de Minas,MG,Minas Gerais,Sudeste,4348,1673.06,112844.13,25953.11
Vila da Serra Colonial,MG,Minas Gerais,Sudeste,35080,1501.83,749100.02,21354.05
Rio do Sul do Campo,BA,Bahia,Nordeste,8216,737.91,82468.25,10037.52
Ribeirão Azul do Leste,MG,Minas Gerais,Sudeste,79672,1993.19,2568153.03,32234.07
Barra do Norte,BA,Bahia,Nordeste,3641,1005.42,50640.19,13908.32
Cachoeira Feliz da Mata,RS,Rio Grande do Sul,Sul,9453,1975.54,309480.92,32738.91
Ipê dos Campos das Palmeiras,ES,Espírito Santo,Sudeste,53146,1525.11,1259256.44,23694.28
Novo da Serra do Leste,MG,Minas Gerais,Sudeste,1475,1490.83,30688.01,20805.43
Serra Feliz do Cerrado,RS,Rio Grande do Sul,Sul,9863,1488.31,223536.62,22664.16
Pinheiro Redonda do Oeste,PB,Paraíba,Nordeste,14816,695.48,137606.16,9287.67
Bela Azul Paulista,MA,Maranhão,Nordeste,129884,667.5,1209805.73,9314.51
São Horizonte Paulista,BA,Bahia,Nordeste,3328,1145.54,61544.41,18492.91
Santo das Flores Menor,MG,Minas Gerais,Sudeste,18571,1680.29,370602.38,19955.97
Jaboti do Norte,MA,Maranhão,Nordeste,11038,1162.46,156149.35,14146.53
Aracê Belo do Leste,SC,Santa Catarina,Sul,113633,1166.36,1858100.07,16351.76
Coração Redonda Maior,MG,Minas Gerais,Sudeste,9544,1958.9,214205.25,22443.97
Vila Alegre Colonial,PI,Piauí,Nordeste,21323,680.06,197274.68,9251.73
São Esperança do Oeste,PI,Piauí,Nordeste,15183,770.27,153725.27,10124.83
Alto do Norte de Minas,PA,Pará,Norte,5951,882.16,81613.51,13714.25
Porto Feliz,ES,Espírito Santo,Sudeste,7752,1397.73,127837.7,16490.93
Barra Grande das Palmeiras,PR,Paraná,Sul,2808,1810.59,77709.91,27674.47
Palmeira das Flores de Minas,BA,Bahia,Nordeste,39187,1296.0,664398.24,16954.56
Cachoeira do Sul Colonial,SP,São Paulo,Sudeste,7983,1134.64,173459.86,21728.66
Vila Branco da Mata,MG,Minas Gerais,Sudeste,8558,1604.87,155336.72,18151.05
Vale Bonita,SP,São Paulo,Sudeste,10279,1737.91,258687.67,25166.62
Rio Alegre da Mata,MG,Minas Gerais,Sudeste,24419,1851.6,785292.55,32159.08
Monte Novo,RS,Rio Grande do Sul,Sul,7107,1075.28,119395.22,16799.67
Palmeira Grande do Campo,PI,Piauí,Nordeste,7749,885.81,101049.86,13040.37
Monte Azul do Cerrado,RS,Rio Grande do Sul,Sul,4417,2370.34,144871.02,32798.51
Lagoa Branco do Campo,MG,Minas Gerais,Sudeste,10335,2110.8,377415.06,36518.15
Cruz Real,BA,Bahia,Nordeste,3462,598.1,35924.21,10376.72
Santo dos Campos do Campo,SP,São Paulo,Sudeste,17495,1424.88,440446.81,25175.58
Barra do Sul Paulista,SP,São Paulo,Sudeste,10565,2338.78,438124.37,41469.42
Porto Belo,PA,Pará,Norte,62528,589.64,640820.55,10248.54
Bela Branco Menor,BA,Bahia,Nordeste,4608,989.15,76019.98,16497.39
Ribeirão da Serra do Campo,SP,São Paulo,Sudeste,16689,1236.39,348911.75,20906.69
Barra Vitória do Cerrado,RS,Rio Grande do Sul,Sul,6474,1549.72,129021.32,19929.15
Bela Branco da Mata,RO,Rondônia,Norte,4630,1414.05,95655.1,20659.85
Campo Azul Paulista,GO,Goiás,Centro-Oeste,29688,2054.14,801231.58,26988.4
Alto Alegre Maior,RS,Rio Grande do Sul,Sul,64942,1872.38,1528888.51,23542.37
Novo das Flores do Leste,PR,Paraná,Sul,7581,1723.95,196449.09,25913.35
Campo Formosa do Leste,MG,Minas Gerais,Sudeste,32885,1995.85,1052625.96,32009.3
Serra Verde Colonial,RS,Rio Grande do Sul,Sul,12099,2279.34,355434.28,29377.16
Serra Vitória Paulista,PR,Paraná,Sul,96126,2099.65,3212679.85,33421.55
Alto Redonda do Cerrado,SC,Santa Catarina,Sul,34895,1642.97,704207.63,20180.76
Ipê dos Campos Central,MG,Minas Gerais,Sudeste,2054,1242.27,35090.1,17083.79
Cachoeira Grande Menor,PR,Paraná,Sul,10873,1482.48,199195.91,18320.23
Vale Esperança,MG,Minas Gerais,Sudeste,29032,2067.15,963516.89,33188.1
Palmeira Grande da Mata,SP,São Paulo,Sudeste,30881,2253.04,1065863.7,34515.19
Cruz Dourado Menor,AC,Acre,Norte,21624,780.97,253074.47,11703.41
Nova Formosa do Oeste,AL,Alagoas,Nordeste,7359,1260.88,148458.32,20173.71
Vila Azul da Mata,PR,Paraná,Sul,34837,2533.36,1143696.34,32829.93
Cruz Vista do Cerrado,MG,Minas Gerais,Sudeste,31735,2066.86,882859.9,27819.75
Boa Grande Maior,CE,Ceará,Nordeste,24082,1051.75,328815.03,13653.98
Porto do Vale das Palmeiras,AM,Amazonas,Norte,37603,585.8,376478.58,10011.93
Ribeirão Branco do Oeste,PE,Pernambuco,Nordeste,24007,970.56,409323.77,17050.18
Lagoa dos Campos das Palmeiras,PI,Piauí,Nordeste,22330,661.15,181191.35,8114.26
Pinheiro Preto,MG,Minas Gerais,Sudeste,8646,1015.83,120139.08,13895.34
Novo Alegre das Palmeiras,CE,Ceará,Nordeste,10200,763.01,106554.01,10446.47
Santa Bonita do Cerrado,RS,Rio Grande do Sul,Sul,21001,1882.67,535837.81,25514.87
São Branco de Minas,MG,Minas Gerais,Sudeste,11458,1137.61,249886.44,21808.91
Serra Feliz Colonial,SP,São Paulo,Sudeste,15065,2288.92,583712.58,38746.27
Bela Formosa da Mata,SE,Sergipe,Nordeste,2360,1247.91,42483.03,18001.28
Alto Feliz,MT,Mato Grosso,Centro-Oeste,15811,1625.32,426215.64,26956.91
Rio Azul do Campo,BA,Bahia,Nordeste,15166,926.02,153939.11,10150.28
Novo da Serra Colonial,MG,Minas Gerais,Sudeste,16153,1178.31,209291.9,12956.84
Vila Branco Maior,AL,Alagoas,Nordeste,19190,1116.24,252100.33,13137.07
Coração Redonda do Cerrado,MG,Minas Gerais,Sudeste,17097,1286.85,402173.85,23523.07
Serra Aurora do Cerrado,RS,Rio Grande do Sul,Sul,6102,2503.01,167069.63,27379.49
Nova do Vale das Palmeiras,PR,Paraná,Sul,2148,1927.06,47968.05,22331.49
Alto Verde Paulista,CE,Ceará,Nordeste,22170,1041.62,299349.34,13502.45
Porto Redonda do Leste,RS,Rio Grande do Sul,Sul,48974,2376.51,1884818.53,38486.11
Alto do Norte do Campo,PR,Paraná,Sul,111327,1967.17,4046888.68,36351.37
Novo Bonita do Leste,MS,Mato Grosso do Sul,Centro-Oeste,5378,2043.34,162731.38,30258.72
Santa Dourado das Palmeiras,PB,Paraíba,Nordeste,2352,668.96,21027.82,8940.4
Cachoeira Grande da Mata,SE,Sergipe,Nordeste,19142,1254.09,309903.1,16189.69
Lagoa União das Palmeiras,MT,Mato Grosso,Centro-Oeste,6849,2240.36,274514.84,40081.01
Rio do Norte das Palmeiras,MA,Maranhão,Nordeste,19335,949.02,347418.21,17968.36
Coração dos Campos Paulista,PI,Piauí,Nordeste,4347,530.01,30944.56,7118.6
Santo Vitória do Cerrado,RS,Rio Grande do Sul,Sul,915,2274.88,27373.4,29916.28
Aracê Preto do Leste,PR,Paraná,Sul,19177,2046.83,698811.66,36440.09
Bela Bonito Colonial,RN,Rio Grande do Norte,Nordeste,38740,1240.12,831660.85,21467.76
Vila Preto,CE,Ceará,Nordeste,29119,589.57,257873.81,8855.86
Rio Formosa Central,AM,Amazonas,Norte,42082,1033.28,744570.32,17693.32
Vale Claro Central,BA,Bahia,Nordeste,7139,766.4,70697.8,9903.04
Vale da Serra Colonial,MG,Minas Gerais,Sudeste,9674,2173.8,239095.5,24715.27
Pinheiro dos Campos Paulista,GO,Goiás,Centro-Oeste,26101,1562.72,659846.9,25280.52
Coração Belo do Cerrado,RS,Rio Grande do Sul,Sul,8358,2473.88,289087.99,34588.18
Vale União Colonial,PI,Piauí,Nordeste,17004,1076.19,298946.63,17580.96
Rio Branco do Oeste,SP,São Paulo,Sudeste,3411,2353.1,90255.18,26460.04
Coração Bonita Central,GO,Goiás,Centro-Oeste,11125,1085.33,208616.35,18752.03
Santa do Sul de Minas,BA,Bahia,Nordeste,19095,1080.17,281697.65,14752.43
Porto Formosa da Mata,SP,São Paulo,Sudeste,14086,1046.01,263916.49,18736.08
Vale Novo do Campo,MG,Minas Gerais,Sudeste,6689,1164.53,98269.97,14691.28
Campo do Sul Colonial,RS,Rio Grande do Sul,Sul,1883,1123.41,38419.72,20403.46
Pinheiro Alegre de Minas,MG,Minas Gerais,Sudeste,4004,1216.92,53489.38,13358.99
Rio Claro do Leste,MG,Minas Gerais,Sudeste,8812,1446.52,228520.9,25932.92
Vale Bonita Paulista,MT,Mato Grosso,Centro-Oeste,19437,1678.13,472369.11,24302.57
Barra Real do Cerrado,PE,Pernambuco,Nordeste,127148,1240.23,2256828.05,17749.62
Rio Azul Paulista,MG,Minas Gerais,Sudeste,71326,2148.91,1808013.15,25348.58
Vale Claro,SP,São Paulo,Sudeste,22500,1627.97,567098.5,25204.38
Cruz Bonita do Cerrado,RS,Rio Grande do Sul,Sul,2961,1912.11,72791.35,24583.37
Boa Claro Menor,PR,Paraná,Sul,54400,1768.0,1454433.22,26735.9
Cachoeira da Serra do Campo,SP,São Paulo,Sudeste,42972,1005.82,731091.7,17013.21
Cachoeira Dourado Central,MG,Minas Gerais,Sudeste,2041,1035.87,34058.49,16687.16
Cruz Real do Cerrado,AM,Amazonas,Norte,34662,969.02,432552.32,12479.15
Novo Redonda Colonial,PE,Pernambuco,Nordeste,38548,675.91,391712.57,10161.68
Cachoeira Branco,PI,Piauí,Nordeste,6305,1243.85,90956.53,14426.1
Bela da Serra Central,ES,Espírito Santo,Sudeste,5454,1265.76,75533.52,13849.2
Novo Formosa Colonial,BA,Bahia,Nordeste,9406,1133.52,204639.89,21756.31
Santo Bonita Paulista,SP,São Paulo,Sudeste,7562,1311.51,124070.03,16407.04
Pinheiro Preto do Leste,GO,Goiás,Centro-Oeste,2611,2215.63,75574.7,28944.73
Santa dos Campos do Oeste,SE,Sergipe,Nordeste,1204,779.13,16047.63,13328.6
Pinheiro Belo da Mata,MG,Minas Gerais,Sudeste,4308,1106.09,70768.06,16427.13
Barra das Flores Colonial,MG,Minas Gerais,Sudeste,22087,1708.24,461143.09,20878.48
Santa Claro das Palmeiras,PR,Paraná,Sul,5031,2206.35,193872.17,38535.51
Cruz Real da Mata,SE,Sergipe,Nordeste,34058,742.88,374899.95,11007.69
Santa do Vale da Mata,TO,Tocantins,Norte,28866,1287.7,471896.16,16347.82
Santo Preto de Minas,RO,Rondônia,Norte,3129,1127.22,54333.99,17364.65
Porto Preto Maior,BA,Bahia,Nordeste,5346,832.16,66101.55,12364.67
Palmeira Novo de Minas,RN,Rio Grande do Norte,Nordeste,42789,586.99,359653.57,8405.28
Serra do Norte Central,SP,São Paulo,Sudeste,17514,2203.36,499348.84,28511.41
Alto do Vale Central,SP,São Paulo,Sudeste,12380,1034.62,227638.6,18387.61
Monte Esperança,SP,São Paulo,Sudeste,30555,2306.17,1034910.77,33870.42
Cachoeira Real de Minas,BA,Bahia,Nordeste,61427,724.24,577861.07,9407.28
Ribeirão Vista Central,MG,Minas Gerais,Sudeste,140968,1855.28,4236736.74,30054.6
Santa Vitória Menor,MG,Minas Gerais,Sudeste,7899,1168.13,116633.17,14765.56
Jaboti Esperança de Minas,RS,Rio Grande do Sul,Sul,30317,1090.16,506805.17,16716.86
Cachoeira Verde de Minas,MA,Maranhão,Nordeste,12989,1321.32,294952.57,22707.87
Alto Azul Central,BA,Bahia,Nordeste,10379,1047.81,198420.11,19117.46
Porto Esperança Maior,MG,Minas Gerais,Sudeste,29736,2032.99,1062552.01,35732.85
Alto Novo do Cerrado,RS,Rio Grande do Sul,Sul,27643,1369.53,602400.59,21792.16
Bela Belo Central,SP,São Paulo,Sudeste,21852,1842.79,522805.24,23924.82
Coração do Sul,MG,Minas Gerais,Sudeste,7082,1221.91,157971.89,22306.11
Porto Dourado de Minas,AL,Alagoas,Nordeste,14263,789.04,212406.91,14892.16
Aracê Feliz Menor,PI,Piauí,Nordeste,35502,816.53,372953.25,10505.13
Lagoa Alegre do Oeste,MG,Minas Gerais,Sudeste,6540,1259.57,94406.14,14435.19
Coração do Sul de Minas,MG,Minas Gerais,Sudeste,1793,1497.61,51491.94,28718.32
Palmeira Formosa,RS,Rio Grande do Sul,Sul,6672,1066.69,124585.29,18672.86
Monte Formosa Menor,PR,Paraná,Sul,8105,2492.65,226478.23,27943.03
Lagoa Vitória das Palmeiras,RN,Rio Grande do Norte,Nordeste,6980,676.22,79204.65,11347.37
Cachoeira Bonito do Leste,CE,Ceará,Nordeste,22757,964.99,384997.97,16917.78
Ipê do Sul Colonial,MG,Minas Gerais,Sudeste,30829,1519.63,587046.8,19042.03
Cruz do Vale Central,BA,Bahia,Nordeste,6434,960.19,116104.13,18045.4
São do Norte de Minas,CE,Ceará,Nordeste,6227,930.45,67613.03,10858.04
Serra Aurora Central,SC,Santa Catarina,Sul,14047,2258.88,581648.39,41407.3
Vila Redonda Paulista,RS,Rio Grande do Sul,Sul,9099,2362.47,369210.3,40577.02
Coração do Norte,MG,Minas Gerais,Sudeste,3128,1051.7,46475.59,14857.93
Porto do Norte das Palmeiras,MG,Minas Gerais,Sudeste,2738,1541.51,65909.03,24071.96
Campo Alegre das Palmeiras,PB,Paraíba,Nordeste,29175,1110.93,451622.03,15479.76
Lagoa Esperança Colonial,PE,Pernambuco,Nordeste,82704,594.64,545483.37,6595.61
Vila Branco do Oeste,SC,Santa Catarina,Sul,16465,1150.6,220381.14,13384.82
Porto do Vale Paulista,MG,Minas Gerais,Sudeste,158240,2017.75,5405053.05,34157.31
Lagoa das Flores Central,RJ,Rio de Janeiro,Sudeste,7768,1973.71,287694.83,37035.89
Alto Real do Campo,SP,São Paulo,Sudeste,13632,1711.08,414195.43,30384.05
Bela Aurora,PI,Piauí,Nordeste,36841,754.15,464874.4,12618.4
Cruz Preto de Minas,SP,São Paulo,Sudeste,3738,2124.03,142431.64,38103.7
Aracê Preto Maior,RO,Rondônia,Norte,18578,628.87,131979.53,7104.08
Barra Bonita Colonial,SP,São Paulo,Sudeste,10423,1836.89,263724.67,25302.18
Jaboti das Flores Paulista,BA,Bahia,Nordeste,13657,908.32,153801.68,11261.75
Pinheiro Preto da Mata,SP,São Paulo,Sudeste,8742,1872.19,254297.72,29089.19
Pinheiro Claro Paulista,MG,Minas Gerais,Sudeste,3638,2354.32,135248.46,37176.6
Pinheiro Real Central,RN,Rio Grande do Norte,Nordeste,4828,771.93,59529.7,12330.1
Pinheiro Azul Central,MG,Minas Gerais,Sudeste,5550,1329.88,137239.44,24727.83
Vale Feliz Maior,MT,Mato Grosso,Centro-Oeste,4766,1857.31,158236.83,33201.18
Novo Dourado Colonial,MG,Minas Gerais,Sudeste,9764,1679.08,193773.78,19845.74
Aracê Verde,RS,Rio Grande do Sul,Sul,13353,1995.0,291338.43,21818.2
Jaboti Alegre de Minas,SP,São Paulo,Sudeste,10584,1194.55,200903.69,18981.83
Monte Branco da Mata,SC,Santa Catarina,Sul,17696,1759.59,529412.9,29917.09
Ribeirão do Vale Central,RN,Rio Grande do Norte,Nordeste,187895,1151.09,4147229.47,22072.06
Nova Formosa do Cerrado,RS,Rio Grande do Sul,Sul,40620,1175.82,545573.57,13431.16
Jaboti Bonita Central,PA,Pará,Norte,1783,896.96,19179.53,10756.89
Ipê União do Cerrado,RS,Rio Grande do Sul,Sul,226487,1266.88,4667423.62,20607.91
São Bonito Central,PI,Piauí,Nordeste,45162,581.08,368043.04,8149.4
Novo Esperança do Oeste,SC,Santa Catarina,Sul,14574,1254.81,220371.98,15120.9
Vale Claro do Leste,PR,Paraná,Sul,1766,1686.45,46481.95,26320.47
Palmeira Vitória,RS,Rio Grande do Sul,Sul,50656,1832.22,1012399.86,19985.78
Novo Aurora Central,PI,Piauí,Nordeste,13034,739.67,180584.12,13854.85
Lagoa Branco Menor,PB,Paraíba,Nordeste,3555,858.04,39796.14,11194.41
Lagoa do Norte do Campo,BA,Bahia,Nordeste,20515,883.31,216929.98,10574.21
Serra dos Campos Menor,RO,Rondônia,Norte,18180,801.68,254730.12,14011.56
Barra Bonita do Leste,PB,Paraíba,Nordeste,21698,738.83,260798.35,12019.46
Ribeirão Vitória Maior,MG,Minas Gerais,Sudeste,3783,1019.83,66446.65,17564.54
Vila Real Central,CE,Ceará,Nordeste,3670,602.04,24055.47,6554.62
Vila Dourado Paulista,CE,Ceará,Nordeste,16349,1175.5,337736.35,20657.92
Aracê Vitória,MG,Minas Gerais,Sudeste,9841,1920.55,267160.2,27147.67
Vale do Vale Paulista,BA,Bahia,Nordeste,11410,978.32,171631.06,15042.16
Jaboti dos Campos,GO,Goiás,Centro-Oeste,35432,1650.12,721600.56,20365.79
Bela Redonda Maior,PR,Paraná,Sul,14688,2091.77,508882.07,34646.11
Serra Vitória Menor,GO,Goiás,Centro-Oeste,6032,2207.38,154811.39,25665.02
Palmeira Novo da Mata,SC,Santa Catarina,Sul,978,2278.02,29912.25,30585.12
Ribeirão Aurora do Oeste,PR,Paraná,Sul,82759,1999.37,2349129.73,28385.19
Novo Aurora,RS,Rio Grande do Sul,Sul,7087,1696.99,206608.49,29153.17
Jaboti Real Paulista,PB,Paraíba,Nordeste,9324,1207.55,211709.31,22705.85
Ribeirão Dourado das Palmeiras,RS,Rio Grande do Sul,Sul,14960,1848.2,512476.5,34256.45
Barra Claro do Oeste,MG,Minas Gerais,Sudeste,18852,1570.3,407269.3,21603.51
Pinheiro Vitória Paulista,GO,Goiás,Centro-Oeste,3278,2236.5,136551.73,41657.03
Aracê Vitória das Palmeiras,RS,Rio Grande do Sul,Sul,31144,1695.41,697323.58,22390.3
Lagoa Verde do Leste,RS,Rio Grande do Sul,Sul,25612,1150.65,323646.15,12636.5
Aracê Claro do Oeste,PR,Paraná,Sul,45720,2053.36,1112542.47,24333.82
São Real do Leste,AP,Amapá,Norte,8468,674.41,92219.84,10890.39
Campo Belo,MA,Maranhão,Nordeste,24765,853.54,287107.84,11593.29
Cruz do Sul do Oeste,SC,Santa Catarina,Sul,31937,2157.09,1040206.22,32570.57
Ipê Horizonte,MS,Mato Grosso do Sul,Centro-Oeste,18941,1403.17,481590.51,25425.82
Lagoa Vitória,MG,Minas Gerais,Sudeste,2238,1399.79,58274.24,26038.53
Jaboti Feliz da Mata,PR,Paraná,Sul,82010,2434.32,2397630.86,29235.84
Lagoa Grande do Campo,MG,Minas Gerais,Sudeste,68077,2291.2,2610674.73,38348.85
Monte Formosa Paulista,CE,Ceará,Nordeste,20163,1250.42,378971.98,18795.42
Santo do Norte das Palmeiras,PR,Paraná,Sul,10259,1231.17,237282.57,23129.21
Vale do Norte,RS,Rio Grande do Sul,Sul,62174,1112.27,950590.94,15289.2
Ribeirão Azul da Mata,PR,Paraná,Sul,11760,2350.68,509815.84,43351.69
Vila do Sul de Minas,SP,São Paulo,Sudeste,95219,1899.2,1982167.08,20816.93
Ribeirão Claro Paulista,MS,Mato Grosso do Sul,Centro-Oeste,10558,1716.39,231006.74,21879.78
Lagoa Vitória do Campo,PA,Pará,Norte,9111,899.34,148231.84,16269.55
Coração Vista de Minas,BA,Bahia,Nordeste,16383,577.35,144756.04,8835.75
Vila dos Campos do Campo,SP,São Paulo,Sudeste,37039,1528.38,795773.31,21484.74
Campo Claro da Mata,CE,Ceará,Nordeste,82193,1055.21,1383678.52,16834.51
Porto dos Campos,SE,Sergipe,Nordeste,4154,994.63,71048.95,17103.74
Coração Feliz da Mata,AL,Alagoas,Nordeste,8341,946.29,145158.98,17403.07
Aracê dos Campos da Mata,RS,Rio Grande do Sul,Sul,25729,2529.27,949154.11,36890.44
São Formosa,SP,São Paulo,Sudeste,17230,2293.43,503414.29,29217.31
Bela Grande do Cerrado,PA,Pará,Norte,780,711.87,6014.7,7711.15
Cachoeira Feliz Colonial,RN,Rio Grande do Norte,Nordeste,7266,645.79,59101.71,8134.01
Jaboti Formosa Central,RJ,Rio de Janeiro,Sudeste,105992,1428.58,2441427.15,23034.07
Boa Branco Central,PR,Paraná,Sul,13568,2140.96,407425.06,30028.38
Santa Vitória Paulista,CE,Ceará,Nordeste,86190,568.01,658289.02,7637.65
Palmeira União,SC,Santa Catarina,Sul,13024,1728.54,305109.09,23426.68
Porto Bonita de Minas,BA,Bahia,Nordeste,60411,671.69,619821.36,10260.07
Jaboti Novo Colonial,ES,Espírito Santo,Sudeste,1353,2262.16,51604.9,38141.09
Santa Alegre,SP,São Paulo,Sudeste,9889,1875.08,244893.41,24764.22
Santa Verde Menor,MG,Minas Gerais,Sudeste,25071,1996.48,698494.85,27860.67
Boa Branco Menor,GO,Goiás,Centro-Oeste,3623,1006.58,41233.12,11380.93
Serra Real,AL,Alagoas,Nordeste,34210,882.1,427798.23,12505.06
Palmeira Formosa Paulista,PE,Pernambuco,Nordeste,34034,1013.2,424261.0,12465.8
Monte Esperança Maior,SP,São Paulo,Sudeste,6868,1499.35,114751.94,16708.2
Santa Dourado de Minas,RS,Rio Grande do Sul,Sul,4227,2129.69,130598.16,30896.18
Porto Belo Central,BA,Bahia,Nordeste,2932,1005.68,40077.67,13669.06
Campo Novo Paulista,AM,Amazonas,Norte,54714,1394.3,1311841.65,23976.34
Palmeira Bonito do Cerrado,BA,Bahia,Nordeste,2454,1134.02,44481.31,18126.04
Cruz Aurora do Leste,MT,Mato Grosso,Centro-Oeste,21359,2250.17,526688.36,24658.85
Alto Branco Menor,MG,Minas Gerais,Sudeste,6041,1640.48,111260.2,18417.51
Cachoeira Real Paulista,AL,Alagoas,Nordeste,2266,594.69,22282.91,9833.59
Pinheiro Branco,SP,São Paulo,Sudeste,21736,1792.81,480456.62,22104.19
Monte Esperança do Campo,SC,Santa Catarina,Sul,31491,1702.25,649161.48,20614.19
Santa dos Campos Central,PB,Paraíba,Nordeste,191648,1320.44,4842087.73,25265.53
Aracê Vista Central,MA,Maranhão,Nordeste,2053,656.15,19697.95,9594.72
Jaboti Bonito do Oeste,MS,Mato Grosso do Sul,Centro-Oeste,22274,1832.32,765009.64,34345.41
Jaboti Horizonte de Minas,PI,Piauí,Nordeste,9287,775.76,115873.73,12476.98
Lagoa Feliz das Palmeiras,ES,Espírito Santo,Sudeste,11418,1877.55,372741.27,32645.06
Ribeirão Claro do Leste,PB,Paraíba,Nordeste,962,944.04,11797.51,12263.52
Ribeirão do Sul,PR,Paraná,Sul,72098,1169.74,1398102.14,19391.69
Ribeirão Novo do Cerrado,PI,Piauí,Nordeste,3088,766.56,35407.02,11466.0
Ipê Grande Menor,GO,Goiás,Centro-Oeste,10219,1894.56,271017.61,26520.95
Campo da Serra Maior,GO,Goiás,Centro-Oeste,8742,1583.01,254790.92,29145.61
Monte do Norte Colonial,BA,Bahia,Nordeste,23148,1244.66,424637.24,18344.45
Ipê Belo do Leste,MA,Maranhão,Nordeste,5208,579.53,47338.43,9089.56
Porto Grande do Campo,SP,São Paulo,Sudeste,45403,2183.55,1254816.49,27637.3
Cruz da Serra Central,PB,Paraíba,Nordeste,5986,816.63,63785.94,10655.85
Jaboti das Flores Maior,RS,Rio Grande do Sul,Sul,12943,2381.33,514005.1,39712.98
Ribeirão Vista do Leste,SC,Santa Catarina,Sul,38586,1078.71,702019.08,18193.62
Novo Real das Palmeiras,RN,Rio Grande do Norte,Nordeste,3410,1155.55,74070.09,21721.43
Porto Bonita Colonial,RS,Rio Grande do Sul,Sul,11534,1094.1,214457.29,18593.49
Coração Vitória do Oeste,MG,Minas Gerais,Sudeste,843,2193.66,34153.97,40514.79
Campo Bonita,MS,Mato Grosso do Sul,Centro-Oeste,10411,1666.58,201538.97,19358.27
Santo Novo do Cerrado,MG,Minas Gerais,Sudeste,7658,2245.47,290483.28,37932.0
Barra da Serra,SP,São Paulo,Sudeste,4829,1674.03,149168.44,30890.13
Pinheiro Verde Central,BA,Bahia,Nordeste,16905,747.18,237006.8,14019.92
Rio do Norte da Mata,PI,Piauí,Nordeste,29452,1290.55,537386.56,18246.18
Serra das Flores Central,SC,Santa Catarina,Sul,5811,2492.11,158234.28,27230.13
São da Serra Paulista,SC,Santa Catarina,Sul,36170,1881.55,981519.57,27136.29
Campo Horizonte Colonial,CE,Ceará,Nordeste,7564,1239.33,112996.61,14938.74
Santo do Sul Central,MG,Minas Gerais,Sudeste,32732,2343.58,1117366.83,34136.83
Palmeira Vitória de Minas,BA,Bahia,Nordeste,30106,900.81,338770.02,11252.57
Pinheiro Alegre Paulista,PB,Paraíba,Nordeste,44348,760.34,504744.36,11381.45
Vila do Sul das Palmeiras,PA,Pará,Norte,9380,1355.39,211101.75,22505.52
Lagoa Grande Central,RS,Rio Grande do Sul,Sul,10303,1914.91,367840.56,35702.28
Vale Vitória do Cerrado,GO,Goiás,Centro-Oeste,1844,1998.94,46534.76,25235.77
Pinheiro Formosa de Minas,MA,Maranhão,Nordeste,12518,1059.52,158234.76,12640.58
Santo Aurora de Minas,MT,Mato Grosso,Centro-Oeste,1812,1588.4,53997.09,29799.72
Alto dos Campos da Mata,RS,Rio Grande do Sul,Sul,4050,1717.59,129496.51,31974.45
Pinheiro Horizonte das Palmeiras,SP,São Paulo,Sudeste,3696,1683.88,103088.38,27891.88
Alto Bonita Colonial,BA,Bahia,Nordeste,2922,1217.1,46556.11,15932.96
Jaboti Novo das Palmeiras,PA,Pará,Norte,17039,1412.64,455280.91,26719.93
Coração União do Oeste,PI,Piauí,Nordeste,22282,977.83,235625.77,10574.71
Campo Bonita do Cerrado,RS,Rio Grande do Sul,Sul,21008,1923.2,452020.06,21516.57
Aracê Feliz de Minas,SP,São Paulo,Sudeste,6852,1516.09,123525.0,18027.58
Serra Alegre Menor,CE,Ceará,Nordeste,3695,1073.32,50572.27,13686.68
Vila Vitória do Campo,PR,Paraná,Sul,43811,1985.66,1100285.99,25114.38
Boa Vista,BA,Bahia,Nordeste,9923,619.55,100955.29,10173.87
Coração dos Campos do Campo,TO,Tocantins,Norte,10805,857.29,142869.01,13222.49
Coração Belo do Leste,SC,Santa Catarina,Sul,13135,1407.44,333148.24,25363.4
Vale do Sul das Palmeiras,PE,Pernambuco,Nordeste,128282,948.06,1450612.38,11308.0
Nova Esperança,RO,Rondônia,Norte,25581,1335.82,481164.48,18809.45
Rio Feliz das Palmeiras,PA,Pará,Norte,24275,1336.29,480391.43,19789.55
Rio do Sul do Cerrado,MG,Minas Gerais,Sudeste,12092,2386.69,394356.86,32613.04
Ribeirão União,SP,São Paulo,Sudeste,47532,1175.3,636947.34,13400.39
Santo Aurora do Cerrado,MG,Minas Gerais,Sudeste,94765,1624.68,2907522.87,30681.4
Pinheiro dos Campos do Campo,MA,Maranhão,Nordeste,5792,1275.58,104231.37,17995.75
São do Sul do Oeste,RN,Rio Grande do Norte,Nordeste,977,987.44,11148.97,11411.43
Porto União do Cerrado,MG,Minas Gerais,Sudeste,4020,2073.66,120495.82,29974.08
Barra Branco,PB,Paraíba,Nordeste,8266,916.13,104415.83,12631.97
Palmeira do Norte,MS,Mato Grosso do Sul,Centro-Oeste,3081,1713.94,87059.44,28256.88
Monte Dourado,RS,Rio Grande do Sul,Sul,19479,1576.06,361175.51,18541.79
Campo Esperança Central,AL,Alagoas,Nordeste,4254,875.42,62483.86,14688.26
Barra do Vale das Palmeiras,CE,Ceará,Nordeste,34265,848.37,531617.3,15514.88
São Feliz Central,SP,São Paulo,Sudeste,84979,1967.59,3189562.8,37533.54
Alto Novo das Palmeiras,PI,Piauí,Nordeste,14470,1092.17,283418.72,19586.64
Palmeira União da Mata,RS,Rio Grande do Sul,Sul,3547,1730.56,91818.36,25886.2
Vale Dourado Central,SP,São Paulo,Sudeste,50099,1481.68,1316438.28,26276.74
Ribeirão Branco Maior,CE,Ceará,Nordeste,6420,1227.1,99781.51,15542.29
Santa Verde Maior,SP,São Paulo,Sudeste,6257,1801.63,173231.61,27686.05
Bela da Serra do Oeste,PE,Pernambuco,Nordeste,6087,654.18,70258.33,11542.36
Novo dos Campos do Oeste,MG,Minas Gerais,Sudeste,24290,2229.54,1008375.47,41514.02
Nova dos Campos Menor,GO,Goiás,Centro-Oeste,24928,1031.88,351848.16,14114.58
Aracê Formosa,RS,Rio Grande do Sul,Sul,11009,2248.95,435511.92,39559.63
Barra do Norte do Leste,PB,Paraíba,Nordeste,2463,1176.35,44807.84,18192.38
Lagoa Vitória Maior,RS,Rio Grande do Sul,Sul,2260,1573.35,44559.01,19716.38
Alto Feliz do Leste,RN,Rio Grande do Norte,Nordeste,29434,938.43,406276.64,13802.97
Lagoa Novo Central,MG,Minas Gerais,Sudeste,3600,1964.9,129962.09,36100.58
Bela Grande Colonial,PR,Paraná,Sul,6367,2221.93,161632.06,25385.91
Santa Esperança Central,PR,Paraná,Sul,17803,2114.68,568599.31,31938.4
Ipê Branco Central,SP,São Paulo,Sudeste,23156,1468.8,557165.84,24061.4
Nova Real do Leste,PR,Paraná,Sul,2492,1745.27,66622.01,26734.35
Jaboti dos Campos de Minas,MG,Minas Gerais,Sudeste,69178,1079.12,867574.73,12541.19
Bela Belo do Oeste,MG,Minas Gerais,Sudeste,6384,1864.61,180555.93,28282.57
Porto Vitória Paulista,MG,Minas Gerais,Sudeste,22148,1720.49,670386.55,30268.49
Pinheiro das Flores do Oeste,CE,Ceará,Nordeste,22474,1158.44,357796.8,15920.48
Vila da Serra do Cerrado,MG,Minas Gerais,Sudeste,3003,2433.32,108976.26,36289.13
Monte Preto Colonial,AL,Alagoas,Nordeste,33728,1060.56,569637.52,16889.16
Boa Novo da Mata,RN,Rio Grande do Norte,Nordeste,46116,1219.24,620837.86,13462.53
Cachoeira Novo Central,RS,Rio Grande do Sul,Sul,53013,1602.65,1505413.7,28397.07
Cruz Alegre das Palmeiras,MG,Minas Gerais,Sudeste,5411,1919.81,126957.7,23462.89
São Feliz do Cerrado,PR,Paraná,Sul,63937,2537.43,2341959.75,36629.18
Serra Aurora Paulista,SP,São Paulo,Sudeste,6864,2029.08,152509.43,22218.74
Porto Grande de Minas,MT,Mato Grosso,Centro-Oeste,2253,2001.31,75859.11,33670.27
Vale Belo Menor,AL,Alagoas,Nordeste,7646,904.89,112288.76,14685.95
Vila Redonda,PR,Paraná,Sul,4177,1506.34,69629.01,16669.62
Ribeirão Formosa das Palmeiras,RS,Rio Grande do Sul,Sul,60693,1602.04,1694068.08,27912.08
Cruz Verde Maior,SC,Santa Catarina,Sul,16029,2187.84,606893.41,37862.21
Campo Bonito Maior,SC,Santa Catarina,Sul,22357,1715.0,546603.52,24448.88
Pinheiro Belo Menor,PB,Paraíba,Nordeste,8933,988.27,128982.43,14438.87
Campo Real,MG,Minas Gerais,Sudeste,4033,2336.77,166290.85,41232.54
Porto do Vale Colonial,SP,São Paulo,Sudeste,1015,1154.12,21197.03,20883.77
Alto Alegre da Mata,MA,Maranhão,Nordeste,4641,631.36,36108.78,7780.39
Serra Formosa do Cerrado,MG,Minas Gerais,Sudeste,11359,2304.59,302479.53,26629.06
Aracê do Norte Maior,MG,Minas Gerais,Sudeste,11934,1609.34,297342.63,24915.59
Palmeira Azul Colonial,SP,São Paulo,Sudeste,47041,1776.8,1110875.41,23615.05
Vila União do Campo,MG,Minas Gerais,Sudeste,19734,2356.05,726025.31,36790.58
Cachoeira Azul do Campo,CE,Ceará,Nordeste,26272,591.36,229224.98,8725.07
Cruz da Serra Maior,MG,Minas Gerais,Sudeste,18273,1402.04,361089.71,19760.83
Porto União Central,TO,Tocantins,Norte,1410,629.72,16391.75,11625.35
Vila Belo do Cerrado,SP,São Paulo,Sudeste,26380,1614.52,655670.15,24854.82
Ipê Azul do Campo,SP,São Paulo,Sudeste,10598,1019.28,134525.25,12693.46
Ipê Formosa,SP,São Paulo,Sudeste,13005,1496.7,236953.48,18220.18
Palmeira Grande Maior,RO,Rondônia,Norte,11625,1284.55,179999.23,15483.8
Novo do Sul do Campo,PR,Paraná,Sul,4017,2311.71,160746.48,40016.55
Porto Bonita do Cerrado,RS,Rio Grande do Sul,Sul,7572,2406.24,280389.45,37029.77
Barra Esperança do Oeste,PB,Paraíba,Nordeste,32483,1201.36,628147.3,19337.72
Santa Alegre do Cerrado,RS,Rio Grande do Sul,Sul,15941,1108.12,300602.23,18857.18
Porto Aurora da Mata,RS,Rio Grande do Sul,Sul,41982,2339.84,1608610.42,38316.67
Santa do Norte da Mata,MT,Mato Grosso,Centro-Oeste,71031,1496.64,1836474.31,25854.55
Vale Alegre do Oeste,MS,Mato Grosso do Sul,Centro-Oeste,167313,976.85,2529905.03,15120.79
Aracê Aurora do Oeste,BA,Bahia,Nordeste,30217,1195.59,496793.84,16440.87
Alto do Vale do Oeste,BA,Bahia,Nordeste,780,1274.27,16606.29,21290.12
Cruz do Sul das Palmeiras,RN,Rio Grande do Norte,Nordeste,43741,929.42,545076.78,12461.46
Palmeira Horizonte Maior,RS,Rio Grande do Sul,Sul,39810,2076.97,1511945.68,37979.04
Jaboti Redonda do Leste,MG,Minas Gerais,Sudeste,944,2327.13,26544.39,28119.06
Jaboti do Norte Colonial,SP,São Paulo,Sudeste,122433,1880.0,3906189.13,31904.71
Barra Belo do Leste,RS,Rio Grande do Sul,Sul,4938,1071.59,61443.19,12442.93
Rio Aurora Menor,PB,Paraíba,Nordeste,2974,803.2,25963.13,8730.04
Rio Branco de Minas,AM,Amazonas,Norte,7548,782.33,94054.18,12460.81
Coração Branco Colonial,GO,Goiás,Centro-Oeste,1366,1031.56,22059.64,16149.08
São Preto das Palmeiras,MG,Minas Gerais,Sudeste,7126,1577.45,171047.99,24003.37
Alto Novo de Minas,GO,Goiás,Centro-Oeste,4412,1214.06,65365.33,14815.35
Novo dos Campos do Cerrado,CE,Ceará,Nordeste,8516,775.97,89181.87,10472.27
Pinheiro Vitória das Palmeiras,SP,São Paulo,Sudeste,780,1821.76,20191.36,25886.36
Boa Novo Colonial,MA,Maranhão,Nordeste,24877,961.44,407788.4,16392.19
São do Vale das Palmeiras,RS,Rio Grande do Sul,Sul,4553,2526.17,128910.84,28313.38
Jaboti das Flores do Oeste,MA,Maranhão,Nordeste,3419,824.63,53214.23,15564.27
Cruz Verde da Mata,RS,Rio Grande do Sul,Sul,7106,1238.22,112079.67,15772.54
Rio Verde Maior,PR,Paraná,Sul,15101,2465.94,434205.52,28753.43
Santa do Norte,RN,Rio Grande do Norte,Nordeste,118362,1243.04,1965198.13,16603.29
Santo União das Palmeiras,RS,Rio Grande do Sul,Sul,5155,2028.64,197297.4,38273.02
Lagoa das Flores do Oeste,PA,Pará,Norte,4238,857.05,59752.02,14099.11
Novo Verde,SC,Santa Catarina,Sul,75208,2452.92,3501698.71,46560.19
Santo Bonita Colonial,BA,Bahia,Nordeste,2569,1293.01,56100.83,21837.61
Pinheiro Claro do Campo,RS,Rio Grande do Sul,Sul,8982,2116.99,210737.56,23462.21
Vale do Vale da Mata,PR,Paraná,Sul,8773,1211.93,178299.04,20323.61
Serra Grande,MG,Minas Gerais,Sudeste,180565,1177.73,2743598.96,15194.52
Ipê Formosa de Minas,PE,Pernambuco,Nordeste,35314,844.63,415295.97,11760.09
Aracê Real Menor,PR,Paraná,Sul,7495,1530.18,135892.26,18131.06
Novo União do Leste,PR,Paraná,Sul,65352,2315.57,2801397.82,42866.29
Vale dos Campos do Campo,RS,Rio Grande do Sul,Sul,22362,1624.24,471682.04,21093.02
Coração das Flores Paulista,ES,Espírito Santo,Sudeste,9635,1574.07,195630.18,20304.12
Palmeira Alegre Paulista,CE,Ceará,Nordeste,14312,697.11,162287.86,11339.29
Monte do Norte do Campo,SP,São Paulo,Sudeste,32287,1611.26,587512.49,18196.56
Ipê Real do Oeste,PI,Piauí,Nordeste,5420,1170.81,89995.72,16604.38
Porto Verde Colonial,SP,São Paulo,Sudeste,64985,1757.75,1310803.44,20170.86
Palmeira dos Campos,RN,Rio Grande do Norte,Nordeste,3013,833.13,28463.43,9446.87
Santa Azul do Campo,MG,Minas Gerais,Sudeste,53577,2147.13,1302547.97,24311.7
Pinheiro dos Campos Central,SP,São Paulo,Sudeste,3257,1888.61,83236.14,25556.08
Ipê Esperança do Cerrado,MG,Minas Gerais,Sudeste,12520,1208.1,271971.07,21722.93
Aracê Aurora Central,AM,Amazonas,Norte,13451,1351.51,295752.08,21987.37
Lagoa Novo do Campo,MT,Mato Grosso,Centro-Oeste,15284,965.45,187518.39,12268.93
Jaboti Preto,BA,Bahia,Nordeste,31033,1128.5,672003.53,21654.48
Cachoeira das Flores Paulista,SP,São Paulo,Sudeste,5577,2271.11,196555.52,35243.95
Lagoa Aurora,PB,Paraíba,Nordeste,10774,682.24,139976.99,12992.11
Pinheiro Vitória do Campo,MG,Minas Gerais,Sudeste,17791,1828.05,448843.36,25228.68
Boa Formosa do Campo,MG,Minas Gerais,Sudeste,7798,1185.92,130172.83,16693.1
Bela Aurora Colonial,SP,São Paulo,Sudeste,33370,2424.92,1103244.64,33060.97
Palmeira do Vale Colonial,PB,Paraíba,Nordeste,18530,592.43,152613.97,8236.05
Boa Real Paulista,SP,São Paulo,Sudeste,95548,1763.4,2096357.06,21940.36
Pinheiro Verde,SE,Sergipe,Nordeste,99061,547.93,959402.9,9684.97
São Verde Colonial,RS,Rio Grande do Sul,Sul,4377,2254.71,117174.7,26770.55
Alto do Norte Maior,RS,Rio Grande do Sul,Sul,7266,1230.65,140906.69,19392.61
Coração Azul do Oeste,PR,Paraná,Sul,13992,1678.93,263661.68,18843.74
Campo Claro do Leste,RS,Rio Grande do Sul,Sul,28861,1384.14,645111.13,22352.35
Coração Esperança do Leste,BA,Bahia,Nordeste,23433,663.39,248771.11,10616.27
Novo Preto Menor,MA,Maranhão,Nordeste,11341,1266.96,245194.92,21620.22
Boa Azul do Cerrado,CE,Ceará,Nordeste,28443,691.63,339349.85,11930.87
Ipê União Central,PE,Pernambuco,Nordeste,7817,737.73,98610.31,12614.85
Porto Redonda do Oeste,PA,Pará,Norte,17384,730.4,182101.71,10475.25
Boa Vitória do Cerrado,BA,Bahia,Nordeste,5990,575.03,49124.4,8201.07
Vale Vitória das Palmeiras,RO,Rondônia,Norte,6837,1322.4,153250.39,22414.86
Lagoa Formosa,SP,São Paulo,Sudeste,4034,1682.63,119507.12,29624.97
Lagoa do Sul do Cerrado,RN,Rio Grande do Norte,Nordeste,3497,1301.24,84047.3,24034.11
Aracê Azul da Mata,PI,Piauí,Nordeste,12707,680.21,116077.89,9134.96
Cachoeira Branco Menor,PR,Paraná,Sul,2596,1610.99,72855.65,28064.58
Ribeirão Belo Central,GO,Goiás,Centro-Oeste,10505,1512.93,183167.01,17436.17
Barra Dourado do Cerrado,MG,Minas Gerais,Sudeste,66966,2279.95,2056882.35,30715.32
Jaboti União,CE,Ceará,Nordeste,22493,1253.23,353807.59,15729.68
Coração do Norte do Campo,MG,Minas Gerais,Sudeste,2369,1050.88,32266.99,13620.51
São Azul Colonial,TO,Tocantins,Norte,3904,1416.14,93484.97,23945.95
Santa Redonda Paulista,RJ,Rio de Janeiro,Sudeste,2909,1244.74,56969.06,19583.73
Aracê dos Campos Paulista,RS,Rio Grande do Sul,Sul,9473,1422.65,218493.36,23064.85
Nova das Flores Colonial,MS,Mato Grosso do Sul,Centro-Oeste,4701,1548.88,102956.65,21901.01
Vila Preto do Campo,SC,Santa Catarina,Sul,34825,1909.4,950146.28,27283.45
Santa do Sul do Cerrado,GO,Goiás,Centro-Oeste,5576,1256.36,115442.69,20703.5
Aracê Belo,RN,Rio Grande do Norte,Nordeste,5267,1000.54,61549.68,11685.91
Cachoeira Branco do Oeste,MG,Minas Gerais,Sudeste,16626,2175.58,438870.6,26396.64
Ipê Branco do Campo,RN,Rio Grande do Norte,Nordeste,8816,1118.86,157900.18,17910.64
Serra do Sul do Oeste,SE,Sergipe,Nordeste,9181,1306.75,172165.75,18752.4
Ribeirão Verde de Minas,MA,Maranhão,Nordeste,5375,608.12,43295.47,8054.97
Novo Bonita Menor,SP,São Paulo,Sudeste,30132,1701.25,904722.73,30025.31
Jaboti do Vale de Minas,PR,Paraná,Sul,2260,1102.48,33787.13,14950.06
Pinheiro Dourado,SC,Santa Catarina,Sul,1300,1725.67,28083.76,21602.89
Bela Aurora Maior,PR,Paraná,Sul,6202,1029.17,73442.17,11841.69
Ribeirão Azul do Campo,RS,Rio Grande do Sul,Sul,15337,2225.39,579381.96,37776.75
Bela Verde do Cerrado,PR,Paraná,Sul,18114,2470.14,660326.81,36453.95
Coração Feliz do Cerrado,MG,Minas Gerais,Sudeste,17564,2248.61,740171.06,42141.37
Pinheiro Horizonte,MG,Minas Gerais,Sudeste,8798,1997.63,332670.94,37812.11
Monte Bonita do Cerrado,ES,Espírito Santo,Sudeste,4699,1866.74,109612.3,23326.73
Ribeirão Verde do Leste,TO,Tocantins,Norte,2898,1287.78,43613.38,15049.48
Novo Redonda,MA,Maranhão,Nordeste,3142,626.14,32175.96,10240.6
Jaboti Horizonte Colonial,MG,Minas Gerais,Sudeste,1452,2162.62,41383.77,28501.22
Coração do Sul do Cerrado,PB,Paraíba,Nordeste,16136,1006.01,289256.13,17926.14
Lagoa Redonda do Oeste,MG,Minas Gerais,Sudeste,8278,2384.17,296956.48,35872.97
Cachoeira Branco das Palmeiras,GO,Goiás,Centro-Oeste,8509,1613.8,193382.15,22726.78
Vila Horizonte das Palmeiras,PB,Paraíba,Nordeste,3553,1030.3,48376.04,13615.55
Rio Vitória Menor,RS,Rio Grande do Sul,Sul,7885,2024.69,182019.35,23084.25
Cruz Novo do Cerrado,PI,Piauí,Nordeste,8322,795.93,124246.1,14929.84
Campo Preto do Leste,MG,Minas Gerais,Sudeste,12430,2076.42,351563.05,28283.43
Jaboti Horizonte Paulista,RO,Rondônia,Norte,19512,818.84,180458.49,9248.59
São Novo do Leste,MG,Minas Gerais,Sudeste,5539,1108.7,71903.42,12981.3
Ribeirão Esperança do Cerrado,BA,Bahia,Nordeste,16411,1180.05,272708.52,16617.42
Rio Horizonte de Minas,MG,Minas Gerais,Sudeste,82080,1295.43,1733463.9,21119.2
Ribeirão Bonito do Oeste,PB,Paraíba,Nordeste,58955,1153.46,1198240.39,20324.66
Serra Formosa das Palmeiras,PE,Pernambuco,Nordeste,12324,886.09,208124.52,16887.74
Boa Bonito do Leste,RS,Rio Grande do Sul,Sul,16252,1526.1,280613.68,17266.41
Palmeira do Sul das Palmeiras,BA,Bahia,Nordeste,9661,756.09,94506.52,9782.27
Coração Vitória Maior,SP,São Paulo,Sudeste,12750,1948.43,441368.11,34617.11
Porto Grande do Leste,MS,Mato Grosso do Sul,Centro-Oeste,18130,2203.2,561364.22,30963.28
Jaboti do Norte Paulista,PR,Paraná,Sul,18082,1112.96,322140.28,17815.52
Bela Vista do Campo,SP,São Paulo,Sudeste,137058,1066.66,1774091.02,12944.09
Cachoeira da Serra,AC,Acre,Norte,11155,691.51,105162.01,9427.34
Coração Real Menor,RJ,Rio de Janeiro,Sudeste,7679,2194.28,311966.71,40625.96
Barra da Serra das Palmeiras,GO,Goiás,Centro-Oeste,5676,1431.14,110752.47,19512.42
Novo Aurora Colonial,SC,Santa Catarina,Sul,5061,2172.24,139210.8,27506.58
Serra Bonita das Palmeiras,PB,Paraíba,Nordeste,21074,987.64,285639.63,13554.12
Ribeirão Grande Colonial,BA,Bahia,Nordeste,150966,575.43,1603192.73,10619.56
Novo Redonda Menor,MG,Minas Gerais,Sudeste,20475,1289.21,455555.16,22249.34
Ipê Real Paulista,SE,Sergipe,Nordeste,8433,1129.12,129161.0,15316.14
Novo das Flores do Oeste,PI,Piauí,Nordeste,14116,669.45,173005.64,12256.0
Campo das Flores Colonial,SP,São Paulo,Sudeste,11138,2017.46,416480.66,37392.77
Ribeirão Claro Colonial,PE,Pernambuco,Nordeste,19413,907.04,320662.84,16517.94
Nova Feliz da Mata,BA,Bahia,Nordeste,7745,1220.96,132779.49,17143.9
Santa Grande Paulista,SP,São Paulo,Sudeste,36378,1085.07,514813.91,14151.79
Cruz Novo da Mata,BA,Bahia,Nordeste,9575,720.63,112092.74,11706.81
Vale Preto,RN,Rio Grande do Norte,Nordeste,13981,781.59,187413.1,13404.84
Aracê Esperança do Leste,SP,São Paulo,Sudeste,7913,2225.8,242712.61,30672.64
Ribeirão Feliz do Cerrado,SP,São Paulo,Sudeste,141812,2197.13,5046160.0,35583.45
Pinheiro da Serra Maior,CE,Ceará,Nordeste,5033,696.02,58933.24,11709.37
Cruz Aurora Menor,SC,Santa Catarina,Sul,2970,2480.07,111079.98,37400.67
Pinheiro Real Paulista,PE,Pernambuco,Nordeste,3175,773.45,41104.76,12946.38
Coração do Vale do Campo,PE,Pernambuco,Nordeste,3525,1036.43,62069.55,17608.38
Cruz Bonita,SP,São Paulo,Sudeste,71009,2487.54,2421966.59,34107.88
Coração das Flores Menor,MA,Maranhão,Nordeste,2798,868.76,37780.93,13502.83
Monte Claro do Campo,AM,Amazonas,Norte,3175,929.67,38744.79,12203.08
Santo do Norte do Leste,AC,Acre,Norte,9786,753.61,93840.74,9589.28
Monte do Norte de Minas,RJ,Rio de Janeiro,Sudeste,75050,1169.5,1243866.09,16573.83
São Bonita do Oeste,TO,Tocantins,Norte,20486,1219.67,343278.72,16756.75
Boa Bonita do Campo,PE,Pernambuco,Nordeste,46904,779.6,554801.33,11828.44
Vale do Sul Menor,SP,São Paulo,Sudeste,1409,1501.3,25240.42,17913.71
Novo União Menor,MS,Mato Grosso do Sul,Centro-Oeste,34186,1574.19,629852.01,18424.27
Pinheiro Novo do Oeste,PR,Paraná,Sul,3179,1050.39,46621.61,14665.5
Campo Branco das Palmeiras,CE,Ceará,Nordeste,54313,1119.61,842289.2,15508.06
Barra Horizonte da Mata,BA,Bahia,Nordeste,25901,548.9,206956.47,7990.29
Cachoeira do Vale Colonial,BA,Bahia,Nordeste,14019,1147.58,271781.56,19386.66
Novo Formosa Maior,PR,Paraná,Sul,14197,1052.9,265345.38,18690.24
Santa Feliz de Minas,RS,Rio Grande do Sul,Sul,13200,2323.37,481742.16,36495.62
Vale Formosa Menor,MA,Maranhão,Nordeste,200173,650.12,2213504.2,11057.96
Boa Vista do Campo,PA,Pará,Norte,41229,859.73,576391.07,13980.23
Cruz Horizonte Maior,RN,Rio Grande do Norte,Nordeste,34191,1266.18,823298.28,24079.39
Santo Vitória da Mata,MA,Maranhão,Nordeste,18032,612.22,168917.02,9367.63
Aracê Branco do Cerrado,SE,Sergipe,Nordeste,9616,917.59,130269.51,13547.16
Vila Grande de Minas,SC,Santa Catarina,Sul,21142,1807.41,665266.25,31466.57
Ribeirão Preto Paulista,RS,Rio Grande do Sul,Sul,28847,2176.72,745674.58,25849.29
Coração Feliz do Oeste,GO,Goiás,Centro-Oeste,9802,2215.14,369376.48,37683.79
Campo Dourado das Palmeiras,PA,Pará,Norte,8675,1210.39,154893.28,17855.13
Campo Claro do Campo,MG,Minas Gerais,Sudeste,45223,1216.8,878309.43,19421.74
Vale Novo Maior,PI,Piauí,Nordeste,1720,858.82,17916.68,10416.67
Barra Vista,MT,Mato Grosso,Centro-Oeste,8459,1526.11,183673.8,21713.42
São Preto Menor,BA,Bahia,Nordeste,51842,1314.16,1018058.03,19637.71
Novo Formosa Paulista,SP,São Paulo,Sudeste,4899,1391.75,121048.92,24708.9
Cachoeira do Vale do Oeste,ES,Espírito Santo,Sudeste,20862,1962.44,717204.44,34378.51
Rio dos Campos Paulista,RS,Rio Grande do Sul,Sul,22018,2320.14,679454.8,30859.06
Barra Aurora Paulista,PR,Paraná,Sul,157198,1774.75,5063769.33,32212.68
Cruz Bonito da Mata,PR,Paraná,Sul,72442,2521.96,3131913.99,43233.4
Palmeira Aurora do Leste,RS,Rio Grande do Sul,Sul,34395,1520.54,925488.19,26907.64
Novo Real Paulista,BA,Bahia,Nordeste,58676,585.51,449667.69,7663.57
Ipê do Norte do Campo,SP,São Paulo,Sudeste,18101,2166.14,608027.81,33590.84
Alto Esperança do Oeste,SP,São Paulo,Sudeste,21220,1301.62,306839.47,14459.92
Pinheiro Bonito do Leste,BA,Bahia,Nordeste,27329,627.95,246617.03,9024.0
Barra do Sul do Leste,MT,Mato Grosso,Centro-Oeste,66560,1793.63,1780408.57,26748.93
Boa das Flores Paulista,PI,Piauí,Nordeste,2267,956.92,36380.21,16047.73
Pinheiro do Vale do Cerrado,MA,Maranhão,Nordeste,6290,894.87,69729.19,11085.72
Boa Grande Central,CE,Ceará,Nordeste,14769,857.65,223073.93,15104.2
Ipê Vitória das Palmeiras,RS,Rio Grande do Sul,Sul,26515,1865.55,838327.28,31617.1
Alto do Norte do Leste,MG,Minas Gerais,Sudeste,19946,1236.38,345927.75,17343.21
Boa Novo Paulista,PR,Paraná,Sul,2222,2492.03,62321.41,28047.44
Boa do Vale Maior,SE,Sergipe,Nordeste,27180,1077.87,483306.55,17781.7
São Feliz do Oeste,BA,Bahia,Nordeste,19023,1098.75,381637.51,20061.9
Alto Claro de Minas,MG,Minas Gerais,Sudeste,62208,2102.66,1607664.18,25843.37
Nova Vista de Minas,RS,Rio Grande do Sul,Sul,1091,1124.5,19756.73,18108.83
Alto Belo,AC,Acre,Norte,1179,869.58,17988.03,15257.02
Ribeirão União Central,BA,Bahia,Nordeste,33722,758.2,373143.74,11065.29
Cachoeira Bonito das Palmeiras,AM,Amazonas,Norte,1590,733.23,21958.59,13810.43
Rio Novo,PE,Pernambuco,Nordeste,7001,646.16,78088.75,11153.94
Serra Verde do Leste,MT,Mato Grosso,Centro-Oeste,7089,2010.01,172445.42,24325.78
Aracê do Sul Central,SP,São Paulo,Sudeste,28408,1890.96,1005754.97,35403.93
Lagoa Claro Colonial,SC,Santa Catarina,Sul,72894,2229.73,2364953.39,32443.73
Santo do Sul da Mata,RS,Rio Grande do Sul,Sul,24040,1541.59,701846.62,29194.95
Cachoeira Horizonte do Leste,SP,São Paulo,Sudeste,18714,2101.3,735339.82,39293.57
Cachoeira Belo Menor,PB,Paraíba,Nordeste,1221,679.9,12647.47,10358.29
Jaboti Bonito Central,RS,Rio Grande do Sul,Sul,2553,1752.87,68973.55,27016.67
Vale Dourado,SP,São Paulo,Sudeste,1487,1111.78,26296.53,17684.28
Ribeirão Bonito Maior,PA,Pará,Norte,48978,931.75,689917.12,14086.27
Pinheiro do Sul Maior,SP,São Paulo,Sudeste,7157,1573.72,163761.6,22881.32
Coração Claro do Leste,MA,Maranhão,Nordeste,7882,555.58,75160.31,9535.69
Ipê Horizonte Maior,PE,Pernambuco,Nordeste,12163,1296.2,285660.62,23486.03
Novo Vista do Leste,PR,Paraná,Sul,26982,2548.62,1095352.67,40595.68
Vale União da Mata,MG,Minas Gerais,Sudeste,11952,2233.23,378462.02,31665.16
Ipê da Serra do Leste,SP,São Paulo,Sudeste,25573,1402.55,389224.37,15220.13
Rio Real do Cerrado,SP,São Paulo,Sudeste,8975,1357.33,197155.77,21967.22
Cruz do Norte,BA,Bahia,Nordeste,12707,668.78,115712.55,9106.21
Campo Belo do Cerrado,PI,Piauí,Nordeste,37792,642.52,300959.97,7963.59
Lagoa Verde Colonial,PB,Paraíba,Nordeste,19788,784.38,262986.15,13290.18
Rio Belo Maior,MG,Minas Gerais,Sudeste,19160,1600.93,447484.29,23355.13
Aracê Vitória Maior,MG,Minas Gerais,Sudeste,6451,1627.45,117997.82,18291.4
Vila Claro Paulista,TO,Tocantins,Norte,2708,888.61,45667.09,16863.77
Palmeira Vista Maior,MS,Mato Grosso do Sul,Centro-Oeste,8074,1451.28,150533.14,18644.18
Vale do Norte da Mata,PA,Pará,Norte,10022,966.19,161171.65,16081.79
Alto Dourado Menor,CE,Ceará,Nordeste,1918,1246.72,29264.59,15257.87
Monte Alegre Colonial,PR,Paraná,Sul,9731,1126.95,195817.97,20123.11
Rio do Vale do Oeste,RJ,Rio de Janeiro,Sudeste,65045,1652.5,1792038.76,27550.75
Boa Aurora das Palmeiras,ES,Espírito Santo,Sudeste,21762,1572.47,578846.87,26598.97
Jaboti Verde Menor,PR,Paraná,Sul,21865,2552.95,662482.79,30298.78
São Preto,MG,Minas Gerais,Sudeste,9938,1218.91,185547.83,18670.54
Serra Claro,MS,Mato Grosso do Sul,Centro-Oeste,13547,1808.39,273484.03,20187.79
Lagoa Branco das Palmeiras,SP,São Paulo,Sudeste,11965,1768.65,250788.01,20960.13
São Aurora do Cerrado,MG,Minas Gerais,Sudeste,80698,2208.19,1949839.22,24162.18
São Dourado das Palmeiras,BA,Bahia,Nordeste,38194,1161.14,789629.86,20674.19
Palmeira do Sul do Campo,SC,Santa Catarina,Sul,12025,2105.11,405481.3,33719.86
Vila Real Paulista,PI,Piauí,Nordeste,28781,1184.76,448710.05,15590.5
Boa Alegre Menor,PI,Piauí,Nordeste,85248,1067.49,1109726.49,13017.62
Campo União Menor,SE,Sergipe,Nordeste,14088,696.14,131042.43,9301.71
Jaboti Dourado,PR,Paraná,Sul,8691,1752.76,227036.05,26123.12
Pinheiro Horizonte do Campo,RS,Rio Grande do Sul,Sul,2363,2334.39,93911.07,39742.31
Lagoa Branco Central,SP,São Paulo,Sudeste,3903,1623.73,113450.79,29067.59
Bela Esperança da Mata,SP,São Paulo,Sudeste,38551,2442.14,1274935.9,33071.41
Ipê União Menor,BA,Bahia,Nordeste,14558,1171.25,273343.68,18776.18
Porto do Norte do Leste,BA,Bahia,Nordeste,52249,1223.31,1114126.8,21323.41
Boa Branco,TO,Tocantins,Norte,35461,1111.91,709237.15,20000.48
Ribeirão Formosa do Oeste,SC,Santa Catarina,Sul,13337,2137.99,441291.42,33087.76
Nova Aurora do Leste,CE,Ceará,Nordeste,5871,763.75,61447.16,10466.22
Santa Alegre Colonial,SP,São Paulo,Sudeste,1477,1936.28,44015.64,29800.7
Santo Alegre Maior,BA,Bahia,Nordeste,7438,811.07,68829.29,9253.74
Rio do Sul do Leste,PR,Paraná,Sul,2573,1036.89,34806.72,13527.68
Vale Claro Paulista,PB,Paraíba,Nordeste,1627,1186.83,32629.72,20055.14
Nova Feliz do Leste,RJ,Rio de Janeiro,Sudeste,4376,1462.7,96458.35,22042.58
Coração do Vale Menor,RS,Rio Grande do Sul,Sul,16804,2271.95,528356.02,31442.28
Pinheiro Preto Paulista,MG,Minas Gerais,Sudeste,73560,1154.43,1231699.67,16744.15
Santo da Serra do Cerrado,SP,São Paulo,Sudeste,15307,1585.81,284616.79,18593.9
Cachoeira Feliz do Cerrado,SC,Santa Catarina,Sul,5787,1138.77,93554.01,16166.24
Boa do Vale do Campo,RN,Rio Grande do Norte,Nordeste,1565,926.75,26892.08,17183.44
Ipê da Serra,SP,São Paulo,Sudeste,1987,1632.95,43072.5,21677.15
Serra das Flores Colonial,BA,Bahia,Nordeste,9928,813.15,138411.15,13941.49
Ribeirão Formosa,MG,Minas Gerais,Sudeste,7026,1743.43,225628.06,32113.3
Santa das Flores do Oeste,MT,Mato Grosso,Centro-Oeste,11383,1020.99,184359.44,16196.03
Bela Grande do Campo,PI,Piauí,Nordeste,4831,1141.81,82738.68,17126.62
Bela do Sul,SP,São Paulo,Sudeste,2344,1204.39,40053.58,17087.7
Palmeira da Serra Central,MG,Minas Gerais,Sudeste,25096,2186.0,660260.92,26309.41
Campo dos Campos Maior,TO,Tocantins,Norte,5496,1163.19,113665.15,20681.43
Campo Grande,BA,Bahia,Nordeste,5312,1285.23,111398.9,20971.18
Monte da Serra Menor,RS,Rio Grande do Sul,Sul,17211,1468.09,448447.17,26055.85
Lagoa Alegre Maior,SE,Sergipe,Nordeste,13749,1052.2,200336.25,14570.97
São Horizonte Central,SE,Sergipe,Nordeste,52463,1176.07,1170327.29,22307.67
Cachoeira das Flores Central,MG,Minas Gerais,Sudeste,10013,1534.41,226630.88,22633.66
Palmeira Real da Mata,SP,São Paulo,Sudeste,65729,1782.89,1267579.3,19284.93
Ribeirão Horizonte Maior,MT,Mato Grosso,Centro-Oeste,23114,1637.98,650573.73,28146.31
Campo Bonito,MA,Maranhão,Nordeste,15198,558.66,156730.66,10312.58
Coração do Sul do Campo,SP,São Paulo,Sudeste,14531,1478.53,287229.78,19766.69
Ribeirão Esperança Menor,MA,Maranhão,Nordeste,31084,871.19,482640.14,15526.96
Pinheiro Feliz Paulista,RS,Rio Grande do Sul,Sul,5046,2404.79,193692.72,38385.4
Rio Azul do Leste,RS,Rio Grande do Sul,Sul,13178,1299.19,317984.34,24129.94
Alto Redonda da Mata,BA,Bahia,Nordeste,7573,1296.56,156251.25,20632.68
Bela Aurora das Palmeiras,GO,Goiás,Centro-Oeste,3874,2050.3,108358.42,27970.68
Novo Preto do Leste,RS,Rio Grande do Sul,Sul,14665,1455.04,373887.54,25495.23
Rio União do Cerrado,MG,Minas Gerais,Sudeste,7039,1325.24,135629.92,19268.35
Coração Bonito Paulista,SC,Santa Catarina,Sul,18424,2541.5,577906.63,31367.06
Bela Redonda do Campo,PI,Piauí,Nordeste,8086,920.11,109094.64,13491.79
Coração Alegre do Cerrado,MA,Maranhão,Nordeste,39279,1122.05,513631.9,13076.5
Jaboti Real Menor,PE,Pernambuco,Nordeste,6359,769.84,64166.83,10090.71
Cruz Alegre da Mata,PA,Pará,Norte,14110,1131.69,277139.62,19641.36
Bela Aurora da Mata,BA,Bahia,Nordeste,53043,1287.93,1158188.01,21834.89
Boa Horizonte da Mata,PR,Paraná,Sul,1769,1483.11,33922.01,19175.81
Aracê Formosa da Mata,AM,Amazonas,Norte,24207,1256.87,511050.17,21111.67
Coração Aurora das Palmeiras,SP,São Paulo,Sudeste,7925,1030.73,132121.85,16671.53
Ipê Feliz Colonial,MG,Minas Gerais,Sudeste,3777,2285.02,98411.03,26055.34
Vale do Vale do Campo,MG,Minas Gerais,Sudeste,10470,1530.79,249102.39,23792.01
Monte do Norte Paulista,RJ,Rio de Janeiro,Sudeste,9138,1411.08,168633.88,18454.13
Nova Aurora,SC,Santa Catarina,Sul,26525,1821.51,899365.71,33906.34
Alto Verde do Cerrado,GO,Goiás,Centro-Oeste,30312,1619.49,595197.87,19635.72
Jaboti Vista do Oeste,MT,Mato Grosso,Centro-Oeste,37971,1697.25,1086920.25,28625.01
Barra União Central,BA,Bahia,Nordeste,6621,1108.49,127099.17,19196.37
Campo Aurora de Minas,SC,Santa Catarina,Sul,23754,1303.46,558219.9,23500.04
Rio Alegre Maior,PR,Paraná,Sul,37863,2491.33,1532195.86,40466.84
Lagoa Azul Menor,BA,Bahia,Nordeste,8772,651.65,76467.24,8717.2
Santo das Flores Maior,PB,Paraíba,Nordeste,5033,946.42,65515.08,13017.1
Coração do Sul Central,SC,Santa Catarina,Sul,4891,1107.06,86260.69,17636.62
Cruz Horizonte do Cerrado,CE,Ceará,Nordeste,13403,976.6,242749.4,18111.57
Nova Azul de Minas,RN,Rio Grande do Norte,Nordeste,6570,1026.66,126292.59,19222.62
Vale da Serra do Campo,PB,Paraíba,Nordeste,27854,876.66,447649.14,16071.27
Coração Feliz Maior,MG,Minas Gerais,Sudeste,1046,1527.64,26457.22,25293.71
Ribeirão União do Campo,RS,Rio Grande do Sul,Sul,58739,1334.51,1364868.1,23236.15
Cachoeira Aurora Paulista,TO,Tocantins,Norte,64461,591.76,668362.54,10368.48
Alto Dourado do Leste,MG,Minas Gerais,Sudeste,9304,2275.84,391678.36,42097.85
Serra Real Menor,MA,Maranhão,Nordeste,36097,1207.24,734093.73,20336.7
Santa Redonda Maior,MG,Minas Gerais,Sudeste,8803,2009.93,309049.71,35107.32
Serra Grande do Campo,SP,São Paulo,Sudeste,23032,1015.13,323246.98,14034.69
Pinheiro do Norte do Leste,PR,Paraná,Sul,14776,1318.79,272848.02,18465.62
Serra Novo Central,GO,Goiás,Centro-Oeste,9685,1036.07,157195.37,16230.81
Aracê Aurora Paulista,BA,Bahia,Nordeste,8179,798.31,75947.47,9285.67
Cachoeira Feliz de Minas,BA,Bahia,Nordeste,5357,1267.26,114434.79,21361.73
Nova Redonda Menor,MA,Maranhão,Nordeste,10808,847.76,174494.87,16144.97
Ribeirão da Serra Maior,PR,Paraná,Sul,106402,1226.9,1934079.08,18177.09
Novo Branco de Minas,GO,Goiás,Centro-Oeste,14005,1626.46,320271.38,22868.36
Boa Branco do Campo,MG,Minas Gerais,Sudeste,11953,1321.53,297923.48,24924.58
Monte Feliz da Mata,GO,Goiás,Centro-Oeste,32788,2281.57,1323787.18,40374.14
São do Sul do Campo,MG,Minas Gerais,Sudeste,900,2066.53,34815.95,38684.39
Campo Vitória das Palmeiras,PI,Piauí,Nordeste,20893,1042.6,258916.6,12392.5
Santa Horizonte Paulista,SP,São Paulo,Sudeste,4078,1772.33,115254.59,28262.53
Boa Real,SP,São Paulo,Sudeste,35125,2011.07,1352655.91,38509.78
Palmeira Branco de Minas,SP,São Paulo,Sudeste,43508,1620.61,1081617.82,24860.21
Porto Azul das Palmeiras,PR,Paraná,Sul,24269,1140.47,489543.41,20171.55
Porto da Serra da Mata,MG,Minas Gerais,Sudeste,9291,2042.35,219941.26,23672.51
Santo Bonito do Leste,MA,Maranhão,Nordeste,78684,769.17,1115785.94,14180.6
Cachoeira Aurora da Mata,PA,Pará,Norte,6265,1238.45,108037.71,17244.65
São Belo do Campo,PR,Paraná,Sul,2123,1860.18,73682.87,34706.96
Bela Real do Campo,PB,Paraíba,Nordeste,24511,1282.84,518781.6,21165.26
Santo Preto do Cerrado,PR,Paraná,Sul,6902,2108.82,167675.81,24293.8
Jaboti Aurora Paulista,SP,São Paulo,Sudeste,12598,2161.92,442000.73,35084.99
Alto Horizonte do Campo,MG,Minas Gerais,Sudeste,7178,1612.29,168582.63,23486.02
Coração Dourado do Cerrado,PB,Paraíba,Nordeste,25902,1185.56,345744.94,13348.19
Serra Esperança,SE,Sergipe,Nordeste,33752,1146.21,526531.29,15600.0
Campo Preto da Mata,PR,Paraná,Sul,22615,1926.19,617638.05,27310.99
Vila Belo Paulista,SP,São Paulo,Sudeste,60921,1142.34,989995.37,16250.48
Serra Feliz de Minas,SP,São Paulo,Sudeste,19408,1110.46,346284.58,17842.36
Bela Preto,RJ,Rio de Janeiro,Sudeste,11012,2442.42,421236.72,38252.52
Aracê Branco Menor,MG,Minas Gerais,Sudeste,77383,2018.07,1734530.64,22414.88
Porto Esperança de Minas,RJ,Rio de Janeiro,Sudeste,12927,1796.26,377198.75,29179.14
Bela Alegre do Oeste,ES,Espírito Santo,Sudeste,6247,2346.28,210824.74,33748.16
São dos Campos Paulista,MA,Maranhão,Nordeste,20602,546.0,146033.62,7088.32
Bela Esperança Central,PB,Paraíba,Nordeste,6245,1210.09,138951.16,22249.99
Vale Grande do Cerrado,PI,Piauí,Nordeste,28679,1145.32,520835.31,18160.86
Rio Esperança do Leste,SP,São Paulo,Sudeste,2448,2293.72,82962.9,33890.07
Jaboti Aurora das Palmeiras,MG,Minas Gerais,Sudeste,11734,1757.06,374296.11,31898.42
Cruz Bonita Maior,SP,São Paulo,Sudeste,26367,2070.06,745974.43,28291.97
Bela Bonito da Mata,AP,Amapá,Norte,78540,1231.91,1269598.64,16164.99
Pinheiro Novo Central,TO,Tocantins,Norte,15457,1219.39,266808.77,17261.36
Boa do Norte das Palmeiras,MA,Maranhão,Nordeste,19726,534.28,136085.57,6898.79
Cachoeira Vista,MG,Minas Gerais,Sudeste,4640,1444.99,109030.63,23497.98
Rio Alegre do Leste,RS,Rio Grande do Sul,Sul,2983,1024.3,57399.75,19242.29
Coração dos Campos do Oeste,PR,Paraná,Sul,69373,1911.28,2218948.98,31985.77
Campo Branco Central,MG,Minas Gerais,Sudeste,10451,1424.13,175572.37,16799.58
Serra Vista da Mata,MT,Mato Grosso,Centro-Oeste,34669,1410.98,798297.72,23026.27
Campo Azul,PB,Paraíba,Nordeste,11609,686.48,117934.46,10158.88
Vila dos Campos Menor,SC,Santa Catarina,Sul,8486,1437.08,222822.53,26257.66
Bela Azul do Oeste,MG,Minas Gerais,Sudeste,8922,2169.62,267663.11,30000.35
Nova Verde Central,RN,Rio Grande do Norte,Nordeste,3238,861.48,45154.88,13945.3
Jaboti Feliz do Oeste,PA,Pará,Norte,36727,731.58,455620.98,12405.61
Vale do Norte do Oeste,MA,Maranhão,Nordeste,8134,688.08,83540.51,10270.53
Vila dos Campos da Mata,PR,Paraná,Sul,58013,2102.3,1434571.13,24728.44
Nova da Serra Colonial,BA,Bahia,Nordeste,133041,832.34,1269276.8,9540.49
Lagoa Verde Paulista,MG,Minas Gerais,Sudeste,97408,1011.54,1068266.5,10966.93
Vale Real do Leste,AM,Amazonas,Norte,30214,1020.56,585851.52,19390.07
Campo Claro Paulista,SP,São Paulo,Sudeste,15576,1260.36,275109.39,17662.39
Santa Novo das Palmeiras,SP,São Paulo,Sudeste,10974,1787.04,334131.67,30447.57
Bela Grande do Oeste,SP,São Paulo,Sudeste,780,2073.38,21743.93,27876.83
Pinheiro do Sul de Minas,PE,Pernambuco,Nordeste,15096,903.03,168260.56,11146.04
Aracê Bonito Central,CE,Ceará,Nordeste,3500,736.63,31486.45,8996.13
Rio Redonda Colonial,MG,Minas Gerais,Sudeste,1736,2078.75,65558.63,37764.19
Alto Vista das Palmeiras,MG,Minas Gerais,Sudeste,6071,1388.41,132612.73,21843.64
Monte Azul Maior,SP,São Paulo,Sudeste,175384,2113.48,5989659.28,34151.69
Alto do Sul do Oeste,MG,Minas Gerais,Sudeste,119390,1040.19,1383536.04,11588.37
Barra Alegre do Leste,BA,Bahia,Nordeste,20445,981.47,350708.39,17153.75
Coração Claro Menor,SC,Santa Catarina,Sul,13493,2451.37,457592.54,33913.33
Ribeirão Grande do Cerrado,SC,Santa Catarina,Sul,15192,1419.27,368137.08,24232.3
Alto Real Paulista,MA,Maranhão,Nordeste,19906,575.46,188893.58,9489.28
Porto Dourado,PI,Piauí,Nordeste,2737,1283.85,45282.75,16544.67
Aracê do Sul Colonial,PI,Piauí,Nordeste,5636,1173.65,112889.21,20030.02
Pinheiro dos Campos Maior,PR,Paraná,Sul,6369,1211.96,83903.58,13173.74
Santa Grande do Campo,RS,Rio Grande do Sul,Sul,5556,1078.98,112479.55,20244.7
Campo Belo do Campo,BA,Bahia,Nordeste,1498,1266.2,36186.99,24156.87
Monte Novo do Leste,PE,Pernambuco,Nordeste,30283,1231.85,714441.89,23592.18
Porto Bonita do Campo,GO,Goiás,Centro-Oeste,3138,1294.71,50021.02,15940.41
Aracê Grande Maior,SP,São Paulo,Sudeste,5596,1032.37,78638.78,14052.68
Jaboti da Serra Paulista,PA,Pará,Norte,54374,1215.53,774682.6,14247.3
Vila Redonda de Minas,PR,Paraná,Sul,8391,1263.66,164350.57,19586.53
Jaboti Belo do Campo,BA,Bahia,Nordeste,16603,740.36,219961.97,13248.33
Pinheiro da Serra,MG,Minas Gerais,Sudeste,40911,2237.94,1678386.66,41025.31
Serra das Flores Maior,SC,Santa Catarina,Sul,2967,1031.31,35646.53,12014.33
Serra Esperança do Cerrado,SP,São Paulo,Sudeste,4976,1110.4,72444.05,14558.69
Porto do Sul do Cerrado,MG,Minas Gerais,Sudeste,3537,1852.27,82618.76,23358.43
Cruz dos Campos de Minas,SP,São Paulo,Sudeste,56316,1801.87,1194062.17,21202.89
Santa do Vale do Campo,SC,Santa Catarina,Sul,7827,1057.16,91736.21,11720.48
Nova Verde Maior,RS,Rio Grande do Sul,Sul,4110,1591.54,84281.5,20506.45
Lagoa do Sul da Mata,PR,Paraná,Sul,1142,1524.06,22732.72,19906.06
Vila Horizonte de Minas,PI,Piauí,Nordeste,4710,1099.06,67424.33,14315.14
Coração União da Mata,PB,Paraíba,Nordeste,50306,1209.1,805560.67,16013.21
Vila Claro Colonial,MA,Maranhão,Nordeste,792,784.79,9488.22,11980.08
Bela do Sul Central,MG,Minas Gerais,Sudeste,20280,2398.4,829591.66,40906.89
Nova Belo Menor,MT,Mato Grosso,Centro-Oeste,27083,1382.79,684833.46,25286.47
Cachoeira do Norte Central,SP,São Paulo,Sudeste,49731,2004.29,1113818.04,22396.86
Bela do Sul Colonial,PB,Paraíba,Nordeste,63628,752.45,773459.42,12155.96
Serra União Paulista,SC,Santa Catarina,Sul,4679,1338.22,84231.35,18002.0
Vila Novo Paulista,MG,Minas Gerais,Sudeste,11032,2410.68,429172.5,38902.51
Ribeirão Aurora Maior,PE,Pernambuco,Nordeste,1695,1282.55,33762.11,19918.65
Novo Real do Cerrado,MG,Minas Gerais,Sudeste,47249,1937.12,1018948.71,21565.51
Cachoeira Vista das Palmeiras,RS,Rio Grande do Sul,Sul,26026,1464.14,621235.22,23869.79
Bela Vista Central,GO,Goiás,Centro-Oeste,26072,2313.07,851902.77,32675.01
Lagoa Claro Central,PR,Paraná,Sul,10972,1602.87,249465.4,22736.55
Boa Alegre Paulista,PR,Paraná,Sul,50305,2221.61,1296632.46,25775.42
Campo Belo Paulista,RS,Rio Grande do Sul,Sul,41543,1821.43,1274093.3,30669.27
Monte Bonito Menor,RS,Rio Grande do Sul,Sul,69424,2003.41,2386883.36,34381.24
Aracê Redonda do Campo,MA,Maranhão,Nordeste,780,768.14,10636.32,13636.31
Alto Alegre Colonial,CE,Ceará,Nordeste,12376,597.36,128533.15,10385.68
São Vista do Campo,SP,São Paulo,Sudeste,959,1068.77,13145.62,13707.63
Vila Bonita Paulista,CE,Ceará,Nordeste,28319,1175.45,457753.14,16164.17
Novo Bonito Maior,AM,Amazonas,Norte,3247,1089.48,59617.88,18360.91
Novo Grande,RO,Rondônia,Norte,90442,715.04,981371.32,10850.84
Cruz da Serra Paulista,SP,São Paulo,Sudeste,16877,1211.88,226576.01,13425.14
Santo Esperança Menor,RS,Rio Grande do Sul,Sul,28211,1536.13,726586.77,25755.44
Pinheiro do Sul do Cerrado,SP,São Paulo,Sudeste,27946,1086.71,460143.46,16465.45
Aracê Alegre Maior,MG,Minas Gerais,Sudeste,38373,2132.44,1058926.13,27595.6
Ribeirão Preto da Mata,MG,Minas Gerais,Sudeste,8770,1189.75,190187.02,21686.09
Barra Alegre do Cerrado,AL,Alagoas,Nordeste,27249,1320.17,678552.0,24901.9
Cruz Feliz,SC,Santa Catarina,Sul,1133,1531.66,33269.86,29364.4
Alto Alegre de Minas,ES,Espírito Santo,Sudeste,5161,1008.11,90977.52,17627.89
Ipê Branco,GO,Goiás,Centro-Oeste,53036,1243.1,1025908.35,19343.62
Ipê Aurora Central,MG,Minas Gerais,Sudeste,168315,2029.8,4498151.02,26724.6
Jaboti Vitória do Leste,BA,Bahia,Nordeste,3859,1048.97,65844.22,17062.51
Coração Novo Central,BA,Bahia,Nordeste,3937,730.71,46167.3,11726.52
Ribeirão Bonito Central,BA,Bahia,Nordeste,163923,929.66,2101451.62,12819.75
Novo das Flores Maior,PI,Piauí,Nordeste,15623,893.91,187613.38,12008.79
Palmeira do Sul do Leste,RJ,Rio de Janeiro,Sudeste,74713,2253.93,2678755.25,35853.94
Vila Alegre do Campo,PE,Pernambuco,Nordeste,33503,951.63,573829.17,17127.7
Santo Azul Maior,PR,Paraná,Sul,25785,2282.43,654855.52,25396.76
Ipê Claro Central,MT,Mato Grosso,Centro-Oeste,17813,2037.59,668022.1,37501.94
Ribeirão Verde Paulista,BA,Bahia,Nordeste,3403,775.49,31484.85,9252.09
Aracê do Sul do Leste,MG,Minas Gerais,Sudeste,4815,2143.71,191415.46,39753.99
Lagoa Claro do Oeste,MG,Minas Gerais,Sudeste,5507,2080.56,200749.68,36453.55
São Bonita Menor,SP,São Paulo,Sudeste,34866,1116.13,721070.43,20681.19
Palmeira Vitória Maior,TO,Tocantins,Norte,20857,864.91,283965.41,13614.87
Lagoa Real Maior,SC,Santa Catarina,Sul,5678,1379.74,112260.65,19771.16
Santo Vitória do Campo,SP,São Paulo,Sudeste,212850,1622.77,6373146.11,29941.96
Santo da Serra do Campo,TO,Tocantins,Norte,3300,928.67,44961.03,13624.55
Porto da Serra,MA,Maranhão,Nordeste,69910,954.92,1061084.36,15177.86
Pinheiro Novo de Minas,MG,Minas Gerais,Sudeste,2612,2277.11,87652.49,33557.61
Campo Feliz da Mata,MG,Minas Gerais,Sudeste,8635,1606.47,194990.91,22581.46
Jaboti Grande do Oeste,SC,Santa Catarina,Sul,43978,1956.66,1458289.93,33159.53
Campo do Norte,PR,Paraná,Sul,2381,1687.4,49265.41,20691.06
Santa Bonito das Palmeiras,MG,Minas Gerais,Sudeste,968,2166.24,22940.38,23698.74
Porto Bonita do Leste,PI,Piauí,Nordeste,3197,533.63,23970.55,7497.83
Palmeira Feliz do Cerrado,RS,Rio Grande do Sul,Sul,1738,1939.79,44100.7,25374.4
Jaboti das Flores do Cerrado,MA,Maranhão,Nordeste,21359,729.59,256151.25,11992.66
Serra Verde,CE,Ceará,Nordeste,8950,1108.54,146247.16,16340.46
Novo Formosa do Cerrado,RN,Rio Grande do Norte,Nordeste,6359,1171.6,130869.91,20580.27
Boa Claro do Oeste,PB,Paraíba,Nordeste,25021,921.29,438285.08,17516.69
Campo do Sul Maior,AL,Alagoas,Nordeste,1616,883.3,22733.66,14067.86
Rio do Sul do Oeste,PI,Piauí,Nordeste,11353,998.67,212346.33,18703.98
Boa Feliz do Leste,PB,Paraíba,Nordeste,2581,865.3,30428.9,11789.58
Santo Vitória de Minas,RS,Rio Grande do Sul,Sul,5940,2418.15,172052.59,28965.08
Rio Vitória,BA,Bahia,Nordeste,19863,920.3,209373.97,10540.9
Porto Novo,PB,Paraíba,Nordeste,117623,936.05,1293891.62,11000.33
Alto Horizonte Central,GO,Goiás,Centro-Oeste,86715,1985.78,2675890.83,30858.45
Aracê da Serra do Cerrado,BA,Bahia,Nordeste,16846,912.02,191993.44,11396.97
São Alegre do Leste,SP,São Paulo,Sudeste,80600,1940.13,2179243.74,27037.76
Rio Grande Paulista,SC,Santa Catarina,Sul,31626,2478.29,1221243.17,38615.16
Monte Feliz do Leste,PR,Paraná,Sul,70915,1842.44,1500179.48,21154.61
Ipê Redonda do Oeste,PB,Paraíba,Nordeste,4770,1159.34,95342.66,19987.98
Palmeira Alegre Menor,PB,Paraíba,Nordeste,77975,690.89,681585.3,8741.07
Rio Real,PR,Paraná,Sul,36447,2375.86,1649759.26,45264.61
Santo Feliz do Leste,BA,Bahia,Nordeste,5241,972.13,66232.81,12637.44
Vale do Norte Colonial,MG,Minas Gerais,Sudeste,22465,1187.19,448536.56,19966.02
Cruz Claro do Oeste,MG,Minas Gerais,Sudeste,30821,2272.41,1206280.5,39138.27
Cruz Azul do Cerrado,PA,Pará,Norte,38672,1228.42,543942.89,14065.55
Aracê dos Campos Central,AL,Alagoas,Nordeste,14658,1162.82,203415.23,13877.42
Cachoeira do Sul do Cerrado,SC,Santa Catarina,Sul,110788,2452.51,5036061.04,45456.74
Palmeira do Norte das Palmeiras,PR,Paraná,Sul,15563,2401.21,688252.36,44223.63
Coração Azul Paulista,SC,Santa Catarina,Sul,2427,2420.8,76180.39,31388.71
Barra Bonita,MG,Minas Gerais,Sudeste,35629,1379.83,854039.09,23970.34
Rio dos Campos Central,RS,Rio Grande do Sul,Sul,5569,2282.43,177785.68,31924.17
Vale Esperança Central,PI,Piauí,Nordeste,8992,1076.34,163346.13,18165.72
Ipê Feliz Menor,MG,Minas Gerais,Sudeste,17649,2003.88,577387.77,32715.04
Nova do Sul Paulista,PI,Piauí,Nordeste,74740,1102.29,1158531.36,15500.82
Nova do Norte de Minas,RS,Rio Grande do Sul,Sul,7030,1912.32,170273.63,24221.0
Ribeirão Novo do Leste,SP,São Paulo,Sudeste,7435,1495.0,209087.74,28122.09
Bela Redonda Menor,MA,Maranhão,Nordeste,8355,822.39,93388.0,11177.5
Monte Branco das Palmeiras,MA,Maranhão,Nordeste,1640,1198.75,37729.43,23005.75
Campo Aurora Maior,PB,Paraíba,Nordeste,12937,830.67,144774.45,11190.73
Barra Alegre da Mata,BA,Bahia,Nordeste,8381,707.48,107770.65,12858.92
Boa Formosa,SE,Sergipe,Nordeste,15519,1112.5,293453.34,18909.29
Monte Aurora da Mata,PE,Pernambuco,Nordeste,26129,1316.57,558189.02,21362.82
Monte Aurora Paulista,PA,Pará,Norte,84499,714.83,854599.5,10113.72
Boa Azul do Campo,MT,Mato Grosso,Centro-Oeste,22571,2068.99,512922.14,22724.83
Lagoa Bonito do Campo,MG,Minas Gerais,Sudeste,1980,1159.11,25731.61,12995.76
Novo da Serra,MG,Minas Gerais,Sudeste,8575,1884.77,197043.55,22978.84
Coração Preto Paulista,BA,Bahia,Nordeste,24099,1013.77,304168.16,12621.61
Coração Dourado Colonial,RS,Rio Grande do Sul,Sul,6775,1953.58,161045.62,23770.57
Ipê Horizonte do Campo,PE,Pernambuco,Nordeste,24120,1292.78,393183.99,16301.16
Aracê Preto do Campo,MG,Minas Gerais,Sudeste,4209,1746.74,111442.16,26477.11
Novo do Vale do Leste,CE,Ceará,Nordeste,15927,1124.27,318247.89,19981.66
Barra Real,PI,Piauí,Nordeste,57564,884.21,633314.35,11001.92
Rio do Vale Maior,MG,Minas Gerais,Sudeste,1602,2407.84,50567.87,31565.46
Ribeirão União do Cerrado,MG,Minas Gerais,Sudeste,18018,1683.15,402105.37,22316.87
Rio Belo do Campo,GO,Goiás,Centro-Oeste,11454,1763.6,277734.03,24247.78
Palmeira Formosa do Campo,BA,Bahia,Nordeste,29212,850.96,391940.27,13417.1
Nova Vista das Palmeiras,MG,Minas Gerais,Sudeste,88071,1232.74,1591818.35,18074.26
São Formosa do Leste,MG,Minas Gerais,Sudeste,49899,1101.71,791551.12,15863.07
Bela Verde de Minas,MG,Minas Gerais,Sudeste,2200,2389.6,70830.26,32195.57
Vila Bonito Paulista,RN,Rio Grande do Norte,Nordeste,15394,800.35,199005.03,12927.44
Santa Aurora Paulista,MG,Minas Gerais,Sudeste,34083,1189.7,617270.69,18110.81
Bela do Norte Paulista,SE,Sergipe,Nordeste,5020,813.75,77903.24,15518.57
Novo Novo Colonial,RS,Rio Grande do Sul,Sul,67410,2368.36,2926187.59,43408.81
Porto dos Campos Colonial,PR,Paraná,Sul,18961,1030.79,352589.89,18595.53
Coração Branco do Cerrado,SP,São Paulo,Sudeste,81079,1050.12,1057913.93,13047.94
Santo União do Cerrado,RN,Rio Grande do Norte,Nordeste,7557,855.77,112519.29,14889.41
Pinheiro Bonito de Minas,RJ,Rio de Janeiro,Sudeste,6004,2411.41,267250.15,44512.02
Porto Vista do Oeste,BA,Bahia,Nordeste,3690,564.48,28428.68,7704.25
Barra Preto Paulista,PR,Paraná,Sul,52212,1491.78,1413956.79,27081.07
Ipê Formosa do Campo,MG,Minas Gerais,Sudeste,12308,1417.82,214998.13,17468.16
Aracê Preto Colonial,PR,Paraná,Sul,9818,1570.16,202593.17,20634.87
Serra União da Mata,BA,Bahia,Nordeste,18833,893.62,227466.02,12078.06
Santo dos Campos da Mata,PB,Paraíba,Nordeste,5993,863.35,95469.79,15930.22
Santo Bonito do Cerrado,RJ,Rio de Janeiro,Sudeste,11736,1795.53,318564.15,27144.18
Pinheiro Vitória Maior,SP,São Paulo,Sudeste,9959,2457.95,388501.42,39010.08
São Azul do Cerrado,SP,São Paulo,Sudeste,12927,1859.11,368406.38,28498.99
Monte Grande,BA,Bahia,Nordeste,8070,727.73,95013.95,11773.72
Vale Belo do Oeste,MG,Minas Gerais,Sudeste,34612,1789.17,855009.93,24702.7
Aracê Verde de Minas,MA,Maranhão,Nordeste,5252,1233.57,105868.62,20157.77
Barra Novo Maior,SP,São Paulo,Sudeste,1240,1167.49,19598.67,15805.38
Vale das Flores do Leste,SC,Santa Catarina,Sul,5116,1218.58,82901.75,16204.41
Novo Novo das Palmeiras,PE,Pernambuco,Nordeste,15364,701.37,185832.16,12095.3
Bela Horizonte do Leste,PR,Paraná,Sul,2499,2167.28,59258.29,23712.8
Rio Belo do Leste,SP,São Paulo,Sudeste,3548,1509.96,61494.58,17332.18
Santo Bonita,PR,Paraná,Sul,17470,1123.69,226556.69,12968.33
Ipê Verde Central,RO,Rondônia,Norte,8458,1418.02,193123.99,22833.29
Bela Esperança Menor,MA,Maranhão,Nordeste,17821,1214.45,249145.21,13980.43
Nova dos Campos Colonial,PR,Paraná,Sul,10944,1705.38,323968.15,29602.35
Santa Feliz Menor,RS,Rio Grande do Sul,Sul,5314,2535.72,186034.32,35008.34
Ipê Preto Central,SC,Santa Catarina,Sul,6105,1918.51,170137.86,27868.61
Monte Dourado Paulista,AL,Alagoas,Nordeste,935,963.06,14469.38,15475.27
Campo do Vale do Leste,SP,São Paulo,Sudeste,1835,1014.82,22403.82,12209.17
Bela Formosa das Palmeiras,RS,Rio Grande do Sul,Sul,5743,1481.65,137727.05,23981.73
Porto do Norte Colonial,SP,São Paulo,Sudeste,18879,2171.06,668027.87,35384.71
Coração Horizonte do Leste,SP,São Paulo,Sudeste,13566,2408.45,377899.63,27856.38
Santo dos Campos,SC,Santa Catarina,Sul,34509,2528.61,1409656.11,40848.94
Rio União Maior,AL,Alagoas,Nordeste,15311,854.74,161416.0,10542.49
Ribeirão do Vale Paulista,MA,Maranhão,Nordeste,7283,816.97,70197.85,9638.59
Rio Vista,SP,São Paulo,Sudeste,5664,1684.1,112319.29,19830.38
Novo Esperança de Minas,RN,Rio Grande do Norte,Nordeste,3554,534.66,20802.55,5853.28
Monte do Vale do Campo,PB,Paraíba,Nordeste,116046,1275.1,2633960.24,22697.55
São Bonita Central,SP,São Paulo,Sudeste,12233,1280.75,243280.62,19887.24
Bela Dourado Colonial,RN,Rio Grande do Norte,Nordeste,24442,1244.9,540121.65,22098.1
São do Vale,GO,Goiás,Centro-Oeste,956,1749.63,21301.61,22282.02
Cruz dos Campos do Cerrado,MG,Minas Gerais,Sudeste,11091,2240.29,343335.05,30956.19
Nova Horizonte,RJ,Rio de Janeiro,Sudeste,32781,1323.33,517019.11,15771.91
Santo Real,CE,Ceará,Nordeste,1093,1165.24,23175.9,21203.93
Lagoa Alegre,PR,Paraná,Sul,33875,1101.86,417168.59,12314.94
Ipê dos Campos Menor,MG,Minas Gerais,Sudeste,2894,2005.85,87997.39,30406.84
Alto Vitória do Leste,TO,Tocantins,Norte,47017,852.47,562372.36,11961.04
Novo Dourado do Leste,MG,Minas Gerais,Sudeste,4399,1248.87,61528.16,13986.85
Ipê Horizonte Menor,GO,Goiás,Centro-Oeste,20223,1540.54,413453.8,20444.73
Santa da Serra de Minas,MG,Minas Gerais,Sudeste,20239,1530.19,447790.07,22125.11
Aracê Bonito,MA,Maranhão,Nordeste,4540,923.54,69223.81,15247.54
Cruz do Norte do Campo,PE,Pernambuco,Nordeste,7541,891.8,95183.88,12622.18
São Bonito de Minas,MG,Minas Gerais,Sudeste,5181,1497.99,85257.73,16455.84
Campo Vista Central,SP,São Paulo,Sudeste,41957,1383.45,709345.95,16906.5
Porto da Serra Colonial,SC,Santa Catarina,Sul,20234,1897.51,596576.49,29483.86
Pinheiro Alegre do Oeste,MG,Minas Gerais,Sudeste,18925,1992.86,579664.87,30629.58
Nova Novo Menor,RS,Rio Grande do Sul,Sul,1683,1158.65,32176.08,19118.29
Palmeira Horizonte do Campo,GO,Goiás,Centro-Oeste,1611,931.88,18549.83,11514.48
Serra Vitória do Campo,MG,Minas Gerais,Sudeste,3670,1787.72,115961.52,31597.14
Barra Dourado,MS,Mato Grosso do Sul,Centro-Oeste,15389,2323.61,448230.74,29126.7
Santa Grande do Cerrado,PI,Piauí,Nordeste,23576,633.05,276838.31,11742.38
Vila Formosa da Mata,PR,Paraná,Sul,5785,1274.05,98084.79,16955.02
Serra Branco do Leste,MG,Minas Gerais,Sudeste,64690,1101.4,1011361.74,15633.97
Bela Bonita das Palmeiras,AL,Alagoas,Nordeste,6937,1000.62,131851.51,19006.99
Ipê do Sul do Leste,PA,Pará,Norte,5732,822.65,66523.4,11605.62
Serra do Sul das Palmeiras,MA,Maranhão,Nordeste,5051,1150.74,107124.78,21208.63
Porto do Sul Central,MT,Mato Grosso,Centro-Oeste,16178,1110.8,239607.25,14810.68
Santo Vista Menor,PE,Pernambuco,Nordeste,16462,1043.8,281952.21,17127.46
Aracê Novo do Campo,MG,Minas Gerais,Sudeste,5865,2428.86,174203.99,29702.3
Vale Redonda Colonial,MA,Maranhão,Nordeste,40723,908.94,600940.52,14756.78
Nova Preto Colonial,PI,Piauí,Nordeste,19545,852.58,289355.43,14804.58
Bela das Flores da Mata,SC,Santa Catarina,Sul,6527,1793.59,134286.08,20573.94
Jaboti Novo do Campo,RS,Rio Grande do Sul,Sul,3826,1339.82,58516.27,15294.37
Nova Novo Colonial,BA,Bahia,Nordeste,9132,744.26,89459.56,9796.27
Alto Azul das Palmeiras,PR,Paraná,Sul,3517,1435.29,61606.63,17516.81
Ribeirão Horizonte,MA,Maranhão,Nordeste,3579,779.3,39782.14,11115.43
Vila do Norte Paulista,RJ,Rio de Janeiro,Sudeste,6393,2463.52,200148.95,31307.52
São Horizonte das Palmeiras,BA,Bahia,Nordeste,68771,1235.91,1302394.22,18938.13
Lagoa Alegre do Campo,BA,Bahia,Nordeste,26084,728.63,235229.1,9018.14
Palmeira Preto Colonial,PB,Paraíba,Nordeste,18996,652.65,201378.76,10601.11
Santa Novo do Oeste,RS,Rio Grande do Sul,Sul,52093,2174.08,2016377.54,38707.26
Coração União do Leste,PR,Paraná,Sul,29319,1814.68,943559.6,32182.53
Vale Formosa das Palmeiras,MA,Maranhão,Nordeste,6374,735.28,56916.61,8929.5
Lagoa do Sul do Campo,BA,Bahia,Nordeste,29121,1314.82,585951.6,20121.27
Lagoa dos Campos de Minas,PE,Pernambuco,Nordeste,11859,1094.7,189415.21,15972.28
Campo Horizonte das Palmeiras,PE,Pernambuco,Nordeste,4660,940.45,57479.64,12334.69
Monte Preto Menor,PI,Piauí,Nordeste,112847,1202.84,1811656.53,16054.1
Nova Vista,SP,São Paulo,Sudeste,18475,1893.27,643641.08,34838.49
Campo Alegre da Mata,MG,Minas Gerais,Sudeste,13534,2131.15,503611.36,37210.83
Santo Preto do Leste,PE,Pernambuco,Nordeste,25159,582.79,240508.98,9559.56
Santo Claro do Campo,SC,Santa Catarina,Sul,14539,2235.36,414144.32,28485.06
Vila Esperança Colonial,MG,Minas Gerais,Sudeste,3369,2456.77,98705.96,29298.3
São Esperança das Palmeiras,PA,Pará,Norte,9546,1390.98,210601.41,22061.74
Campo Feliz Colonial,RS,Rio Grande do Sul,Sul,9699,1412.96,215978.21,22268.09
Cruz Claro do Leste,BA,Bahia,Nordeste,17304,646.24,145750.68,8422.95
Campo Vitória do Cerrado,RJ,Rio de Janeiro,Sudeste,35486,1502.47,621447.58,17512.47
Cruz Preto da Mata,MA,Maranhão,Nordeste,5386,1250.84,115897.6,21518.31
Rio União de Minas,PI,Piauí,Nordeste,33479,835.52,532296.12,15899.4
Novo do Sul das Palmeiras,PR,Paraná,Sul,9729,1535.07,216689.0,22272.48
Serra das Flores das Palmeiras,MS,Mato Grosso do Sul,Centro-Oeste,43563,2273.34,1433522.35,32906.88
Serra União Maior,RS,Rio Grande do Sul,Sul,8772,1813.76,281345.3,32073.11
Nova do Vale,BA,Bahia,Nordeste,8278,799.98,82645.08,9983.7
Boa Branco da Mata,SP,São Paulo,Sudeste,5992,1219.68,133060.21,22206.31
Serra Azul das Palmeiras,RS,Rio Grande do Sul,Sul,22270,2044.52,681435.77,30598.82
Vila Dourado do Cerrado,PE,Pernambuco,Nordeste,14062,914.89,180812.9,12858.26
Rio Aurora do Oeste,RS,Rio Grande do Sul,Sul,7550,1246.34,106299.35,14079.38
Monte do Vale Menor,PB,Paraíba,Nordeste,152060,538.88,1002673.6,6593.93
Monte Belo do Cerrado,PA,Pará,Norte,187304,729.64,1524030.42,8136.67
Novo Vitória de Minas,PR,Paraná,Sul,873,2184.49,23197.64,26572.33
Nova do Norte Central,MA,Maranhão,Nordeste,10739,545.79,97521.59,9081.07
Bela do Norte Maior,MS,Mato Grosso do Sul,Centro-Oeste,43534,1760.91,836770.04,19221.07
Monte Aurora do Cerrado,MT,Mato Grosso,Centro-Oeste,66723,1080.64,870744.61,13050.14
Porto Belo do Cerrado,MG,Minas Gerais,Sudeste,54953,1720.39,1511784.21,27510.49
Cruz Bonito do Oeste,PB,Paraíba,Nordeste,2653,782.64,25225.97,9508.47
Lagoa Bonito,SC,Santa Catarina,Sul,14022,1135.73,183704.48,13101.16
Nova Vitória Paulista,RS,Rio Grande do Sul,Sul,24958,1055.58,380144.64,15231.37
Rio Real Maior,RS,Rio Grande do Sul,Sul,14270,1148.45,207178.09,14518.44
Campo Formosa do Cerrado,PE,Pernambuco,Nordeste,26541,719.58,366402.42,13805.15
Nova Bonita do Campo,GO,Goiás,Centro-Oeste,20181,2226.57,760088.47,37663.57
Barra Redonda de Minas,SP,São Paulo,Sudeste,53338,2436.89,2345319.3,43970.89
Aracê do Sul do Campo,RS,Rio Grande do Sul,Sul,5517,1909.82,149885.92,27168.01
Pinheiro Formosa do Cerrado,AP,Amapá,Norte,1200,1230.89,21153.76,17628.13
Rio Preto Menor,GO,Goiás,Centro-Oeste,2042,2153.51,59254.77,29018.01
Vila do Norte Colonial,BA,Bahia,Nordeste,14564,582.8,158271.31,10867.3
Porto Feliz Colonial,MG,Minas Gerais,Sudeste,3915,1172.77,61138.75,15616.54
Novo Bonito do Campo,SC,Santa Catarina,Sul,5877,1961.37,210728.8,35856.53
Rio Novo Central,MS,Mato Grosso do Sul,Centro-Oeste,65554,1417.0,1468514.6,22401.6
Santo das Flores Paulista,PR,Paraná,Sul,26346,1201.76,376159.43,14277.67
Santa do Vale,MG,Minas Gerais,Sudeste,5839,1453.44,129498.4,22178.18
Coração Alegre Menor,RS,Rio Grande do Sul,Sul,55073,1271.02,1314384.17,23866.22
Pinheiro das Flores de Minas,PR,Paraná,Sul,9968,1054.64,116431.04,11680.48
Barra do Norte do Campo,PB,Paraíba,Nordeste,19736,1186.27,266824.13,13519.67
Santo Branco,SP,São Paulo,Sudeste,18542,1619.28,537700.81,28999.07
Porto Verde do Leste,MS,Mato Grosso do Sul,Centro-Oeste,8388,1929.91,280469.93,33437.04
Vila Vista Menor,GO,Goiás,Centro-Oeste,14356,1466.56,353085.85,24595.0
Jaboti Esperança Colonial,PB,Paraíba,Nordeste,39909,615.02,361462.03,9057.16
Jaboti Bonita do Campo,PR,Paraná,Sul,39570,1538.1,1071176.68,27070.42
Ribeirão Vista,MG,Minas Gerais,Sudeste,16794,2273.66,534752.1,31841.85
Vila Redonda do Leste,BA,Bahia,Nordeste,37197,965.72,654175.0,17586.77
Alto Vitória Central,MG,Minas Gerais,Sudeste,2269,1065.9,27955.03,12320.42
Coração Redonda de Minas,MT,Mato Grosso,Centro-Oeste,79801,964.45,1369965.4,17167.27
Jaboti Aurora,BA,Bahia,Nordeste,1125,1011.66,16550.57,14711.62
Porto Dourado Paulista,CE,Ceará,Nordeste,41272,654.26,325225.55,7880.05
Cruz Formosa do Leste,PA,Pará,Norte,19866,641.18,230516.3,11603.56
Cachoeira Vitória Menor,AC,Acre,Norte,6570,1394.31,153111.48,23304.64
Monte Novo da Mata,MG,Minas Gerais,Sudeste,18499,2111.23,506919.01,27402.51
Pinheiro Claro do Cerrado,SC,Santa Catarina,Sul,21678,2386.35,914599.11,42190.2
Rio Bonita,BA,Bahia,Nordeste,8378,903.26,100445.56,11989.21
Vale Aurora do Oeste,PI,Piauí,Nordeste,19502,1242.99,342782.99,17576.81
Barra do Vale Paulista,SC,Santa Catarina,Sul,11756,1786.71,280845.33,23889.53
Cachoeira Claro do Cerrado,PI,Piauí,Nordeste,20363,809.59,291318.27,14306.25
Palmeira Redonda Maior,CE,Ceará,Nordeste,38114,907.27,565680.91,14841.81
Porto do Norte de Minas,MG,Minas Gerais,Sudeste,6730,2245.51,235706.84,35023.3
Lagoa dos Campos Colonial,GO,Goiás,Centro-Oeste,19323,1597.45,486448.35,25174.58
Pinheiro Vitória,CE,Ceará,Nordeste,57451,595.52,563198.13,9803.1
Jaboti Vista do Leste,GO,Goiás,Centro-Oeste,8470,1136.54,108447.43,12803.71
Palmeira Redonda do Oeste,RS,Rio Grande do Sul,Sul,41746,2509.59,1605469.69,38458.05
Vila Branco,MA,Maranhão,Nordeste,8308,1218.45,161790.61,19474.07
Nova Dourado do Oeste,SP,São Paulo,Sudeste,7623,1782.45,177953.11,23344.24
São do Norte Colonial,RN,Rio Grande do Norte,Nordeste,22827,1093.78,395531.77,17327.37
Cachoeira União do Cerrado,PI,Piauí,Nordeste,53494,1324.53,1178509.07,22030.68
Monte Bonita Maior,PR,Paraná,Sul,25372,1267.55,382357.98,15070.08
Aracê Preto,RS,Rio Grande do Sul,Sul,12274,1406.98,318903.24,25982.01
São Verde da Mata,ES,Espírito Santo,Sudeste,7011,2444.09,324764.26,46322.1
Ribeirão Esperança Central,MG,Minas Gerais,Sudeste,1802,1947.48,47160.51,26171.2
Cachoeira Dourado Menor,PI,Piauí,Nordeste,27686,663.0,288526.11,10421.37
Jaboti Vitória da Mata,GO,Goiás,Centro-Oeste,22280,1179.36,394762.21,17718.23
São Vitória Paulista,MG,Minas Gerais,Sudeste,1774,1292.9,35213.29,19849.66
Santo Horizonte,SP,São Paulo,Sudeste,17896,1900.62,572704.09,32001.79
Santo Esperança do Leste,SC,Santa Catarina,Sul,6456,2481.86,215668.12,33405.84
Palmeira Dourado Maior,GO,Goiás,Centro-Oeste,22317,1326.49,566803.46,25397.83
Cachoeira Real do Leste,MS,Mato Grosso do Sul,Centro-Oeste,1117,1861.69,32350.63,28962.07
Lagoa Horizonte Menor,MG,Minas Gerais,Sudeste,13382,1754.08,444342.58,33204.5
Boa Esperança do Cerrado,PR,Paraná,Sul,11289,2352.71,305394.59,27052.4
Campo Formosa da Mata,PB,Paraíba,Nordeste,19175,599.29,131061.05,6835.0
Lagoa Belo do Oeste,SP,São Paulo,Sudeste,780,1016.23,12817.43,16432.6
Lagoa Bonita da Mata,RJ,Rio de Janeiro,Sudeste,20713,1967.46,600085.14,28971.43
Coração Branco Paulista,PE,Pernambuco,Nordeste,41778,794.34,587476.82,14061.87
Vale Bonito Maior,PI,Piauí,Nordeste,4232,784.59,59193.57,13987.14
Santo dos Campos Colonial,RS,Rio Grande do Sul,Sul,12174,1845.5,365191.44,29997.65
Ribeirão Branco Menor,RS,Rio Grande do Sul,Sul,1574,1085.79,28287.44,17971.69
Cachoeira Claro Paulista,MA,Maranhão,Nordeste,4923,1260.96,82540.99,16766.4
Serra do Norte,CE,Ceará,Nordeste,5191,1030.81,76359.98,14710.07
Lagoa do Norte de Minas,MG,Minas Gerais,Sudeste,105699,2065.0,3559067.12,33671.72
Jaboti Vitória do Campo,SE,Sergipe,Nordeste,31309,1011.96,408052.84,13033.08
Monte Alegre do Oeste,SP,São Paulo,Sudeste,10073,1420.31,252931.99,25109.9
Lagoa das Flores do Campo,TO,Tocantins,Norte,7815,857.94,83931.24,10739.76
Santo Vitória Colonial,MA,Maranhão,Nordeste,12352,1173.45,271159.33,21952.67
Monte Feliz do Cerrado,MG,Minas Gerais,Sudeste,4772,1802.64,97028.91,20332.97
Bela Alegre do Leste,RS,Rio Grande do Sul,Sul,32086,2236.65,1141617.56,35579.93
Lagoa do Norte,SC,Santa Catarina,Sul,1913,1541.35,55961.49,29253.26
Nova Claro de Minas,SP,São Paulo,Sudeste,25196,1380.96,485474.46,19267.92
Cachoeira das Flores,PB,Paraíba,Nordeste,4263,1177.43,77451.27,18168.25
Cachoeira dos Campos Central,BA,Bahia,Nordeste,2762,610.99,24336.51,8811.19
Cruz Redonda Menor,CE,Ceará,Nordeste,7948,780.53,77109.06,9701.69
Jaboti Vitória,SP,São Paulo,Sudeste,19712,1282.35,329707.65,16726.24
Cachoeira Azul Maior,AP,Amapá,Norte,38611,1200.48,878000.05,22739.64
Lagoa Belo Maior,RS,Rio Grande do Sul,Sul,10552,1784.02,213742.12,20256.08
Novo Verde Colonial,GO,Goiás,Centro-Oeste,54496,2051.46,1625231.27,29822.95
Boa Bonito Paulista,TO,Tocantins,Norte,22472,998.56,269260.0,11982.02
Vila Dourado,MT,Mato Grosso,Centro-Oeste,47460,2198.49,1807839.79,38091.86
Pinheiro Bonito Maior,RS,Rio Grande do Sul,Sul,11807,2189.15,391796.24,33183.39
Serra Formosa Paulista,MS,Mato Grosso do Sul,Centro-Oeste,16183,1453.53,262982.1,16250.52
Nova Formosa da Mata,MG,Minas Gerais,Sudeste,75014,1042.67,1318679.81,17579.12
Coração dos Campos Colonial,MG,Minas Gerais,Sudeste,6585,2140.23,179878.55,27316.41
Rio do Norte Central,AL,Alagoas,Nordeste,23719,916.29,313934.95,13235.59
Monte Verde,MA,Maranhão,Nordeste,13424,1306.15,326144.22,24295.61
Boa Claro Colonial,RS,Rio Grande do Sul,Sul,6582,1813.88,142912.46,21712.62
Boa União,BA,Bahia,Nordeste,39319,813.44,605494.03,15399.53
Alto Claro Central,PA,Pará,Norte,5615,759.38,47263.43,8417.35
Jaboti do Sul,AL,Alagoas,Nordeste,27233,593.32,190279.27,6987.08
Porto do Sul do Campo,ES,Espírito Santo,Sudeste,3979,1561.97,73397.27,18446.16
Alto Bonita,MG,Minas Gerais,Sudeste,6858,1623.96,165748.38,24168.62
Ipê Dourado das Palmeiras,MG,Minas Gerais,Sudeste,18544,2047.06,628484.54,33891.53
Monte Redonda,BA,Bahia,Nordeste,6733,632.38,77370.84,11491.29
Pinheiro do Norte da Mata,CE,Ceará,Nordeste,28454,1003.43,382212.86,13432.66
Barra Belo da Mata,CE,Ceará,Nordeste,26715,1131.88,573603.17,21471.2
Novo da Serra Central,RN,Rio Grande do Norte,Nordeste,63953,669.79,668956.06,10460.12
Ipê dos Campos Maior,MS,Mato Grosso do Sul,Centro-Oeste,32476,1019.49,514103.44,15830.26
Cruz Branco do Oeste,MS,Mato Grosso do Sul,Centro-Oeste,10127,1123.91,173114.61,17094.36
Bela Novo do Cerrado,SP,São Paulo,Sudeste,7101,2156.77,239010.06,33658.65
Cruz Claro Central,SC,Santa Catarina,Sul,29216,1515.37,662834.64,22687.38
Cruz Claro,SP,São Paulo,Sudeste,43836,2373.88,1678967.59,38301.11
Vila União das Palmeiras,PI,Piauí,Nordeste,7089,871.19,84373.57,11902.04
Aracê do Norte de Minas,RJ,Rio de Janeiro,Sudeste,5340,2284.85,148036.66,27722.22
Santo Branco da Mata,MG,Minas Gerais,Sudeste,2903,1367.71,70227.96,24191.51
Boa da Serra do Oeste,BA,Bahia,Nordeste,3536,785.15,48758.95,13789.3
Boa Esperança Colonial,PR,Paraná,Sul,23467,1901.26,839103.46,35756.74
Alto Alegre Paulista,MG,Minas Gerais,Sudeste,6417,2444.07,192476.45,29994.77
Jaboti Claro do Leste,MG,Minas Gerais,Sudeste,9053,2049.26,243042.25,26846.6
Serra das Flores,MG,Minas Gerais,Sudeste,21261,1074.85,413410.44,19444.54
Ipê Preto,MG,Minas Gerais,Sudeste,24008,1372.25,617552.16,25722.77
Porto Bonita da Mata,PR,Paraná,Sul,15583,1502.48,281709.8,18078.02
Vila Horizonte do Oeste,SP,São Paulo,Sudeste,6545,1911.33,218737.4,33420.53
Boa Azul Colonial,SP,São Paulo,Sudeste,21020,1358.61,339496.93,16151.14
Cachoeira União Central,MT,Mato Grosso,Centro-Oeste,38965,1687.4,1198180.93,30750.18
Cachoeira Esperança do Oeste,PI,Piauí,Nordeste,34648,1272.47,609327.0,17586.21
Ipê Claro de Minas,PE,Pernambuco,Nordeste,24103,1240.19,395962.31,16427.93
Santo Preto Menor,BA,Bahia,Nordeste,35276,1265.34,581360.48,16480.34
Monte Azul Central,BA,Bahia,Nordeste,25452,627.47,202598.43,7960.02
Campo Bonita de Minas,CE,Ceará,Nordeste,201990,699.17,1732131.53,8575.33
Lagoa União do Campo,MA,Maranhão,Nordeste,68575,1215.16,1394190.82,20330.89
São Formosa do Cerrado,SP,São Paulo,Sudeste,3577,1755.27,87210.27,24380.84
Serra do Sul Paulista,MT,Mato Grosso,Centro-Oeste,6419,1707.66,131836.12,20538.42
Monte União de Minas,MG,Minas Gerais,Sudeste,38807,1904.41,1061761.52,27360.05
Jaboti Grande Menor,SP,São Paulo,Sudeste,42906,2368.84,1932494.08,45040.18
Coração do Sul Paulista,PI,Piauí,Nordeste,32353,1297.04,502382.37,15528.15
Nova Bonito do Campo,PR,Paraná,Sul,14714,1378.26,336115.36,22843.24
Alto Belo das Palmeiras,MG,Minas Gerais,Sudeste,28150,1887.78,745149.93,26470.69
Palmeira Vitória das Palmeiras,PI,Piauí,Nordeste,142251,596.2,1454675.41,10226.12
Aracê Vitória Colonial,CE,Ceará,Nordeste,3771,700.78,33357.25,8845.73
Pinheiro Formosa do Campo,TO,Tocantins,Norte,46955,775.28,532084.4,11331.79
Coração Feliz de Minas,PI,Piauí,Nordeste,9021,1182.88,188108.19,20852.25
Ipê Real das Palmeiras,RS,Rio Grande do Sul,Sul,17759,1724.84,530377.78,29865.3
Novo do Norte do Campo,MA,Maranhão,Nordeste,25795,1303.23,431568.45,16730.7
Cruz Formosa do Cerrado,SP,São Paulo,Sudeste,1641,1539.95,40011.11,24382.15
Boa Verde do Oeste,AL,Alagoas,Nordeste,21813,895.78,307364.23,14090.87
Vila Feliz do Leste,PA,Pará,Norte,24168,1142.19,388113.53,16058.98
São das Flores Maior,SP,São Paulo,Sudeste,46442,2403.47,1742912.81,37528.81
Ribeirão Verde Maior,BA,Bahia,Nordeste,77973,588.14,518774.83,6653.26
Barra Feliz do Leste,PB,Paraíba,Nordeste,28514,617.6,258528.74,9066.73
Vila Bonito das Palmeiras,PA,Pará,Norte,7865,955.47,126989.43,16146.14
Nova Alegre Maior,PR,Paraná,Sul,1183,1616.51,24085.26,20359.48
Pinheiro Verde do Oeste,RN,Rio Grande do Norte,Nordeste,110274,588.33,940030.83,8524.5
Serra Preto da Mata,TO,Tocantins,Norte,13576,872.81,139256.74,10257.57
Ribeirão Bonita do Leste,MG,Minas Gerais,Sudeste,42994,1947.76,1252880.35,29140.82
Campo das Flores do Campo,PR,Paraná,Sul,14453,2436.77,524269.04,36274.06
Serra do Norte de Minas,RS,Rio Grande do Sul,Sul,12067,1023.32,233475.6,19348.27
Boa Formosa do Oeste,BA,Bahia,Nordeste,45145,1233.68,622342.86,13785.42
Lagoa Azul de Minas,RN,Rio Grande do Norte,Nordeste,6826,1044.78,136270.93,19963.51
Cruz União,AM,Amazonas,Norte,80907,773.59,1000157.78,12361.82
Pinheiro Horizonte da Mata,PI,Piauí,Nordeste,30772,885.5,385140.01,12515.92
Monte Bonito de Minas,PB,Paraíba,Nordeste,4501,843.41,56364.4,12522.64
Monte Bonito da Mata,BA,Bahia,Nordeste,7366,697.12,65450.86,8885.54
Cachoeira da Serra Paulista,MG,Minas Gerais,Sudeste,12116,2036.48,336159.25,27745.07
Palmeira Alegre do Leste,MA,Maranhão,Nordeste,5922,1310.92,143402.94,24215.29
Aracê Verde do Leste,RS,Rio Grande do Sul,Sul,11545,1571.81,291115.81,25215.75
Boa Formosa Colonial,AL,Alagoas,Nordeste,5044,1097.73,99878.58,19801.46
Campo Preto do Oeste,PB,Paraíba,Nordeste,15789,785.11,226295.28,14332.46
Campo do Norte da Mata,SE,Sergipe,Nordeste,22166,994.84,394974.23,17818.92
Palmeira Grande do Leste,MG,Minas Gerais,Sudeste,19847,2163.67,610047.93,30737.54
Lagoa Real das Palmeiras,RS,Rio Grande do Sul,Sul,11281,1513.67,201876.7,17895.28
Aracê Redonda da Mata,MG,Minas Gerais,Sudeste,6180,1387.19,99985.22,16178.84
Santa Feliz do Leste,SP,São Paulo,Sudeste,61547,1060.14,1130690.76,18371.18
Porto Claro do Campo,SP,São Paulo,Sudeste,13383,1632.11,300599.77,22461.31
Jaboti Aurora Central,SE,Sergipe,Nordeste,17633,1215.31,299582.42,16989.87
Barra Formosa Menor,MG,Minas Gerais,Sudeste,7886,1423.88,211576.01,26829.32
Campo Bonita Central,SP,São Paulo,Sudeste,26594,1145.78,517542.92,19460.89
Vila Preto de Minas,PB,Paraíba,Nordeste,15076,888.6,152489.14,10114.69
Santo Verde Central,MA,Maranhão,Nordeste,1928,1123.0,33008.92,17120.81
Barra Esperança,RS,Rio Grande do Sul,Sul,4578,1524.66,76227.29,16650.78
Campo Dourado Menor,SC,Santa Catarina,Sul,12171,2550.78,357259.22,29353.32
Serra Redonda do Cerrado,PE,Pernambuco,Nordeste,30376,1206.24,642078.46,21137.69
Jaboti das Flores Menor,PR,Paraná,Sul,7723,1281.4,123581.27,16001.72
Novo União do Campo,PA,Pará,Norte,5472,811.74,77447.84,14153.48
Monte Bonito das Palmeiras,MG,Minas Gerais,Sudeste,10635,996.72,143350.38,13479.11
Monte Horizonte Central,MG,Minas Gerais,Sudeste,9660,1645.19,254338.77,26329.07
Ribeirão do Norte Maior,BA,Bahia,Nordeste,110812,819.98,1492287.33,13466.84
Porto Vitória do Leste,SC,Santa Catarina,Sul,23104,1256.8,429000.88,18568.25
Bela Dourado do Leste,MA,Maranhão,Nordeste,5993,1027.95,69835.82,11652.9
Boa Formosa Menor,CE,Ceará,Nordeste,4206,1190.2,74384.83,17685.41
Jaboti do Vale da Mata,BA,Bahia,Nordeste,33518,1318.69,787324.77,23489.61
Cruz Novo das Palmeiras,SE,Sergipe,Nordeste,1856,1006.61,21755.24,11721.57
Monte Aurora das Palmeiras,BA,Bahia,Nordeste,32601,829.75,373234.92,11448.57
Vila Feliz da Mata,CE,Ceará,Nordeste,18521,1044.95,286595.87,15474.1
São Real do Campo,RS,Rio Grande do Sul,Sul,15973,1766.58,448373.1,28070.69
Pinheiro Esperança da Mata,MA,Maranhão,Nordeste,32258,874.38,483672.67,14993.88
Monte dos Campos Menor,MA,Maranhão,Nordeste,13531,684.34,176991.07,13080.41
Novo do Norte do Oeste,SC,Santa Catarina,Sul,11340,1354.16,261518.9,23061.63
Santa Alegre Maior,SP,São Paulo,Sudeste,2888,1452.99,59264.87,20521.08
Monte da Serra Paulista,AM,Amazonas,Norte,35510,759.89,422114.52,11887.2
Coração Dourado do Campo,SP,São Paulo,Sudeste,7768,1261.89,183848.52,23667.42
Santo União Colonial,TO,Tocantins,Norte,12734,760.31,179706.29,14112.32
Pinheiro Horizonte do Cerrado,RJ,Rio de Janeiro,Sudeste,2640,1714.9,61186.73,23176.79
Bela Formosa Paulista,RS,Rio Grande do Sul,Sul,13604,1495.96,360716.71,26515.49
Vila Vista Colonial,MG,Minas Gerais,Sudeste,32162,1741.27,926807.96,28816.86
Bela União Maior,MG,Minas Gerais,Sudeste,43537,1622.8,1038519.47,23853.72
Lagoa Alegre Colonial,PI,Piauí,Nordeste,799,1311.32,19402.7,24283.73
Aracê Horizonte do Cerrado,PE,Pernambuco,Nordeste,36717,650.55,402894.85,10972.98
Nova Aurora Menor,RS,Rio Grande do Sul,Sul,15232,1120.12,317255.48,20828.22
Porto Bonito Maior,RS,Rio Grande do Sul,Sul,28302,1576.33,638501.03,22560.28
Cachoeira Bonito de Minas,PE,Pernambuco,Nordeste,61839,1131.71,1006639.83,16278.4
Rio Bonito da Mata,CE,Ceará,Nordeste,21466,1004.47,376142.93,17522.73
Ribeirão Bonito,MG,Minas Gerais,Sudeste,2586,1554.1,56580.9,21879.7
Ribeirão Grande das Palmeiras,PB,Paraíba,Nordeste,12700,1175.37,278041.49,21893.03
Coração Alegre de Minas,MG,Minas Gerais,Sudeste,14606,2273.24,621855.21,42575.33
Lagoa Branco do Cerrado,TO,Tocantins,Norte,13130,871.52,150948.35,11496.45
Serra Redonda Menor,SP,São Paulo,Sudeste,20711,1538.47,507414.95,24499.78
Santa do Norte do Campo,SP,São Paulo,Sudeste,14361,2455.52,657712.64,45798.53
Rio dos Campos do Cerrado,RN,Rio Grande do Norte,Nordeste,25566,1211.58,397392.18,15543.78
Monte Branco do Leste,PE,Pernambuco,Nordeste,6486,1041.91,101170.1,15598.23
Vila União Paulista,RN,Rio Grande do Norte,Nordeste,36634,675.94,330438.87,9020.01
Jaboti do Sul Maior,PR,Paraná,Sul,2923,2224.14,89745.78,30703.31
Serra do Sul Maior,SP,São Paulo,Sudeste,155262,1975.73,3793946.52,24435.77
Bela Preto Maior,PB,Paraíba,Nordeste,2984,907.2,29374.65,9844.05
Nova Aurora das Palmeiras,PE,Pernambuco,Nordeste,70137,1013.51,970757.11,13840.87
Rio Vitória Colonial,SP,São Paulo,Sudeste,25680,1632.21,566459.49,22058.39
Cruz dos Campos,PE,Pernambuco,Nordeste,4581,647.71,52855.18,11537.91
Monte Esperança Paulista,PI,Piauí,Nordeste,7967,1171.34,173569.83,21786.1
Bela Feliz Colonial,RS,Rio Grande do Sul,Sul,4356,1055.22,86380.42,19830.22
Ribeirão da Serra,SP,São Paulo,Sudeste,30773,1468.42,674606.29,21922.02
Vale Real Maior,MG,Minas Gerais,Sudeste,4019,996.56,44602.98,11098.03
Nova União,SP,São Paulo,Sudeste,20243,2365.36,576085.9,28458.52
Bela Bonita Paulista,TO,Tocantins,Norte,68158,596.51,606669.95,8900.94
Serra dos Campos de Minas,PI,Piauí,Nordeste,24128,823.05,274516.21,11377.5
Jaboti dos Campos Colonial,PE,Pernambuco,Nordeste,11261,1248.06,256025.42,22735.58
Santo Esperança Maior,SP,São Paulo,Sudeste,20272,1781.04,492122.29,24275.96
Nova Redonda do Campo,SC,Santa Catarina,Sul,6562,1072.43,131134.84,19983.97
Santa Claro de Minas,MG,Minas Gerais,Sudeste,25237,1143.77,465316.66,18437.88
Coração Aurora Colonial,BA,Bahia,Nordeste,26275,1105.07,501019.52,19068.3
Rio Horizonte,RS,Rio Grande do Sul,Sul,15563,1988.42,465368.32,29902.22
Cachoeira do Sul do Campo,MG,Minas Gerais,Sudeste,11910,1045.98,226635.04,19028.97
Pinheiro Vista Paulista,PR,Paraná,Sul,20428,1401.22,409710.68,20056.33
Boa Vitória Menor,RS,Rio Grande do Sul,Sul,9104,2147.76,340694.26,37422.48
Alto do Sul do Cerrado,MT,Mato Grosso,Centro-Oeste,7328,1444.43,180439.92,24623.35
Alto das Flores do Oeste,ES,Espírito Santo,Sudeste,10331,1696.13,295638.8,28616.67
Vale Alegre Central,BA,Bahia,Nordeste,2085,707.31,25624.74,12290.04
Lagoa Feliz Central,MG,Minas Gerais,Sudeste,43329,1695.55,1066177.98,24606.57
Coração da Serra Central,PR,Paraná,Sul,25415,1653.8,592767.86,23323.54
Coração do Sul Colonial,GO,Goiás,Centro-Oeste,9733,1708.12,240501.96,24709.95
Porto Bonito do Cerrado,SP,São Paulo,Sudeste,7910,1098.72,134682.38,17026.85
Pinheiro Bonito das Palmeiras,SP,São Paulo,Sudeste,58308,1603.53,1317519.94,22595.87
São Aurora de Minas,BA,Bahia,Nordeste,163378,1241.57,3266234.76,19991.89
Coração Verde Maior,RN,Rio Grande do Norte,Nordeste,38342,679.25,422824.35,11027.71
Vila Bonito do Campo,TO,Tocantins,Norte,24073,1059.64,326676.92,13570.26
Santo Dourado da Mata,MS,Mato Grosso do Sul,Centro-Oeste,104589,2137.76,3105578.42,29693.16
Boa Preto do Oeste,PE,Pernambuco,Nordeste,8140,933.92,97578.61,11987.54
Bela Formosa do Campo,RR,Roraima,Norte,19791,1129.1,290162.03,14661.31
Campo Formosa de Minas,GO,Goiás,Centro-Oeste,15435,1273.24,261323.07,16930.55
Campo Novo Central,SP,São Paulo,Sudeste,3145,2224.37,99787.66,31728.99
Serra Bonito Maior,RJ,Rio de Janeiro,Sudeste,4820,2473.15,153231.92,31790.85
Aracê da Serra Central,MG,Minas Gerais,Sudeste,10951,1297.27,224812.28,20528.93
Vila Azul Maior,MT,Mato Grosso,Centro-Oeste,8024,1539.36,199082.7,24810.9
Ipê Vitória do Oeste,SP,São Paulo,Sudeste,63506,2055.92,2029371.26,31955.58
Pinheiro Bonito da Mata,SP,São Paulo,Sudeste,79111,1570.96,2328805.58,29437.19
Cachoeira do Norte,MG,Minas Gerais,Sudeste,2821,1657.39,71760.09,25437.82
Novo Belo das Palmeiras,MG,Minas Gerais,Sudeste,26728,1824.19,567093.08,21217.19
Palmeira Redonda de Minas,MG,Minas Gerais,Sudeste,10289,1271.84,230305.72,22383.68
Boa Belo Menor,SP,São Paulo,Sudeste,135439,1295.71,1921970.61,14190.67
Barra da Serra do Oeste,PR,Paraná,Sul,15510,2529.47,600329.36,38705.95
Alto União das Palmeiras,RN,Rio Grande do Norte,Nordeste,16305,1128.11,201931.26,12384.62
Nova Grande de Minas,PR,Paraná,Sul,5607,1163.82,102694.88,18315.48
Ribeirão do Norte do Cerrado,PR,Paraná,Sul,119587,1294.38,2356661.17,19706.67
Rio Azul,MG,Minas Gerais,Sudeste,4507,1245.83,103195.67,22896.75
Lagoa Dourado do Oeste,RS,Rio Grande do Sul,Sul,31857,1108.73,629460.44,19758.94
Cachoeira Vista do Campo,PI,Piauí,Nordeste,27200,532.33,190737.37,7012.4
Palmeira Redonda do Campo,SP,São Paulo,Sudeste,12393,1098.07,179694.4,14499.67
Porto Vitória,MG,Minas Gerais,Sudeste,19530,1451.51,534954.15,27391.41
Santa dos Campos Colonial,SP,São Paulo,Sudeste,3437,1624.99,95876.98,27895.54
Aracê Vitória da Mata,RS,Rio Grande do Sul,Sul,189784,1590.6,5590129.49,29455.22
Serra Esperança de Minas,AP,Amapá,Norte,5552,1314.01,113698.25,20478.79
Palmeira União Maior,ES,Espírito Santo,Sudeste,40704,1107.48,858663.88,21095.32
Campo Novo do Campo,PA,Pará,Norte,20284,1186.96,347939.54,17153.4
Barra Vista Central,MA,Maranhão,Nordeste,9785,619.12,70486.15,7203.49
Monte Verde Colonial,GO,Goiás,Centro-Oeste,6124,1575.07,184581.09,30140.61
Cruz das Flores Menor,MG,Minas Gerais,Sudeste,3841,1483.97,102861.78,26779.95
Vila Dourado do Oeste,SP,São Paulo,Sudeste,29263,1349.07,536760.71,18342.64
Cruz Preto do Oeste,SE,Sergipe,Nordeste,52905,1144.44,724192.29,13688.54
Nova Redonda Maior,PI,Piauí,Nordeste,2399,1293.01,39002.55,16257.84
Ipê das Flores de Minas,MG,Minas Gerais,Sudeste,17369,1270.37,400845.44,23078.21
Serra Bonito Central,SP,São Paulo,Sudeste,16022,2152.52,379084.74,23660.26
Nova Feliz Paulista,RN,Rio Grande do Norte,Nordeste,23928,1205.2,352446.18,14729.45
Boa Branco do Cerrado,SP,São Paulo,Sudeste,4701,2401.42,152421.95,32423.3
Barra Vista Paulista,PI,Piauí,Nordeste,40642,1158.35,564063.14,13878.82
Pinheiro Branco Colonial,MA,Maranhão,Nordeste,2985,751.73,28168.9,9436.82
Jaboti Real Central,BA,Bahia,Nordeste,4097,734.46,43514.64,10621.1
Santo Novo Paulista,MG,Minas Gerais,Sudeste,9633,2157.16,233847.53,24275.67
Campo da Serra Colonial,PI,Piauí,Nordeste,4380,1112.37,55137.95,12588.57
Santa Bonita da Mata,MG,Minas Gerais,Sudeste,221648,2051.57,6889274.84,31082.05
Bela da Serra Paulista,GO,Goiás,Centro-Oeste,6528,2092.32,216596.39,33179.59
Cruz Branco da Mata,RO,Rondônia,Norte,6956,1203.13,94612.81,13601.61
Novo Bonita das Palmeiras,PE,Pernambuco,Nordeste,3529,715.18,33669.06,9540.68
Cruz Claro de Minas,MG,Minas Gerais,Sudeste,14065,1553.69,419404.75,29819.04
Monte União Paulista,RS,Rio Grande do Sul,Sul,11805,1584.73,240416.59,20365.66
São Feliz das Palmeiras,MG,Minas Gerais,Sudeste,15935,1144.38,295460.32,18541.6
Campo Preto,MA,Maranhão,Nordeste,44955,1254.95,827834.76,18414.74
Campo Dourado do Cerrado,MA,Maranhão,Nordeste,64092,1251.25,1217821.81,19001.15
Porto Real Maior,SC,Santa Catarina,Sul,17394,1583.53,411643.88,23665.85
Ribeirão Redonda de Minas,BA,Bahia,Nordeste,32183,918.3,536818.72,16680.2
Aracê Dourado das Palmeiras,GO,Goiás,Centro-Oeste,28125,2161.58,927371.01,32973.19
Vila Esperança de Minas,SP,São Paulo,Sudeste,17133,1060.0,277335.9,16187.24
Aracê Grande Paulista,MG,Minas Gerais,Sudeste,4927,1234.24,66469.81,13490.93
Santa União Central,PR,Paraná,Sul,3330,2221.17,139491.04,41889.2
Monte Belo do Leste,CE,Ceará,Nordeste,24241,550.82,207642.6,8565.76
Santa Real,RJ,Rio de Janeiro,Sudeste,13365,1986.96,356108.1,26644.83
Rio Vitória do Leste,PE,Pernambuco,Nordeste,16434,770.34,195202.9,11877.99
São Formosa da Mata,SC,Santa Catarina,Sul,10103,1276.9,164488.02,16281.11
São Bonita das Palmeiras,RS,Rio Grande do Sul,Sul,16686,1658.45,509063.19,30508.4
Bela Dourado de Minas,PR,Paraná,Sul,4757,1804.88,106447.27,22376.97
Cachoeira Redonda Maior,PI,Piauí,Nordeste,1933,865.5,30315.97,15683.38
Boa Verde Maior,PI,Piauí,Nordeste,20742,912.23,238489.12,11497.88
São Feliz Paulista,MG,Minas Gerais,Sudeste,3865,2192.5,141917.19,36718.55
Bela Alegre de Minas,ES,Espírito Santo,Sudeste,1825,2031.9,45149.25,24739.32
Ipê Claro Maior,PE,Pernambuco,Nordeste,20890,1162.61,290992.15,13929.73
Barra Redonda da Mata,SP,São Paulo,Sudeste,29761,1598.43,813054.97,27319.48
Novo Aurora das Palmeiras,MG,Minas Gerais,Sudeste,2177,2354.0,55527.14,25506.27
Ipê do Vale da Mata,TO,Tocantins,Norte,4895,899.72,80392.72,16423.44
Cruz Formosa Paulista,MG,Minas Gerais,Sudeste,8785,1294.71,180355.58,20529.95
Rio Alegre de Minas,RS,Rio Grande do Sul,Sul,6478,2022.51,250300.52,38638.55
Cachoeira do Sul de Minas,MG,Minas Gerais,Sudeste,3575,1100.53,54199.96,15160.83
Ipê Vista das Palmeiras,PI,Piauí,Nordeste,8569,1187.07,142749.16,16658.79
Coração Novo do Campo,MT,Mato Grosso,Centro-Oeste,7436,2175.27,286696.36,38555.19
Santo Alegre do Leste,RJ,Rio de Janeiro,Sudeste,7384,1761.88,183063.65,24791.94
Rio Azul Central,MG,Minas Gerais,Sudeste,2160,2079.22,70380.45,32583.54
Ribeirão Azul Colonial,SP,São Paulo,Sudeste,21680,1499.44,365964.61,16880.29
Monte União do Cerrado,SP,São Paulo,Sudeste,22128,1015.01,354073.39,16001.15
Monte Formosa da Mata,MG,Minas Gerais,Sudeste,24357,1874.99,811768.37,33327.93
Campo Grande de Minas,SC,Santa Catarina,Sul,16352,1036.67,226371.64,13843.67
Barra dos Campos do Cerrado,PR,Paraná,Sul,11233,1585.42,225515.61,20076.17
Jaboti Formosa de Minas,MG,Minas Gerais,Sudeste,50549,2416.95,2013451.8,39831.68
Jaboti Vitória Central,GO,Goiás,Centro-Oeste,1345,2324.66,59969.39,44586.91
Palmeira Verde das Palmeiras,RS,Rio Grande do Sul,Sul,92149,2315.4,3847481.77,41752.83
Ipê Esperança do Leste,SP,São Paulo,Sudeste,8942,1321.26,156907.57,17547.26
Ribeirão Vista Maior,MG,Minas Gerais,Sudeste,46541,2418.08,2057741.2,44213.51
Porto dos Campos do Campo,MG,Minas Gerais,Sudeste,48165,1501.99,1187188.15,24648.36
Bela Dourado Paulista,GO,Goiás,Centro-Oeste,52268,1835.82,1301341.32,24897.48
Vale Preto do Campo,SP,São Paulo,Sudeste,17140,1192.84,302165.7,17629.27
Palmeira Preto Paulista,PE,Pernambuco,Nordeste,6442,747.71,87438.83,13573.24
Cachoeira Belo de Minas,SP,São Paulo,Sudeste,5743,2330.61,149217.88,25982.57
Pinheiro das Flores das Palmeiras,PI,Piauí,Nordeste,19455,1008.66,280884.28,14437.64
Bela Alegre das Palmeiras,SP,São Paulo,Sudeste,8705,2465.88,288201.03,33107.53
Boa Grande Paulista,ES,Espírito Santo,Sudeste,5745,1765.36,163841.57,28518.99
Pinheiro do Norte Menor,BA,Bahia,Nordeste,5535,908.25,94010.87,16984.8
Campo Branco do Cerrado,BA,Bahia,Nordeste,15949,649.57,148318.4,9299.54
Aracê do Vale da Mata,RO,Rondônia,Norte,31941,1053.82,494872.39,15493.33
Coração Vitória da Mata,RO,Rondônia,Norte,42596,1295.44,1004222.56,23575.51
São Verde do Leste,SP,São Paulo,Sudeste,8200,1515.17,177121.18,21600.14
Bela Esperança do Cerrado,SP,São Paulo,Sudeste,780,2251.79,24255.53,31096.83
Barra União do Leste,BA,Bahia,Nordeste,7568,679.19,79526.63,10508.28
Porto dos Campos Menor,RS,Rio Grande do Sul,Sul,11287,1720.64,316152.58,28010.33
Campo do Vale de Minas,AM,Amazonas,Norte,4305,794.08,40297.01,9360.51
Lagoa Feliz de Minas,PB,Paraíba,Nordeste,49962,688.12,592328.67,11855.58
Nova Branco Paulista,MT,Mato Grosso,Centro-Oeste,9889,1487.87,212865.97,21525.53
Vila Azul Paulista,PR,Paraná,Sul,34668,2398.42,1594993.02,46007.64
Vale Belo das Palmeiras,AP,Amapá,Norte,3972,1213.88,79881.65,20111.19
Lagoa Azul Maior,GO,Goiás,Centro-Oeste,16369,1950.0,365448.39,22325.64
Rio Grande Maior,RS,Rio Grande do Sul,Sul,2784,1422.77,74385.29,26718.85
Porto Azul do Campo,SC,Santa Catarina,Sul,8535,2430.0,269974.55,31631.46
Novo do Vale Colonial,SP,São Paulo,Sudeste,9805,2199.96,248015.33,25294.78
Cachoeira dos Campos do Leste,PR,Paraná,Sul,3170,1580.58,75951.01,23959.31
Rio Branco das Palmeiras,RS,Rio Grande do Sul,Sul,39901,1052.34,506970.47,12705.71
Alto Horizonte Colonial,AL,Alagoas,Nordeste,18351,1208.99,383502.96,20898.21
Vila dos Campos do Oeste,RN,Rio Grande do Norte,Nordeste,2113,750.74,24501.25,11595.48
Campo Azul do Cerrado,TO,Tocantins,Norte,13523,861.26,147104.98,10878.13
Jaboti do Vale das Palmeiras,SP,São Paulo,Sudeste,25985,1617.78,583732.58,22464.21
Vila Dourado do Campo,PI,Piauí,Nordeste,9623,676.57,70734.26,7350.54
Vale Formosa do Campo,PE,Pernambuco,Nordeste,28639,1166.88,555606.61,19400.35
Bela Bonita Menor,MS,Mato Grosso do Sul,Centro-Oeste,82429,1553.01,1780415.22,21599.38
Ribeirão Real do Leste,SP,São Paulo,Sudeste,9420,2271.76,358548.91,38062.52
Porto da Serra de Minas,PR,Paraná,Sul,1832,2476.74,77231.92,42157.16
Jaboti dos Campos do Leste,SP,São Paulo,Sudeste,85777,2048.4,2908897.93,33912.33
Alto Verde do Campo,SP,São Paulo,Sudeste,6493,1435.46,174319.2,26847.25
Pinheiro Bonita Central,RJ,Rio de Janeiro,Sudeste,65314,2239.95,2093025.5,32045.59
Palmeira Belo do Cerrado,BA,Bahia,Nordeste,274985,1119.76,5620944.08,20440.91
Jaboti Bonita da Mata,RN,Rio Grande do Norte,Nordeste,6984,566.63,70098.04,10036.95
Ribeirão Verde Colonial,PB,Paraíba,Nordeste,29229,818.24,330338.68,11301.74
Ribeirão Preto do Cerrado,BA,Bahia,Nordeste,8958,1089.97,133360.33,14887.29
Vila Azul,CE,Ceará,Nordeste,31723,1290.74,639139.45,20147.51
Rio Esperança do Oeste,SE,Sergipe,Nordeste,52660,683.48,503405.62,9559.54
Santa Vista,SC,Santa Catarina,Sul,11518,2184.28,285771.91,24810.9
Novo do Norte das Palmeiras,GO,Goiás,Centro-Oeste,26859,1554.82,569728.96,21211.85
Serra Bonito Menor,RN,Rio Grande do Norte,Nordeste,6206,1080.35,101218.84,16309.84
Santa Dourado Colonial,CE,Ceará,Nordeste,16930,1140.3,306528.3,18105.63
Monte União do Leste,RS,Rio Grande do Sul,Sul,5040,2334.11,220885.29,43826.45
Jaboti Feliz Paulista,TO,Tocantins,Norte,53259,1272.02,1019775.08,19147.47
Aracê Claro do Cerrado,PR,Paraná,Sul,56648,1891.28,2002644.16,35352.42
Aracê do Sul Maior,GO,Goiás,Centro-Oeste,71986,1845.05,1497049.56,20796.4
Barra Vista do Campo,RS,Rio Grande do Sul,Sul,32153,2485.44,1229612.92,38242.56
Cachoeira Novo do Cerrado,MA,Maranhão,Nordeste,5826,1124.1,81298.1,13954.36
Pinheiro do Norte das Palmeiras,SP,São Paulo,Sudeste,9193,1362.6,189437.85,20606.75
Novo do Sul Paulista,RS,Rio Grande do Sul,Sul,6617,1786.15,202976.85,30675.06
Cruz União do Campo,PB,Paraíba,Nordeste,42894,993.42,497276.25,11593.14
Campo Real Central,PI,Piauí,Nordeste,5612,768.02,81489.51,14520.58
Jaboti Feliz das Palmeiras,RN,Rio Grande do Norte,Nordeste,824,1180.69,12695.26,15406.87
Monte Alegre Menor,MG,Minas Gerais,Sudeste,23747,2469.14,701437.72,29537.95
Palmeira Aurora Colonial,RJ,Rio de Janeiro,Sudeste,12007,2100.44,354737.13,29544.19
Cruz Novo Central,RS,Rio Grande do Sul,Sul,9853,1890.43,299430.51,30389.78
Barra Real do Campo,MT,Mato Grosso,Centro-Oeste,21016,1347.85,447629.01,21299.44
Vale Preto da Mata,MG,Minas Gerais,Sudeste,13515,1282.24,287236.55,21253.17
Alto Bonito das Palmeiras,SP,São Paulo,Sudeste,31963,2044.34,1019103.35,31883.85
Bela Verde das Palmeiras,BA,Bahia,Nordeste,32947,1319.38,671542.93,20382.52
Santa Vitória Maior,PA,Pará,Norte,8631,598.68,82959.59,9611.82
Santa Real Paulista,MG,Minas Gerais,Sudeste,2258,1408.92,54976.55,24347.45
Boa Grande do Cerrado,MA,Maranhão,Nordeste,13168,1301.67,251587.15,19105.95
Palmeira União do Leste,MG,Minas Gerais,Sudeste,29051,1726.72,634739.78,21849.15
Palmeira Preto do Campo,SC,Santa Catarina,Sul,5273,1857.61,124058.23,23527.07
Serra Formosa Maior,MG,Minas Gerais,Sudeste,32151,2457.84,858621.38,26705.9
Serra Azul do Oeste,PR,Paraná,Sul,9025,1436.57,172030.98,19061.6
Bela do Norte do Leste,MG,Minas Gerais,Sudeste,30557,1267.98,423579.27,13861.94
Pinheiro do Vale da Mata,MG,Minas Gerais,Sudeste,10032,1839.07,330014.85,32896.22
Boa Alegre do Leste,TO,Tocantins,Norte,22243,1333.28,390492.49,17555.75
Rio Horizonte da Mata,SP,São Paulo,Sudeste,919,1143.59,14087.87,15329.56
Palmeira Azul Maior,MG,Minas Gerais,Sudeste,4655,1041.26,70580.02,15162.2
Cachoeira Preto do Cerrado,BA,Bahia,Nordeste,62274,734.81,789501.56,12677.87
Nova Novo,SC,Santa Catarina,Sul,8128,2015.68,221286.88,27225.26
Jaboti Redonda do Campo,SC,Santa Catarina,Sul,21764,1425.41,579753.97,26638.21
Santa da Serra Central,SC,Santa Catarina,Sul,47266,1462.23,849477.09,17972.27
Monte dos Campos Maior,CE,Ceará,Nordeste,5135,1288.71,114236.97,22246.73
Cruz Alegre Menor,MG,Minas Gerais,Sudeste,42010,2212.55,1451203.16,34544.23
Cachoeira Bonita do Oeste,GO,Goiás,Centro-Oeste,25764,2154.3,908250.03,35252.68
Cruz Verde de Minas,RN,Rio Grande do Norte,Nordeste,7059,707.21,87590.52,12408.35
Cruz Feliz Paulista,PR,Paraná,Sul,13260,1751.61,355345.78,26798.32
Pinheiro Esperança do Campo,PA,Pará,Norte,2284,1251.79,50486.54,22104.44
Porto Horizonte Maior,RS,Rio Grande do Sul,Sul,19272,1074.13,333331.07,17296.13
Cachoeira da Serra de Minas,SC,Santa Catarina,Sul,57938,1088.19,990298.67,17092.39
Ribeirão Alegre,MG,Minas Gerais,Sudeste,2404,1583.64,55970.61,23282.28
Novo Alegre Menor,RS,Rio Grande do Sul,Sul,31945,1805.19,738346.38,23113.05
Aracê Dourado Menor,CE,Ceará,Nordeste,34411,922.81,470084.36,13660.87
Cachoeira Grande do Leste,MG,Minas Gerais,Sudeste,29795,2009.84,917060.53,30779.01
Ipê Esperança das Palmeiras,MG,Minas Gerais,Sudeste,8258,1514.28,230201.8,27876.22
Novo Real Central,MA,Maranhão,Nordeste,20803,952.48,322620.5,15508.36
Santo Branco do Leste,PA,Pará,Norte,14927,1161.08,249513.27,16715.57
Palmeira Aurora do Oeste,RO,Rondônia,Norte,5965,1304.33,105256.46,17645.68
Vale das Flores Central,RJ,Rio de Janeiro,Sudeste,2885,2395.71,96436.91,33427.01
Cruz Alegre Maior,BA,Bahia,Nordeste,780,792.4,10059.82,12897.21
Ipê Novo Central,GO,Goiás,Centro-Oeste,15390,2050.74,566597.08,36815.92
Vale Formosa do Leste,TO,Tocantins,Norte,12761,848.46,167011.14,13087.62
Porto Novo do Oeste,CE,Ceará,Nordeste,12224,819.45,132820.24,10865.53
Cachoeira Alegre de Minas,RS,Rio Grande do Sul,Sul,2837,1254.98,48299.6,17024.89
Palmeira do Sul do Oeste,PR,Paraná,Sul,10113,1257.26,156187.35,15444.22
Vila Formosa do Oeste,AL,Alagoas,Nordeste,17220,626.21,131309.58,7625.41
Pinheiro Dourado Central,GO,Goiás,Centro-Oeste,17925,1838.86,505736.5,28214.03
Monte do Vale de Minas,MG,Minas Gerais,Sudeste,14695,1969.81,402574.38,27395.33
Serra Dourado Paulista,SC,Santa Catarina,Sul,10849,1396.5,273188.24,25180.96
Campo Real das Palmeiras,PA,Pará,Norte,9637,1404.42,256765.26,26643.69
Lagoa Bonito Maior,RN,Rio Grande do Norte,Nordeste,16864,1028.19,194675.06,11543.82
Cruz da Serra de Minas,PR,Paraná,Sul,3531,2281.76,111340.23,31532.21
Pinheiro Real do Leste,TO,Tocantins,Norte,82548,1303.17,2026777.99,24552.72
Porto Dourado do Campo,ES,Espírito Santo,Sudeste,24769,1603.4,501356.89,20241.31
São da Serra do Oeste,PA,Pará,Norte,7328,695.02,78647.55,10732.47
Lagoa Grande das Palmeiras,RR,Roraima,Norte,9391,851.84,138633.76,14762.41
Serra Azul Menor,RN,Rio Grande do Norte,Nordeste,11453,735.17,135156.06,11800.93
Porto Aurora do Oeste,MT,Mato Grosso,Centro-Oeste,18152,1636.18,419734.73,23123.33
Santa Esperança Menor,MG,Minas Gerais,Sudeste,2005,1105.73,28680.23,14304.35
Novo Novo Menor,RR,Roraima,Norte,48041,1201.17,1007918.5,20980.38
Porto da Serra das Palmeiras,PE,Pernambuco,Nordeste,19837,942.18,296363.78,14939.95
Vale Belo,SP,São Paulo,Sudeste,10910,1762.76,285485.74,26167.35
Jaboti Vista das Palmeiras,AL,Alagoas,Nordeste,2024,1055.14,31534.78,15580.42
Vila Verde,RO,Rondônia,Norte,7927,1234.36,126786.35,15994.24
Nova Novo das Palmeiras,MG,Minas Gerais,Sudeste,2894,1026.22,50340.89,17394.92
Porto dos Campos das Palmeiras,MG,Minas Gerais,Sudeste,5822,2074.21,169049.11,29036.26
Porto União Paulista,MA,Maranhão,Nordeste,42485,1174.59,875355.6,20603.87
Novo Vitória do Leste,TO,Tocantins,Norte,47508,636.38,549710.13,11570.9
Pinheiro Dourado do Oeste,BA,Bahia,Nordeste,6466,915.12,99438.72,15378.71
Alto dos Campos,RS,Rio Grande do Sul,Sul,35175,2369.56,1375510.12,39104.77
Cachoeira do Norte das Palmeiras,PA,Pará,Norte,37547,682.58,283326.38,7545.91
Campo Alegre Colonial,PR,Paraná,Sul,5396,1462.22,142013.22,26318.24
Jaboti Branco Paulista,PI,Piauí,Nordeste,19976,572.74,188914.12,9457.05
Porto Aurora,RN,Rio Grande do Norte,Nordeste,30647,957.79,468968.86,15302.28
Monte Preto Maior,SP,São Paulo,Sudeste,1218,1469.42,29746.18,24422.15
Palmeira Azul do Oeste,GO,Goiás,Centro-Oeste,9200,2319.31,256388.73,27868.34
Jaboti Preto Menor,SC,Santa Catarina,Sul,56364,2380.11,2213222.56,39266.6
Alto União Paulista,RS,Rio Grande do Sul,Sul,11864,2214.36,389033.25,32791.07
Santa Grande de Minas,SP,São Paulo,Sudeste,16336,1155.66,209348.52,12815.16
Pinheiro Bonita do Leste,SP,São Paulo,Sudeste,40361,1679.74,1140573.3,28259.29
Barra Novo do Leste,BA,Bahia,Nordeste,62683,1142.65,974016.26,15538.76
Vale Real do Cerrado,SP,São Paulo,Sudeste,13923,1874.7,427948.13,30736.78
Cachoeira Bonita Maior,MG,Minas Gerais,Sudeste,23945,2416.36,741373.0,30961.5
Santa Branco do Oeste,PE,Pernambuco,Nordeste,290161,1327.18,7217614.59,24874.52
Ribeirão Feliz Central,MG,Minas Gerais,Sudeste,61843,2036.09,1841560.01,29777.99
Vila Preto Colonial,SP,São Paulo,Sudeste,17754,2196.55,679184.32,38255.28
Vale Dourado do Leste,PE,Pernambuco,Nordeste,16607,617.31,115176.08,6935.39
Vale Verde do Cerrado,AP,Amapá,Norte,5547,916.21,68473.25,12344.2
Santa do Sul Central,SP,São Paulo,Sudeste,5061,1423.77,110367.24,21807.4
Cachoeira União do Campo,TO,Tocantins,Norte,11379,1047.13,220389.44,19368.09
Serra Vitória Maior,AM,Amazonas,Norte,11192,1306.44,273905.74,24473.35
Porto do Norte Central,MG,Minas Gerais,Sudeste,5798,1350.29,100804.85,17386.14
Rio Bonita Maior,BA,Bahia,Nordeste,42872,741.39,372299.12,8683.97
Monte Redonda da Mata,RS,Rio Grande do Sul,Sul,26181,2038.24,1008159.73,38507.3
Vila Bonita Menor,BA,Bahia,Nordeste,3925,710.37,42966.08,10946.77
Cruz Bonito de Minas,PA,Pará,Norte,11266,980.84,130054.81,11544.01
Porto Feliz da Mata,RN,Rio Grande do Norte,Nordeste,8349,634.34,95606.28,11451.23
Nova da Serra do Campo,MG,Minas Gerais,Sudeste,35913,2404.07,1348778.89,37556.84
Rio Grande do Cerrado,BA,Bahia,Nordeste,43921,689.74,538485.46,12260.32
Palmeira Bonito Paulista,RS,Rio Grande do Sul,Sul,59213,1975.92,1538820.42,25987.88
São Dourado,SC,Santa Catarina,Sul,63569,1387.93,1096419.95,17247.71
Vila Alegre das Palmeiras,MG,Minas Gerais,Sudeste,18313,1108.93,254940.48,13921.28
Lagoa Esperança do Oeste,RS,Rio Grande do Sul,Sul,8395,1448.72,200737.07,23911.5
Serra Vitória da Mata,RS,Rio Grande do Sul,Sul,10806,1789.87,298491.12,27622.72
Serra dos Campos da Mata,PR,Paraná,Sul,25614,1127.34,471300.02,18400.09
Coração da Serra da Mata,MT,Mato Grosso,Centro-Oeste,26854,1190.13,562896.81,20961.38
Nova Alegre das Palmeiras,PR,Paraná,Sul,56527,1333.9,1441343.94,25498.33
Santo Feliz,MG,Minas Gerais,Sudeste,2475,1156.05,50862.92,20550.67
Alto União,MA,Maranhão,Nordeste,45621,1002.83,690931.59,15145.03
Boa Belo da Mata,MG,Minas Gerais,Sudeste,93487,1051.43,1587952.4,16985.81
Bela Real do Cerrado,PA,Pará,Norte,2289,774.68,29289.4,12795.72
Palmeira Vista do Oeste,PE,Pernambuco,Nordeste,7936,1002.67,106254.1,13388.87
Lagoa Belo,ES,Espírito Santo,Sudeste,2542,1487.43,61151.04,24056.27
Novo do Norte Paulista,SP,São Paulo,Sudeste,4280,1291.49,75964.19,17748.64
Ribeirão Dourado Menor,RS,Rio Grande do Sul,Sul,20994,2023.1,811818.95,38669.09
Nova Verde do Leste,MG,Minas Gerais,Sudeste,4171,1261.31,86036.94,20627.41
Boa Feliz Colonial,MG,Minas Gerais,Sudeste,2960,2067.88,67330.94,22746.94
Santo Real do Leste,PB,Paraíba,Nordeste,2236,639.63,18844.46,8427.75
Boa Grande da Mata,AL,Alagoas,Nordeste,52688,1219.84,782945.87,14860.04
Cachoeira Bonito Menor,PA,Pará,Norte,22389,1369.51,351764.23,15711.48
Vila Claro das Palmeiras,MG,Minas Gerais,Sudeste,66514,2030.64,1537425.85,23114.32
Campo Bonita do Campo,PB,Paraíba,Nordeste,19452,1101.28,344158.21,17692.69
Coração Alegre do Leste,PB,Paraíba,Nordeste,6458,1033.86,119246.0,18464.85
Boa Claro de Minas,MA,Maranhão,Nordeste,4340,964.46,70462.75,16235.66
Serra Verde Central,AL,Alagoas,Nordeste,23843,891.84,326901.27,13710.58
Boa Esperança do Oeste,BA,Bahia,Nordeste,9632,730.48,110735.38,11496.61
Bela do Norte do Cerrado,GO,Goiás,Centro-Oeste,24384,1629.95,605543.29,24833.63
Santa das Flores do Campo,SC,Santa Catarina,Sul,9976,1093.86,137905.66,13823.74
Boa Dourado Maior,PE,Pernambuco,Nordeste,9729,668.37,98185.53,10092.05
Ipê Branco Menor,PR,Paraná,Sul,13056,1986.14,373532.38,28610.02
Alto Feliz Menor,SC,Santa Catarina,Sul,17431,1069.98,338849.56,19439.48
Monte do Norte do Leste,RS,Rio Grande do Sul,Sul,30362,1353.39,734949.09,24206.21
Boa Vitória do Campo,PA,Pará,Norte,5998,1403.85,120958.69,20166.5
Campo Aurora do Cerrado,PE,Pernambuco,Nordeste,28162,853.39,399471.47,14184.77
Boa Bonito do Oeste,MG,Minas Gerais,Sudeste,6050,1297.15,113760.63,18803.41
Nova Belo Central,SP,São Paulo,Sudeste,26204,2144.56,877343.01,33481.26
Cruz Novo Colonial,TO,Tocantins,Norte,794,643.69,9279.45,11686.96
Vale Preto Paulista,PR,Paraná,Sul,29560,1803.1,764727.84,25870.36
Santo do Vale de Minas,SC,Santa Catarina,Sul,7086,1074.09,105414.1,14876.39
Alto Bonita das Palmeiras,BA,Bahia,Nordeste,28312,971.92,307096.41,10846.86
Santa Belo Maior,RN,Rio Grande do Norte,Nordeste,9813,714.71,134483.43,13704.62
Cruz Grande Menor,GO,Goiás,Centro-Oeste,33098,1431.4,791977.68,23928.26
São Real da Mata,MA,Maranhão,Nordeste,307382,1328.11,5108408.18,16619.09
Boa Novo Central,PR,Paraná,Sul,4452,2122.52,164893.71,37038.12
Novo Horizonte Central,MG,Minas Gerais,Sudeste,16202,1008.87,291020.91,17962.04
Campo Esperança do Campo,PE,Pernambuco,Nordeste,7299,939.95,88949.91,12186.59
Serra Vitória do Cerrado,SP,São Paulo,Sudeste,41001,1517.65,923782.35,22530.73
Ipê Dourado Central,SP,São Paulo,Sudeste,22235,1355.25,501531.61,22555.95
Alto Formosa do Cerrado,AM,Amazonas,Norte,77027,1153.96,1460326.29,18958.63
Campo Vista do Leste,MG,Minas Gerais,Sudeste,20638,1131.93,356878.28,17292.29
São do Vale do Cerrado,TO,Tocantins,Norte,3466,1013.86,38872.91,11215.5
Rio Formosa do Oeste,SP,São Paulo,Sudeste,7830,1003.32,99291.72,12680.93
Aracê Grande de Minas,MT,Mato Grosso,Centro-Oeste,5806,991.22,95567.94,16460.2
Alto Belo Paulista,SP,São Paulo,Sudeste,16279,995.66,218348.98,13412.92
Rio Preto da Mata,RS,Rio Grande do Sul,Sul,17587,2004.85,462736.54,26311.28
Ribeirão Alegre das Palmeiras,AL,Alagoas,Nordeste,6350,1211.04,105909.65,16678.69
Novo dos Campos Central,SP,São Paulo,Sudeste,2922,1754.24,87618.74,29985.88
Palmeira Preto,TO,Tocantins,Norte,780,759.2,10197.18,13073.31
Novo Grande das Palmeiras,MA,Maranhão,Nordeste,9649,824.79,114982.04,11916.47
Serra Vista de Minas,ES,Espírito Santo,Sudeste,2647,2381.71,86396.76,32639.5
Aracê Vista de Minas,PR,Paraná,Sul,25532,1826.48,605871.27,23729.88
Rio Grande da Mata,PR,Paraná,Sul,11611,1999.36,354001.61,30488.47
Rio Azul de Minas,BA,Bahia,Nordeste,100977,650.22,1193144.68,11816.0
Alto do Norte,PE,Pernambuco,Nordeste,36686,1041.76,677406.28,18464.98
Campo dos Campos,SC,Santa Catarina,Sul,3674,1811.18,117002.16,31845.99
Lagoa Preto do Campo,ES,Espírito Santo,Sudeste,19041,1702.52,408467.73,21452.01
Alto Preto do Oeste,PA,Pará,Norte,37105,1180.74,722476.67,19471.14
Ribeirão Azul Menor,PR,Paraná,Sul,11352,2424.37,500790.21,44114.71
Nova Esperança Colonial,PB,Paraíba,Nordeste,4461,756.58,61220.95,13723.59
Vila do Norte do Campo,SP,São Paulo,Sudeste,98801,2206.31,4020008.61,40687.93
Jaboti Redonda Colonial,MG,Minas Gerais,Sudeste,47483,2000.67,1161475.53,24460.87
Barra Aurora Colonial,PI,Piauí,Nordeste,18533,603.87,202746.82,10939.77
Coração Grande de Minas,SC,Santa Catarina,Sul,24701,1519.25,717513.26,29047.94
Cruz Aurora de Minas,PR,Paraná,Sul,7412,1221.54,147477.29,19897.1
Alto Formosa do Campo,PR,Paraná,Sul,19071,2550.19,728254.94,38186.51
Vale das Flores Colonial,SE,Sergipe,Nordeste,15726,634.93,137355.44,8734.29
Serra do Sul Colonial,SP,São Paulo,Sudeste,11770,1516.51,321230.52,27292.31
Vila dos Campos Paulista,MG,Minas Gerais,Sudeste,5047,2297.34,188177.99,37285.12
Santo Belo Colonial,RN,Rio Grande do Norte,Nordeste,34914,694.62,314759.83,9015.29
Alto Vitória Colonial,RS,Rio Grande do Sul,Sul,1872,1799.08,53956.74,28823.04
Ipê Azul Paulista,PR,Paraná,Sul,20036,2277.25,817269.06,40790.03
Vila Belo do Oeste,PB,Paraíba,Nordeste,12795,645.47,91818.27,7176.11
Serra Alegre Maior,BA,Bahia,Nordeste,52906,1073.72,630333.86,11914.22
Lagoa Real Colonial,MG,Minas Gerais,Sudeste,1945,999.18,22321.58,11476.39
Palmeira Real Central,BA,Bahia,Nordeste,15349,748.18,162473.86,10585.31
Pinheiro Preto de Minas,MG,Minas Gerais,Sudeste,12891,1307.36,235958.29,18304.11
Lagoa Grande Colonial,SC,Santa Catarina,Sul,35308,2396.54,1340482.7,37965.41
Rio Bonita do Oeste,MG,Minas Gerais,Sudeste,15679,1408.19,399405.07,25473.89
Cruz dos Campos do Leste,SP,São Paulo,Sudeste,42464,1874.29,1467650.0,34562.22
Alto União do Oeste,MG,Minas Gerais,Sudeste,32819,1893.31,699656.6,21318.64
Rio Bonito das Palmeiras,RS,Rio Grande do Sul,Sul,3142,2429.7,143145.66,45558.77
Ipê Preto Maior,PA,Pará,Norte,38350,840.72,436642.68,11385.73
Porto Novo Central,PI,Piauí,Nordeste,67530,1066.88,949058.34,14053.88
Santo do Vale Paulista,MG,Minas Gerais,Sudeste,10837,1764.45,320631.76,29586.76
Vale Alegre do Cerrado,RS,Rio Grande do Sul,Sul,81124,1623.55,1797605.24,22158.74
Coração Aurora,PE,Pernambuco,Nordeste,1127,538.42,10996.86,9757.64
Campo do Sul,BA,Bahia,Nordeste,21760,1117.13,435649.96,20020.68
Pinheiro Belo do Oeste,RS,Rio Grande do Sul,Sul,65650,2329.64,2663543.37,40571.87
Santa Feliz Paulista,MG,Minas Gerais,Sudeste,6749,1823.19,218062.56,32310.35
Porto Belo do Oeste,SC,Santa Catarina,Sul,15022,2083.26,482563.22,32123.77
Rio Real de Minas,TO,Tocantins,Norte,6950,1069.92,91672.17,13190.24
Campo da Serra do Campo,RN,Rio Grande do Norte,Nordeste,6630,973.94,78310.94,11811.6
Porto Novo Paulista,RS,Rio Grande do Sul,Sul,5798,2437.22,190876.86,32921.16
Nova Verde Paulista,PR,Paraná,Sul,48344,1751.43,999861.32,20682.22
Alto dos Campos Menor,BA,Bahia,Nordeste,5914,1221.28,129062.28,21823.18
Porto Verde do Campo,AM,Amazonas,Norte,67564,695.06,612253.27,9061.83
Santa Bonito Menor,PR,Paraná,Sul,25458,2278.78,640564.05,25161.6
Serra do Sul do Campo,RS,Rio Grande do Sul,Sul,7956,1850.04,167805.18,21091.65
Alto Azul Maior,MG,Minas Gerais,Sudeste,2802,1610.7,63526.84,22671.96
Bela Feliz do Cerrado,PR,Paraná,Sul,4880,1526.45,80921.66,16582.31
Santo Claro Colonial,RN,Rio Grande do Norte,Nordeste,2328,969.9,34522.68,14829.33
São Vitória Colonial,MG,Minas Gerais,Sudeste,7288,2182.63,285308.55,39147.72
Serra Alegre do Cerrado,RS,Rio Grande do Sul,Sul,20558,1458.35,449430.75,21861.6
Boa do Norte Paulista,MG,Minas Gerais,Sudeste,148510,1877.6,4230128.85,28483.8
Rio do Vale do Cerrado,PI,Piauí,Nordeste,32293,882.65,532066.04,16476.2
Aracê Verde Menor,CE,Ceará,Nordeste,15494,948.33,264075.14,17043.7
Novo Verde do Campo,RS,Rio Grande do Sul,Sul,30957,2482.29,1399079.85,45194.3
Palmeira Formosa do Oeste,TO,Tocantins,Norte,135507,716.34,1384824.36,10219.58
Cruz Dourado de Minas,MG,Minas Gerais,Sudeste,5385,1110.67,112702.88,20929.04
Porto do Norte,PA,Pará,Norte,2046,570.63,16029.93,7834.77
Alto dos Campos do Leste,SC,Santa Catarina,Sul,20379,2096.1,543550.07,26672.07
Coração Feliz Central,MG,Minas Gerais,Sudeste,1463,2018.4,33379.33,22815.67
São dos Campos do Leste,PR,Paraná,Sul,2981,2208.14,104779.09,35148.97
Ribeirão Novo,PE,Pernambuco,Nordeste,25481,717.05,268848.35,10550.93
Jaboti do Vale Menor,MG,Minas Gerais,Sudeste,18903,1549.77,523085.74,27672.1
Barra do Sul das Palmeiras,MG,Minas Gerais,Sudeste,86246,1120.87,1388354.9,16097.61
Nova União do Leste,MG,Minas Gerais,Sudeste,60505,2388.84,2036186.89,33653.2
Porto Esperança Colonial,PE,Pernambuco,Nordeste,17299,1319.73,336532.15,19453.85
Ipê Alegre do Cerrado,PR,Paraná,Sul,18459,1685.4,529202.96,28669.1
Aracê Azul Central,SP,São Paulo,Sudeste,24347,1744.37,684493.41,28114.08
Santa Belo do Leste,MG,Minas Gerais,Sudeste,4202,1259.32,81384.82,19368.12
Cruz das Flores,PB,Paraíba,Nordeste,19752,1043.64,246639.19,12486.8
Boa do Vale Paulista,BA,Bahia,Nordeste,17070,572.81,109392.01,6408.44
Ribeirão Real do Oeste,SP,São Paulo,Sudeste,63190,1426.71,1525907.5,24147.93
Ipê Azul Maior,SC,Santa Catarina,Sul,6967,2372.2,314825.26,45188.07
Ribeirão Feliz,RS,Rio Grande do Sul,Sul,4415,1303.08,109612.21,24827.23
Rio Azul Menor,MA,Maranhão,Nordeste,13030,852.75,212185.82,16284.41
Campo Vista do Campo,BA,Bahia,Nordeste,14439,1152.06,180186.31,12479.14
Barra Dourado Colonial,RS,Rio Grande do Sul,Sul,25575,2466.06,1013748.09,39638.24
Lagoa Bonito da Mata,PE,Pernambuco,Nordeste,8000,913.18,114399.55,14299.94
Lagoa Feliz do Leste,PA,Pará,Norte,20321,1289.21,498988.89,24555.33
Lagoa das Flores do Leste,PR,Paraná,Sul,5434,1804.92,170226.89,31326.26
Cruz Verde Paulista,PR,Paraná,Sul,6220,1839.19,204404.44,32862.45
São Esperança do Leste,BA,Bahia,Nordeste,18241,802.8,251491.88,13787.18
Porto da Serra do Oeste,BA,Bahia,Nordeste,38912,761.81,462033.63,11873.81
Cachoeira Redonda Colonial,MG,Minas Gerais,Sudeste,11430,1131.99,214679.11,18782.07
São Horizonte Colonial,CE,Ceará,Nordeste,7652,896.53,94383.3,12334.46
Vila Aurora Menor,SE,Sergipe,Nordeste,1606,610.89,13806.24,8596.66
Vale Real Paulista,CE,Ceará,Nordeste,31821,593.07,346207.76,10879.85
São do Vale Paulista,PR,Paraná,Sul,29990,1385.35,649157.75,21645.81
Lagoa Alegre Central,SC,Santa Catarina,Sul,1535,1254.54,20957.36,13653.0
Monte Bonito Paulista,SP,São Paulo,Sudeste,1641,1374.76,27445.24,16724.7
Serra Vista Central,PE,Pernambuco,Nordeste,4951,843.98,57486.29,11611.05
Palmeira Alegre Maior,MA,Maranhão,Nordeste,1634,953.29,19407.58,11877.34
Nova Formosa Colonial,SP,São Paulo,Sudeste,23741,2062.7,922058.49,38838.23
Aracê Azul das Palmeiras,GO,Goiás,Centro-Oeste,7084,2103.08,187977.03,26535.44
Nova Dourado do Campo,SC,Santa Catarina,Sul,2074,1111.59,37750.98,18202.02
São Real do Cerrado,RJ,Rio de Janeiro,Sudeste,3301,1428.07,90487.41,27412.12
Santa União de Minas,MA,Maranhão,Nordeste,46860,1049.22,538291.31,11487.22
Rio Feliz Central,GO,Goiás,Centro-Oeste,5478,2195.32,138424.8,25269.22
Cachoeira do Norte do Cerrado,RS,Rio Grande do Sul,Sul,6926,2158.97,254183.03,36699.83
Palmeira Vista da Mata,SP,São Paulo,Sudeste,23483,2165.86,797878.1,33976.84
Ribeirão Redonda do Oeste,SC,Santa Catarina,Sul,23349,2210.27,856591.58,36686.44
Jaboti Feliz Central,AM,Amazonas,Norte,15002,598.14,147751.96,9848.82
Alto Aurora do Cerrado,BA,Bahia,Nordeste,45141,860.9,707218.41,15666.88
Palmeira do Vale Paulista,MA,Maranhão,Nordeste,27148,1134.6,552459.08,20349.9
Ipê Verde Menor,CE,Ceará,Nordeste,6145,845.51,70538.57,11479.02
Lagoa Claro do Cerrado,AP,Amapá,Norte,23114,751.08,215214.24,9310.99
Jaboti Redonda Central,GO,Goiás,Centro-Oeste,8971,1334.63,180570.25,20128.22
Porto Alegre do Oeste,PE,Pernambuco,Nordeste,3832,1291.53,58087.52,15158.54
São das Flores,CE,Ceará,Nordeste,19785,715.21,181164.91,9156.68
Serra do Sul da Mata,MA,Maranhão,Nordeste,1801,584.46,13093.84,7270.32
Vale do Vale do Leste,CE,Ceará,Nordeste,17023,595.06,175808.13,10327.68
Bela Verde Central,AP,Amapá,Norte,26129,1073.55,401539.92,15367.6
Aracê Dourado do Leste,SP,São Paulo,Sudeste,17249,2422.78,579421.75,33591.61
Coração Bonito Maior,GO,Goiás,Centro-Oeste,3416,1613.3,65831.68,19271.57
Ribeirão Dourado do Campo,MT,Mato Grosso,Centro-Oeste,12937,1499.84,284399.27,21983.4
Vila Real da Mata,MG,Minas Gerais,Sudeste,5137,1032.56,71847.2,13986.22
Vale das Flores do Cerrado,BA,Bahia,Nordeste,103086,1137.4,2085436.72,20230.07
Barra Preto Colonial,SP,São Paulo,Sudeste,2549,2396.48,97835.94,38382.09
Boa das Flores do Oeste,MG,Minas Gerais,Sudeste,47845,1320.37,1085493.83,22687.72
Nova Novo do Leste,PE,Pernambuco,Nordeste,1588,1244.93,22281.6,14031.23
Nova Azul Colonial,PR,Paraná,Sul,20291,1219.48,455270.3,22437.06
Lagoa do Sul do Leste,PB,Paraíba,Nordeste,36952,700.05,374633.88,10138.39
Porto Branco do Oeste,SC,Santa Catarina,Sul,11439,2184.01,280275.16,24501.72
Vale Claro do Cerrado,RS,Rio Grande do Sul,Sul,12113,1909.35,326390.41,26945.46
Cachoeira Verde Paulista,PR,Paraná,Sul,9118,2359.0,253648.37,27818.42
Vila Horizonte Maior,SC,Santa Catarina,Sul,14294,2353.5,411618.96,28796.63
Boa Bonito de Minas,PR,Paraná,Sul,21019,1527.26,465051.28,22125.28
Palmeira Horizonte Paulista,MG,Minas Gerais,Sudeste,5328,1569.16,137605.9,25826.93
Ribeirão Vista do Oeste,CE,Ceará,Nordeste,12056,1311.6,218337.08,18110.24
Cruz Dourado das Palmeiras,SP,São Paulo,Sudeste,24429,1783.23,627858.15,25701.34
Palmeira Belo Central,SP,São Paulo,Sudeste,35959,1864.74,978853.26,27221.37
Jaboti Bonita Menor,PR,Paraná,Sul,7482,2028.56,230428.79,30797.75
Santa Vista do Leste,MG,Minas Gerais,Sudeste,3402,1566.72,73448.05,21589.67
Novo Horizonte das Palmeiras,RS,Rio Grande do Sul,Sul,787,1041.68,12141.42,15427.47
Monte Verde das Palmeiras,SE,Sergipe,Nordeste,5275,672.46,52392.15,9932.16
Campo das Flores do Leste,SE,Sergipe,Nordeste,3276,630.05,28535.1,8710.35
Ribeirão do Sul do Cerrado,SP,São Paulo,Sudeste,4222,1721.53,105621.73,25016.99
Bela União,MT,Mato Grosso,Centro-Oeste,58278,1349.24,1279705.57,21958.64
São Claro de Minas,PB,Paraíba,Nordeste,3108,629.31,23663.0,7613.58
Cruz do Norte da Mata,GO,Goiás,Centro-Oeste,2920,1616.2,72305.25,24762.07
Aracê Grande Colonial,MG,Minas Gerais,Sudeste,4030,2472.29,154529.28,38344.73
Coração União Menor,MG,Minas Gerais,Sudeste,8899,1981.54,202326.45,22735.86
Nova Real Paulista,MG,Minas Gerais,Sudeste,4153,1423.44,92383.76,22245.07
Porto Real do Leste,MG,Minas Gerais,Sudeste,58283,1835.92,1675477.29,28747.27
Serra Branco Menor,MG,Minas Gerais,Sudeste,3796,1109.65,73630.5,19396.87
Serra Horizonte do Leste,RS,Rio Grande do Sul,Sul,983,1359.86,20997.14,21360.26
Palmeira Real,SP,São Paulo,Sudeste,329436,2456.04,15421456.45,46811.69
Campo Redonda do Leste,GO,Goiás,Centro-Oeste,70423,952.67,847567.27,12035.38
Ipê Azul,MG,Minas Gerais,Sudeste,3529,2442.23,128731.53,36478.19
Campo do Sul do Campo,SP,São Paulo,Sudeste,20793,1716.63,483153.88,23236.37
Vila Bonito de Minas,MS,Mato Grosso do Sul,Centro-Oeste,3787,2116.91,117035.01,30904.41
Jaboti Bonita de Minas,BA,Bahia,Nordeste,48166,957.64,882625.99,18324.67
Bela dos Campos Colonial,RS,Rio Grande do Sul,Sul,70574,1857.62,1508354.81,21372.67
Cruz do Norte Maior,SC,Santa Catarina,Sul,2755,1757.23,78668.88,28554.95
Boa das Flores Maior,PB,Paraíba,Nordeste,44848,1065.56,538058.16,11997.37
Campo Grande Maior,MA,Maranhão,Nordeste,780,800.73,8076.06,10353.92
Novo Real do Campo,SC,Santa Catarina,Sul,23671,1327.74,530148.89,22396.56
Santa Novo Menor,MG,Minas Gerais,Sudeste,25966,2371.04,684429.96,26358.7
Nova Bonito Paulista,RS,Rio Grande do Sul,Sul,13486,1081.12,212827.39,15781.36
Aracê Branco Colonial,MA,Maranhão,Nordeste,16236,842.62,210453.5,12962.15
São União,BA,Bahia,Nordeste,3014,1256.21,58225.26,19318.27
Boa das Flores,BA,Bahia,Nordeste,780,723.66,7691.44,9860.82
Santo Grande Colonial,SC,Santa Catarina,Sul,6131,1164.61,131600.73,21464.81
Rio Formosa Maior,RS,Rio Grande do Sul,Sul,3281,2377.71,141923.55,43256.19
Barra Feliz Menor,MG,Minas Gerais,Sudeste,8430,1584.74,249582.69,29606.49
Cruz do Sul de Minas,RS,Rio Grande do Sul,Sul,11840,2126.0,392212.9,33126.09
Rio Claro do Cerrado,PR,Paraná,Sul,8977,1178.93,154522.74,17213.18
Ribeirão Vitória Colonial,MG,Minas Gerais,Sudeste,867,1700.69,20815.8,24009.0
Barra Feliz,SC,Santa Catarina,Sul,10315,2502.19,423323.79,41039.63
Pinheiro Aurora Paulista,SP,São Paulo,Sudeste,31348,1253.2,665859.09,21240.88
Coração Azul,PR,Paraná,Sul,17033,2197.32,472665.62,27749.99
Santo Branco Maior,PE,Pernambuco,Nordeste,19467,1077.39,394064.87,20242.71
Rio Formosa do Leste,AL,Alagoas,Nordeste,2808,780.97,28004.71,9973.19
Ipê Alegre das Palmeiras,PB,Paraíba,Nordeste,42800,711.02,382847.95,8945.05
Ribeirão do Vale do Leste,GO,Goiás,Centro-Oeste,6597,2115.42,216036.25,32747.65
Ipê Bonito Menor,RS,Rio Grande do Sul,Sul,17674,1927.2,383671.35,21708.24
Barra Azul Paulista,SE,Sergipe,Nordeste,19004,769.12,204508.71,10761.35
Aracê Esperança das Palmeiras,PA,Pará,Norte,10631,644.23,117993.14,11098.97
Cachoeira dos Campos Paulista,PB,Paraíba,Nordeste,15109,1076.28,242591.6,16056.1
Campo Alegre Paulista,PR,Paraná,Sul,19329,1443.6,462361.32,23920.6
Vale Bonita Central,MA,Maranhão,Nordeste,3609,1140.93,77334.47,21428.23
Boa Vista do Oeste,RJ,Rio de Janeiro,Sudeste,173391,2452.98,5491585.53,31671.69
Nova União Central,SP,São Paulo,Sudeste,70730,1909.86,2197973.27,31075.54
Coração das Flores do Oeste,RS,Rio Grande do Sul,Sul,11229,1099.92,157356.02,14013.36
Vale do Sul do Oeste,RO,Rondônia,Norte,12974,1280.75,288723.58,22254.01
Santa Bonito do Campo,MS,Mato Grosso do Sul,Centro-Oeste,2698,1315.68,63665.2,23597.18
Campo do Norte Central,MG,Minas Gerais,Sudeste,4049,2465.64,185932.95,45920.71
Santa Formosa Maior,PB,Paraíba,Nordeste,33419,891.14,502066.34,15023.38
Boa da Serra do Cerrado,PA,Pará,Norte,35657,653.72,380616.16,10674.37
Vale Novo da Mata,RS,Rio Grande do Sul,Sul,104546,2375.81,4013963.63,38394.23
Santa Vista Maior,PR,Paraná,Sul,5224,1760.2,171231.99,32777.95
Ipê União Colonial,MT,Mato Grosso,Centro-Oeste,8985,1156.51,169387.56,18852.26
Nova Horizonte Central,PE,Pernambuco,Nordeste,4818,957.42,69441.54,14412.94
Santa do Sul,MG,Minas Gerais,Sudeste,8706,1129.33,120150.16,13800.85
Ribeirão Claro do Campo,RS,Rio Grande do Sul,Sul,49413,1431.85,1007176.83,20382.83
Alto do Sul de Minas,PI,Piauí,Nordeste,2169,860.67,35636.09,16429.73
Serra Formosa Menor,MG,Minas Gerais,Sudeste,22133,1299.9,357700.25,16161.4
Bela Feliz Central,MG,Minas Gerais,Sudeste,81151,1065.71,1631307.4,20102.12
Ipê Bonita do Cerrado,PB,Paraíba,Nordeste,4362,1025.71,54083.97,12398.89
Vila Vitória Menor,MG,Minas Gerais,Sudeste,128327,1693.27,4065836.15,31683.4
Monte Grande das Palmeiras,SC,Santa Catarina,Sul,13215,1658.43,348370.06,26361.71
Barra Aurora do Leste,AM,Amazonas,Norte,7040,716.6,65393.6,9288.86
Vila Dourado da Mata,SP,São Paulo,Sudeste,14509,1209.34,334638.17,23064.18
Jaboti Branco do Oeste,AC,Acre,Norte,4409,737.36,49182.25,11154.97
Serra Bonito Colonial,SC,Santa Catarina,Sul,27635,2533.96,1234347.75,44666.1
Barra Bonita do Cerrado,MA,Maranhão,Nordeste,5327,1283.55,89052.76,16717.24
Porto Grande Menor,PA,Pará,Norte,6632,873.03,81269.49,12254.15
Cachoeira do Vale Paulista,SP,São Paulo,Sudeste,7262,1396.69,194165.03,26737.13
Monte das Flores do Oeste,MG,Minas Gerais,Sudeste,16495,1215.09,378893.74,22970.22
Serra do Vale da Mata,MG,Minas Gerais,Sudeste,12362,1192.17,181125.35,14651.78
São Claro do Leste,TO,Tocantins,Norte,34940,614.39,411085.62,11765.47
Jaboti do Vale Maior,RS,Rio Grande do Sul,Sul,4017,2465.17,181446.7,45169.7
Porto do Vale Maior,MG,Minas Gerais,Sudeste,20689,1288.03,310127.77,14989.98
Alto Verde das Palmeiras,RO,Rondônia,Norte,10864,1402.82,206688.09,19025.05
Rio Real Colonial,PA,Pará,Norte,421196,693.28,3678654.12,8733.83
Campo União Central,SP,São Paulo,Sudeste,51439,2321.37,1480444.0,28780.58
Cachoeira Novo do Campo,MG,Minas Gerais,Sudeste,5290,2252.6,227631.15,43030.46
Nova Aurora Paulista,RS,Rio Grande do Sul,Sul,22276,2353.9,801961.36,36001.14
Jaboti Claro Menor,TO,Tocantins,Norte,5631,1098.94,81512.76,14475.72
Campo Horizonte Paulista,MG,Minas Gerais,Sudeste,5744,1657.23,118109.59,20562.25
Santa União das Palmeiras,MA,Maranhão,Nordeste,12921,1278.35,310978.4,24067.67
Pinheiro Real Menor,MT,Mato Grosso,Centro-Oeste,3049,1971.75,108335.02,35531.33
Ribeirão Branco da Mata,SP,São Paulo,Sudeste,15043,1871.19,451066.87,29985.17
Coração Claro de Minas,CE,Ceará,Nordeste,6023,801.42,81920.5,13601.28
Santa do Norte Paulista,ES,Espírito Santo,Sudeste,18903,1842.16,597330.13,31599.75
Barra Belo Maior,SP,São Paulo,Sudeste,2296,2404.06,89451.91,38959.89
Ribeirão dos Campos do Leste,SC,Santa Catarina,Sul,1219,1917.01,35873.65,29428.75
Serra Vista do Oeste,RS,Rio Grande do Sul,Sul,73377,1308.59,1164095.06,15864.58
Novo Belo do Cerrado,MG,Minas Gerais,Sudeste,20630,2282.54,724698.5,35128.38
Ipê das Flores do Campo,SP,São Paulo,Sudeste,9470,1251.34,188250.06,19878.57
Monte Bonita Central,GO,Goiás,Centro-Oeste,8375,1419.62,148515.3,17733.17
São Azul das Palmeiras,SP,São Paulo,Sudeste,171264,1480.63,3204480.7,18710.77
Monte das Flores Colonial,RR,Roraima,Norte,8673,640.11,67054.33,7731.39
Ipê Belo das Palmeiras,MG,Minas Gerais,Sudeste,13916,1307.39,278524.01,20014.66
Serra Novo Maior,BA,Bahia,Nordeste,9091,884.0,112334.24,12356.64
Porto Feliz Maior,RN,Rio Grande do Norte,Nordeste,7367,676.66,56893.06,7722.69
Aracê Azul Menor,PR,Paraná,Sul,23976,2552.27,1139465.47,47525.25
Novo Bonito das Palmeiras,PI,Piauí,Nordeste,6972,848.37,112214.89,16095.08
Novo Vista do Oeste,BA,Bahia,Nordeste,8351,674.75,88848.97,10639.32
Coração Redonda,MG,Minas Gerais,Sudeste,2073,2031.77,77762.2,37511.92
Coração Preto Central,MG,Minas Gerais,Sudeste,7134,1130.28,152855.73,21426.37
Santo do Vale do Cerrado,BA,Bahia,Nordeste,3938,602.99,44215.53,11227.92
Bela Verde Menor,MG,Minas Gerais,Sudeste,37658,1266.79,558379.94,14827.66
Palmeira Esperança do Cerrado,TO,Tocantins,Norte,31065,1396.56,704533.32,22679.33
Palmeira Vista Menor,RS,Rio Grande do Sul,Sul,44199,1159.7,729361.57,16501.77
Cruz União do Cerrado,PR,Paraná,Sul,2879,1749.99,73430.28,25505.48
Coração Dourado das Palmeiras,BA,Bahia,Nordeste,27749,602.42,231240.92,8333.31
Ribeirão Preto do Oeste,GO,Goiás,Centro-Oeste,2704,1955.93,79477.31,29392.5
Cruz dos Campos da Mata,MG,Minas Gerais,Sudeste,20080,1676.16,482382.63,24023.04
Ipê Bonito das Palmeiras,RS,Rio Grande do Sul,Sul,24015,1197.98,440813.41,18355.75
Vale União Maior,SP,São Paulo,Sudeste,11189,1123.75,216846.38,19380.32
Monte Branco Central,MA,Maranhão,Nordeste,1150,840.58,12718.22,11059.32
Lagoa Claro,RS,Rio Grande do Sul,Sul,29284,1957.21,863440.61,29485.06
Pinheiro Vista do Campo,BA,Bahia,Nordeste,7687,767.58,85476.71,11119.64
Jaboti do Vale do Campo,RS,Rio Grande do Sul,Sul,6243,1158.84,134927.51,21612.61
Coração da Serra do Campo,SP,São Paulo,Sudeste,2901,2238.81,103399.36,35642.66
Cachoeira União da Mata,GO,Goiás,Centro-Oeste,41738,1494.51,1059891.04,25393.91
Alto Real do Leste,RS,Rio Grande do Sul,Sul,34289,1399.23,883611.04,25769.52
Bela Bonito das Palmeiras,MG,Minas Gerais,Sudeste,5409,1395.76,143296.87,26492.3
Ipê Novo,RN,Rio Grande do Norte,Nordeste,6340,927.44,77544.07,12230.93
Pinheiro Horizonte Paulista,TO,Tocantins,Norte,57171,1368.12,860693.21,15054.72
Ipê da Serra Menor,MT,Mato Grosso,Centro-Oeste,3825,2142.83,110845.5,28979.22
Campo Bonita Colonial,TO,Tocantins,Norte,60914,1104.67,759016.6,12460.46
Santo Bonito da Mata,RO,Rondônia,Norte,59172,953.27,688247.28,11631.3
São do Sul Colonial,PE,Pernambuco,Nordeste,128073,894.07,2096460.91,16369.27
Aracê Azul,SP,São Paulo,Sudeste,1333,1149.23,27193.59,20400.29
Pinheiro Novo do Campo,PR,Paraná,Sul,24831,2387.91,845997.68,34070.22
Cachoeira Branco do Leste,SP,São Paulo,Sudeste,71500,1402.5,1206060.82,16867.98
Serra Real do Oeste,RO,Rondônia,Norte,8660,1385.81,229226.99,26469.63
São Redonda do Leste,PI,Piauí,Nordeste,18987,1198.81,314628.15,16570.71
Nova Vista Central,MG,Minas Gerais,Sudeste,38930,1442.87,644179.98,16547.14
Serra Redonda do Oeste,MG,Minas Gerais,Sudeste,2251,1278.58,32900.81,14616.09
Lagoa Bonita do Oeste,MG,Minas Gerais,Sudeste,67020,1279.87,1080494.13,16121.97
Bela União Menor,RN,Rio Grande do Norte,Nordeste,12010,1280.97,260947.44,21727.51
Palmeira do Vale,SC,Santa Catarina,Sul,16984,2341.11,741259.63,43644.58
Nova Vista Menor,PR,Paraná,Sul,9366,1099.48,117660.77,12562.54
Bela Verde Colonial,MG,Minas Gerais,Sudeste,11481,1754.68,351153.95,30585.66
Ribeirão Preto Maior,BA,Bahia,Nordeste,51260,1273.96,1216117.12,23724.49
Alto Feliz Paulista,PB,Paraíba,Nordeste,2707,602.55,19940.65,7366.33
Porto Vista Menor,SP,São Paulo,Sudeste,20566,2338.3,654625.59,31830.48
São Real do Oeste,PR,Paraná,Sul,8692,1791.19,292216.77,33619.05
Novo União do Cerrado,MG,Minas Gerais,Sudeste,9669,1484.58,274064.72,28344.68
Monte Bonito Maior,GO,Goiás,Centro-Oeste,1809,2102.64,43879.81,24256.39
Pinheiro Bonito do Oeste,BA,Bahia,Nordeste,30867,984.99,373515.51,12100.8
Porto da Serra do Leste,PR,Paraná,Sul,59365,1079.44,872722.52,14700.96
Vila Feliz do Cerrado,TO,Tocantins,Norte,12512,1425.99,200565.66,16029.86
Santa do Vale Menor,RS,Rio Grande do Sul,Sul,5983,1336.71,92574.32,15472.89
Nova dos Campos da Mata,PB,Paraíba,Nordeste,34210,1005.91,485166.16,14182.0
São Azul Maior,PR,Paraná,Sul,3200,1194.16,44830.11,14009.41
Monte Verde Paulista,SP,São Paulo,Sudeste,9196,1844.15,235684.63,25629.04
Pinheiro Verde de Minas,MG,Minas Gerais,Sudeste,1566,1445.23,25048.74,15995.36
Ipê Azul da Mata,SP,São Paulo,Sudeste,12083,2454.66,539438.33,44644.4
Serra da Serra Central,GO,Goiás,Centro-Oeste,3109,2133.69,86946.85,27966.18
Bela Grande da Mata,BA,Bahia,Nordeste,2502,1174.57,47911.29,19149.2
Barra Belo,PI,Piauí,Nordeste,29943,1164.9,472486.36,15779.53
Ribeirão Aurora Paulista,PI,Piauí,Nordeste,41914,530.99,342210.47,8164.59
São Real de Minas,SP,São Paulo,Sudeste,2832,1248.68,42436.85,14984.76
Campo Azul das Palmeiras,SP,São Paulo,Sudeste,92986,2188.22,3772090.42,40566.22
Serra da Serra Menor,SC,Santa Catarina,Sul,12277,1655.85,325586.9,26520.07
Boa Belo do Oeste,GO,Goiás,Centro-Oeste,995,2093.21,38227.55,38419.65
Jaboti Bonito da Mata,SP,São Paulo,Sudeste,56806,2337.21,1688272.5,29719.97
Barra Preto do Campo,MG,Minas Gerais,Sudeste,11758,1243.96,274885.68,23378.61
Rio Aurora do Campo,MG,Minas Gerais,Sudeste,6163,2312.29,257550.92,41789.86
Campo dos Campos Paulista,CE,Ceará,Nordeste,56854,1196.19,1192416.6,20973.31
Barra Dourado Paulista,CE,Ceará,Nordeste,66115,569.79,421688.61,6378.11
Jaboti Belo Paulista,PB,Paraíba,Nordeste,89860,864.1,1252124.36,13934.17
Ipê Aurora Menor,PB,Paraíba,Nordeste,5287,995.85,58503.86,11065.61
Porto Vitória de Minas,RS,Rio Grande do Sul,Sul,2955,1044.84,35011.39,11848.19
Alto das Flores Colonial,AL,Alagoas,Nordeste,26732,1075.66,471633.86,17643.04
Alto Verde Central,ES,Espírito Santo,Sudeste,5035,2464.35,232570.57,46190.78
Barra União do Cerrado,SP,São Paulo,Sudeste,2303,2417.4,71845.73,31196.58
Nova Novo do Oeste,RN,Rio Grande do Norte,Nordeste,19984,1202.56,336104.69,16818.69
Alto Claro Maior,SP,São Paulo,Sudeste,4437,1165.3,71999.03,16226.96
Campo da Serra de Minas,SP,São Paulo,Sudeste,3788,1635.71,110935.05,29285.92
Santa Grande das Palmeiras,SC,Santa Catarina,Sul,2275,1175.9,46783.73,20564.28
Aracê Bonito do Cerrado,ES,Espírito Santo,Sudeste,1463,2192.21,46797.07,31987.06
Cruz Belo Maior,RS,Rio Grande do Sul,Sul,161453,1213.85,2731936.97,16920.94
Cachoeira União do Oeste,PR,Paraná,Sul,9189,2237.19,309124.86,33640.75
Cachoeira Belo,CE,Ceará,Nordeste,17516,611.19,192126.31,10968.62
Campo do Sul Menor,RS,Rio Grande do Sul,Sul,53321,1801.96,1100628.39,20641.56
Ribeirão Claro Central,PA,Pará,Norte,66375,884.45,738626.02,11128.08
Boa Horizonte do Cerrado,SC,Santa Catarina,Sul,23885,1391.15,408979.98,17122.88
São União do Campo,GO,Goiás,Centro-Oeste,3932,1692.43,109783.77,27920.59
Ipê dos Campos Colonial,PR,Paraná,Sul,4146,1093.92,84052.59,20273.18
Bela Bonito Menor,SP,São Paulo,Sudeste,3227,1098.51,67653.73,20964.9
Monte Bonita,ES,Espírito Santo,Sudeste,2640,1494.76,62890.76,23822.26
Santo União Central,GO,Goiás,Centro-Oeste,28084,1381.21,662578.01,23592.72
Barra Alegre Maior,MA,Maranhão,Nordeste,43594,1303.77,902674.94,20706.4
Novo União Central,CE,Ceará,Nordeste,27731,1234.65,462404.99,16674.66
Porto Bonito,MG,Minas Gerais,Sudeste,17708,2204.08,698845.65,39464.97
Lagoa Bonita Menor,SP,São Paulo,Sudeste,780,2359.16,23406.68,30008.56
Lagoa do Norte das Palmeiras,MG,Minas Gerais,Sudeste,31114,1254.46,533827.79,17157.16
Monte Redonda das Palmeiras,SC,Santa Catarina,Sul,968,1514.59,25780.3,26632.54
Rio Novo de Minas,MG,Minas Gerais,Sudeste,3185,1680.29,100913.74,31684.06
Rio Horizonte Maior,MG,Minas Gerais,Sudeste,100218,1283.49,2254749.31,22498.45
Serra Esperança do Oeste,BA,Bahia,Nordeste,14766,553.42,154503.2,10463.44
Santo Novo de Minas,MT,Mato Grosso,Centro-Oeste,6772,1505.64,115493.64,17054.58
Monte das Flores Menor,RS,Rio Grande do Sul,Sul,45615,1946.11,1662401.22,36444.18
Lagoa Claro das Palmeiras,TO,Tocantins,Norte,118199,1255.63,2102705.93,17789.54
Porto dos Campos do Oeste,PI,Piauí,Nordeste,66475,1145.68,1384203.15,20822.91
Alto Redonda Paulista,RO,Rondônia,Norte,1163,990.73,17853.44,15351.2
Palmeira do Vale da Mata,SC,Santa Catarina,Sul,3003,1464.24,73301.86,24409.54
Santa Horizonte Colonial,BA,Bahia,Nordeste,2507,625.87,20304.28,8099.03
Rio Vista Paulista,AL,Alagoas,Nordeste,46091,573.44,405151.6,8790.25
Campo da Serra do Oeste,RS,Rio Grande do Sul,Sul,10352,1669.36,236362.36,22832.53
Alto Formosa Paulista,SP,São Paulo,Sudeste,8399,1700.12,167980.93,20000.11
Monte Real Colonial,CE,Ceará,Nordeste,1135,571.03,9979.5,8792.51
Cachoeira Horizonte de Minas,RN,Rio Grande do Norte,Nordeste,8152,1220.35,184803.06,22669.66
Coração Branco do Oeste,PA,Pará,Norte,28775,714.96,295514.78,10269.84
Nova Bonita Paulista,SP,São Paulo,Sudeste,122008,1706.57,2398088.69,19655.18
Aracê Dourado Paulista,SP,São Paulo,Sudeste,1695,2400.3,64488.2,38046.14
Santo Grande,RS,Rio Grande do Sul,Sul,26968,1061.06,427677.49,15858.7
Santo Grande Central,GO,Goiás,Centro-Oeste,21111,1400.72,452307.37,21425.2
Ribeirão Novo das Palmeiras,SP,São Paulo,Sudeste,6478,1701.58,190617.05,29425.29
Coração Formosa das Palmeiras,MT,Mato Grosso,Centro-Oeste,10461,2053.69,327063.51,31265.03
Barra Bonito Colonial,GO,Goiás,Centro-Oeste,9733,2003.74,218772.81,22477.43
Boa Real do Campo,MG,Minas Gerais,Sudeste,10450,1155.46,164775.9,15768.03
Coração Azul do Leste,SP,São Paulo,Sudeste,32050,2402.87,923680.7,28819.99
Santa do Vale Colonial,AL,Alagoas,Nordeste,70743,1006.73,1174378.05,16600.63
Ribeirão do Vale da Mata,PR,Paraná,Sul,31916,1130.22,511636.36,16030.72
Ribeirão Alegre do Campo,MG,Minas Gerais,Sudeste,36436,1396.96,970660.04,26640.14
Vila Formosa,RJ,Rio de Janeiro,Sudeste,6705,1563.9,153002.83,22819.21
Alto Esperança Menor,RN,Rio Grande do Norte,Nordeste,12738,1127.94,187451.64,14715.94
Porto Formosa das Palmeiras,MG,Minas Gerais,Sudeste,8053,2149.35,249228.61,30948.54
Coração do Sul Menor,PE,Pernambuco,Nordeste,13719,1052.99,157373.5,11471.21
Palmeira dos Campos do Leste,PE,Pernambuco,Nordeste,8200,636.09,67766.88,8264.25
Santo Grande das Palmeiras,CE,Ceará,Nordeste,2519,1034.02,33939.75,13473.5
Barra das Flores do Cerrado,PE,Pernambuco,Nordeste,1257,612.14,9175.22,7299.3
Cruz Redonda do Leste,PB,Paraíba,Nordeste,6949,533.6,58161.27,8369.73
Bela do Norte,SC,Santa Catarina,Sul,9160,2289.75,341192.4,37248.08
Serra Preto de Minas,PB,Paraíba,Nordeste,11654,1127.7,148825.98,12770.38
Nova União Menor,MA,Maranhão,Nordeste,2744,1070.96,45736.77,16667.92
Coração Verde do Oeste,PR,Paraná,Sul,75032,1465.62,1652585.61,22025.08
Barra Belo Menor,GO,Goiás,Centro-Oeste,25395,2002.73,866226.45,34110.12
Boa das Flores do Cerrado,PE,Pernambuco,Nordeste,4288,843.79,50788.19,11844.26
Serra Redonda do Campo,MT,Mato Grosso,Centro-Oeste,22355,2161.47,734176.26,32841.7
Alto Novo do Campo,PB,Paraíba,Nordeste,18980,1311.62,475640.9,25060.11
Monte Bonito Central,MG,Minas Gerais,Sudeste,12382,2018.25,458846.96,37057.58
Vila Aurora Paulista,PR,Paraná,Sul,2696,2497.49,86794.5,32193.81
Vale Alegre Menor,MG,Minas Gerais,Sudeste,49832,1314.34,1096762.94,22009.21
Cruz Vitória Menor,MG,Minas Gerais,Sudeste,16770,1358.66,337343.05,20115.86
Vale Redonda da Mata,PB,Paraíba,Nordeste,9393,1000.46,164848.83,17550.18
Rio da Serra Menor,MG,Minas Gerais,Sudeste,9750,1064.5,123970.87,12714.96
Bela da Serra do Leste,SP,São Paulo,Sudeste,2270,1541.73,66257.33,29188.25
Vila Vitória Central,MT,Mato Grosso,Centro-Oeste,15774,1852.09,462687.82,29332.31
Campo das Flores da Mata,GO,Goiás,Centro-Oeste,6656,1449.62,130326.43,19580.29
Coração Feliz Colonial,BA,Bahia,Nordeste,42425,1192.04,652719.53,15385.26
Monte Dourado do Oeste,SC,Santa Catarina,Sul,3762,2528.72,104542.94,27789.19
Barra Bonito do Campo,SP,São Paulo,Sudeste,8408,1264.9,201858.96,24007.96
Cachoeira Verde do Oeste,MG,Minas Gerais,Sudeste,3657,1366.85,92278.86,25233.49
Rio Verde do Oeste,MG,Minas Gerais,Sudeste,10089,1949.84,299026.48,29638.86
Lagoa Dourado Colonial,MG,Minas Gerais,Sudeste,8680,1866.92,228366.75,26309.53
Palmeira Real do Oeste,PI,Piauí,Nordeste,11652,1135.27,249255.64,21391.66
Coração do Sul Maior,AL,Alagoas,Nordeste,77363,1142.5,1644555.24,21257.65
Lagoa Vista de Minas,MG,Minas Gerais,Sudeste,27957,2366.04,1104307.67,39500.22
Palmeira Bonito Menor,MT,Mato Grosso,Centro-Oeste,8337,2026.98,248612.52,29820.38
Nova Esperança Menor,RS,Rio Grande do Sul,Sul,4857,1900.41,116985.55,24085.97
Serra Azul Paulista,MA,Maranhão,Nordeste,15407,1166.26,331277.04,21501.72
Monte Vista do Cerrado,SP,São Paulo,Sudeste,6780,2198.22,267231.1,39414.62
Ipê Verde de Minas,MG,Minas Gerais,Sudeste,80173,2466.72,2755078.51,34364.17
São Bonito da Mata,MG,Minas Gerais,Sudeste,2798,1460.01,72804.13,26020.06
Santa Dourado Maior,MA,Maranhão,Nordeste,3562,1079.96,63153.67,17729.83
Serra Grande do Leste,MT,Mato Grosso,Centro-Oeste,6728,1295.53,138622.3,20603.79
Palmeira do Vale Maior,MG,Minas Gerais,Sudeste,30291,2290.6,1035911.86,34198.67
Monte do Vale Paulista,RS,Rio Grande do Sul,Sul,22546,1393.45,578413.83,25654.83
Porto Azul da Mata,BA,Bahia,Nordeste,2290,991.65,27586.23,12046.39
Boa Real da Mata,PA,Pará,Norte,8167,837.8,102146.37,12507.21
Pinheiro União Colonial,RS,Rio Grande do Sul,Sul,22046,2196.55,596318.24,27048.82
Boa Bonito do Campo,PR,Paraná,Sul,7112,2406.51,319887.66,44978.58
Serra Bonita do Cerrado,PE,Pernambuco,Nordeste,40174,1315.93,911129.77,22679.59
Aracê Verde Paulista,ES,Espírito Santo,Sudeste,16645,1916.93,457755.64,27501.09
Rio União Central,SP,São Paulo,Sudeste,3107,1355.93,66851.48,21516.41
Barra Vitória da Mata,SC,Santa Catarina,Sul,8116,2108.71,241033.47,29698.55
Aracê Vista do Leste,PE,Pernambuco,Nordeste,19530,1274.14,369105.42,18899.41
Vila Bonito,RO,Rondônia,Norte,6319,1084.37,77137.57,12207.24
Santo Preto do Campo,SP,São Paulo,Sudeste,57326,1075.74,1069374.3,18654.26
Boa Verde Paulista,RS,Rio Grande do Sul,Sul,34024,2317.21,1097443.68,32254.99
Palmeira do Sul Central,PR,Paraná,Sul,9357,2265.85,364903.21,38997.89
Barra Alegre do Oeste,MA,Maranhão,Nordeste,5609,592.3,63352.54,11294.8
Aracê Novo Maior,PI,Piauí,Nordeste,3336,1319.78,69343.92,20786.55
Cruz da Serra da Mata,MG,Minas Gerais,Sudeste,63386,1149.81,1200546.66,18940.25
Cachoeira Vitória do Leste,TO,Tocantins,Norte,25489,1061.59,458182.37,17975.69
Ipê Verde do Campo,AP,Amapá,Norte,22973,942.83,275939.88,12011.49
Cruz Bonita do Leste,AM,Amazonas,Norte,11352,597.12,112798.51,9936.44
Jaboti Esperança do Oeste,MG,Minas Gerais,Sudeste,10874,2069.87,298866.07,27484.46
Coração Feliz Menor,MG,Minas Gerais,Sudeste,35960,1766.55,1159855.96,32254.06
Boa dos Campos,PB,Paraíba,Nordeste,6847,1109.9,82973.08,12118.17
Cachoeira do Vale das Palmeiras,MG,Minas Gerais,Sudeste,74227,1584.7,1582871.08,21324.73
Rio Bonita Central,MA,Maranhão,Nordeste,7489,1122.65,131182.92,17516.75
Monte dos Campos Central,MG,Minas Gerais,Sudeste,52889,1474.25,1087155.77,20555.42
Rio da Serra do Campo,RS,Rio Grande do Sul,Sul,16767,1441.84,407844.09,24324.21
Cachoeira Dourado do Oeste,PE,Pernambuco,Nordeste,16537,807.96,220137.89,13311.84
Novo Esperança da Mata,MG,Minas Gerais,Sudeste,45106,1179.81,889114.67,19711.67
Jaboti da Serra da Mata,RS,Rio Grande do Sul,Sul,21931,2136.82,740168.68,33749.88
Porto Belo Paulista,PR,Paraná,Sul,18519,2517.15,668740.28,36111.04
Alto União do Campo,PR,Paraná,Sul,189022,2380.79,5127356.29,27125.71
Campo Alegre Menor,PR,Paraná,Sul,110976,1103.22,1502803.03,13541.69
Ipê Claro Colonial,SP,São Paulo,Sudeste,193868,2089.83,6320722.37,32603.23
Vale Azul da Mata,PB,Paraíba,Nordeste,8007,757.86,71399.07,8917.08
Campo Esperança da Mata,PB,Paraíba,Nordeste,41153,1303.09,882036.17,21433.1
Vale Feliz das Palmeiras,MG,Minas Gerais,Sudeste,8774,1732.94,250370.86,28535.54
Lagoa do Sul,GO,Goiás,Centro-Oeste,79857,1384.56,1892356.42,23696.81
Palmeira Azul,SP,São Paulo,Sudeste,3557,2044.74,121118.96,34050.87
Santa Vitória do Cerrado,PB,Paraíba,Nordeste,13336,743.42,138068.9,10353.1
Palmeira do Norte do Cerrado,AL,Alagoas,Nordeste,46601,1232.27,856051.45,18369.81
Aracê Novo das Palmeiras,SC,Santa Catarina,Sul,3833,1581.49,107380.42,28014.72
Santo das Flores Colonial,BA,Bahia,Nordeste,20931,1164.03,444578.13,21240.18
São do Sul Paulista,SE,Sergipe,Nordeste,22601,1002.84,412880.17,18268.23
Campo Horizonte Menor,PR,Paraná,Sul,3549,2425.5,96250.04,27120.33
Coração Alegre do Campo,MG,Minas Gerais,Sudeste,7889,1165.37,104315.11,13222.86
Monte Horizonte do Campo,BA,Bahia,Nordeste,48589,798.91,444404.48,9146.2
Porto Vitória Central,CE,Ceará,Nordeste,50671,936.79,871566.17,17200.49
Serra do Norte do Oeste,SP,São Paulo,Sudeste,55635,2314.32,2019938.73,36306.98
Santo do Sul de Minas,ES,Espírito Santo,Sudeste,8656,2005.1,238186.69,27516.95
Rio Esperança da Mata,MA,Maranhão,Nordeste,65235,864.98,942136.71,14442.2
Ipê Alegre da Mata,RS,Rio Grande do Sul,Sul,3860,2052.21,144123.74,37337.76
Alto Azul do Cerrado,SP,São Paulo,Sudeste,3759,1894.46,117840.63,31348.93
Coração Bonita do Cerrado,SE,Sergipe,Nordeste,13831,688.15,153589.34,11104.72
Porto Preto Paulista,MG,Minas Gerais,Sudeste,18451,1225.46,262462.13,14224.82
Bela das Flores Colonial,RS,Rio Grande do Sul,Sul,25256,2555.08,1124780.24,44535.17
Campo Formosa Colonial,BA,Bahia,Nordeste,12084,600.07,136338.21,11282.54
Cruz Bonito Paulista,GO,Goiás,Centro-Oeste,31386,1123.92,466971.22,14878.33
São Bonita da Mata,GO,Goiás,Centro-Oeste,38566,1104.9,472997.71,12264.63
Coração Alegre do Oeste,AL,Alagoas,Nordeste,5040,845.71,78864.64,15647.75
Ipê Branco da Mata,PR,Paraná,Sul,37638,1259.99,673875.45,17904.12
Alto das Flores da Mata,PR,Paraná,Sul,41475,1980.34,1348044.93,32502.59
Porto dos Campos do Leste,TO,Tocantins,Norte,11975,1201.33,202103.94,16877.16
Vale dos Campos do Cerrado,MG,Minas Gerais,Sudeste,39766,1298.42,861101.77,21654.22
Santo Dourado de Minas,PE,Pernambuco,Nordeste,4728,570.7,37548.84,7941.8
Bela Vitória Maior,RS,Rio Grande do Sul,Sul,15643,1696.05,430350.13,27510.72
Coração dos Campos,MS,Mato Grosso do Sul,Centro-Oeste,12091,1288.15,171220.61,14161.0
Alto do Norte Central,BA,Bahia,Nordeste,9220,1240.08,140089.81,15194.12
Alto Bonita de Minas,PR,Paraná,Sul,14191,2157.2,389458.02,27444.02
Bela do Norte Central,RS,Rio Grande do Sul,Sul,2666,2241.87,74883.53,28088.35
Serra Redonda da Mata,SP,São Paulo,Sudeste,9150,1914.12,229944.7,25130.57
Cruz da Serra,PR,Paraná,Sul,2019,1891.59,43329.24,21460.74
Santo Feliz do Campo,BA,Bahia,Nordeste,20577,1207.42,462435.51,22473.42
Pinheiro do Norte Central,CE,Ceará,Nordeste,6488,1233.23,92486.99,14255.08
Bela Verde Maior,SC,Santa Catarina,Sul,1900,2364.96,64229.41,33804.95
Bela Vista de Minas,MG,Minas Gerais,Sudeste,2844,1501.34,51906.04,18251.07
Novo do Sul Colonial,RS,Rio Grande do Sul,Sul,55169,1405.66,1453602.77,26348.18
Ipê Real do Campo,PR,Paraná,Sul,6701,1728.56,200290.41,29889.63
Cachoeira Horizonte Maior,SP,São Paulo,Sudeste,5744,1745.31,128278.67,22332.64
Palmeira Azul do Cerrado,PB,Paraíba,Nordeste,4207,1051.85,63156.88,15012.33
Vila Novo Central,MT,Mato Grosso,Centro-Oeste,3485,1003.23,55894.36,16038.55
Cruz Horizonte do Campo,AL,Alagoas,Nordeste,30178,1002.99,453108.35,15014.53
Nova Formosa,SP,São Paulo,Sudeste,45213,1634.55,907882.56,20080.12
Vila Novo Colonial,RN,Rio Grande do Norte,Nordeste,5876,943.88,67568.2,11499.01
Pinheiro Alegre do Leste,MS,Mato Grosso do Sul,Centro-Oeste,28810,1736.71,560062.24,19439.86
Palmeira Feliz Paulista,BA,Bahia,Nordeste,2190,530.33,14639.99,6684.93
Ipê Vitória do Campo,SP,São Paulo,Sudeste,12430,2046.42,336898.7,27103.68
Monte Aurora Maior,PR,Paraná,Sul,11097,2123.32,368677.81,33223.2
Boa Azul da Mata,PA,Pará,Norte,123794,664.96,1175208.11,9493.26
Serra Esperança Central,PR,Paraná,Sul,17990,2255.5,682657.72,37946.51
Serra Preto Maior,SP,São Paulo,Sudeste,3541,1711.22,90046.8,25429.77
Ribeirão Aurora,PI,Piauí,Nordeste,11577,1097.29,222337.17,19205.08
Bela Claro das Palmeiras,MG,Minas Gerais,Sudeste,21173,1150.44,355116.89,16772.16
Aracê Real Paulista,MS,Mato Grosso do Sul,Centro-Oeste,56932,1929.77,1909959.92,33548.09
Monte Branco do Campo,SC,Santa Catarina,Sul,1904,1909.39,43657.97,22929.61
Rio dos Campos das Palmeiras,BA,Bahia,Nordeste,20414,759.09,193110.63,9459.72
Porto Claro das Palmeiras,SP,São Paulo,Sudeste,11114,1826.35,331767.3,29851.3
Ipê Dourado Colonial,TO,Tocantins,Norte,835,789.28,12279.08,14705.49
Ribeirão Alegre do Cerrado,TO,Tocantins,Norte,1863,1303.52,43735.74,23475.97
Nova União Colonial,MG,Minas Gerais,Sudeste,14149,1951.36,450315.24,31826.65
Santo Vista Colonial,PI,Piauí,Nordeste,21578,1101.81,397050.92,18400.73
Bela Horizonte do Campo,AL,Alagoas,Nordeste,24613,1147.54,371198.52,15081.4
Barra Redonda do Cerrado,PR,Paraná,Sul,5251,1146.19,96196.19,18319.59
Pinheiro Branco do Leste,GO,Goiás,Centro-Oeste,18468,1175.4,327000.06,17706.31
Nova Formosa Central,SP,São Paulo,Sudeste,1776,1786.53,47576.53,26788.59
Vale Verde Paulista,BA,Bahia,Nordeste,18780,1026.73,269418.77,14346.05
Santo do Norte do Campo,GO,Goiás,Centro-Oeste,122676,2239.64,5209247.31,42463.46
Monte Alegre da Mata,RS,Rio Grande do Sul,Sul,49440,1251.36,915347.0,18514.3
Santa Redonda Central,PB,Paraíba,Nordeste,14613,1147.46,229362.59,15695.79
Serra Dourado Colonial,SP,São Paulo,Sudeste,4838,2435.69,196896.99,40698.01
Monte das Flores das Palmeiras,AM,Amazonas,Norte,24913,1218.06,403044.89,16178.1
Ipê Alegre do Campo,MG,Minas Gerais,Sudeste,23947,1976.36,694282.69,28992.47
Alto Formosa Menor,PR,Paraná,Sul,54902,2359.59,1519937.93,27684.56
Alto Azul do Campo,RS,Rio Grande do Sul,Sul,780,1944.78,16559.95,21230.71
Cruz do Norte Central,MG,Minas Gerais,Sudeste,1615,1097.37,29750.85,18421.58
Vale do Norte Paulista,MG,Minas Gerais,Sudeste,3042,2300.82,81876.61,26915.39
Palmeira do Sul Menor,CE,Ceará,Nordeste,15843,798.64,188940.96,11925.83
Nova Feliz de Minas,AM,Amazonas,Norte,15685,1130.39,303549.62,19352.86
Alto das Flores Paulista,CE,Ceará,Nordeste,18085,875.83,238326.71,13178.14
Novo Alegre do Leste,PR,Paraná,Sul,11238,2354.4,418844.53,37270.38
Santo Feliz Colonial,SP,São Paulo,Sudeste,1644,2165.98,49755.12,30264.67
Porto Azul,MG,Minas Gerais,Sudeste,4535,1167.24,76382.72,16842.94
Campo Bonito Colonial,GO,Goiás,Centro-Oeste,2123,1246.97,33510.63,15784.56
Jaboti Dourado do Oeste,RS,Rio Grande do Sul,Sul,5088,2533.23,177906.74,34965.95
Santa Claro Colonial,CE,Ceará,Nordeste,2613,805.51,38053.95,14563.32
Pinheiro Grande do Campo,SP,São Paulo,Sudeste,2453,1665.25,53878.51,21964.33
Lagoa Preto do Leste,GO,Goiás,Centro-Oeste,25146,2255.07,712630.35,28339.71
Vila Feliz do Campo,SP,São Paulo,Sudeste,10609,1948.78,340539.06,32099.07
Lagoa das Flores Paulista,PR,Paraná,Sul,32212,1466.82,877780.76,27250.12
Bela Alegre Maior,PR,Paraná,Sul,12534,1901.4,260136.14,20754.44
Boa Belo do Leste,SC,Santa Catarina,Sul,13891,1176.02,263937.2,19000.59
Porto do Vale,RS,Rio Grande do Sul,Sul,61864,2284.69,2694978.08,43562.95
Pinheiro Bonito Colonial,RN,Rio Grande do Norte,Nordeste,16786,1069.57,289865.97,17268.32
Rio Novo Maior,SC,Santa Catarina,Sul,3794,1294.73,69488.09,18315.26
Coração Claro Paulista,GO,Goiás,Centro-Oeste,26917,1075.47,498013.11,18501.81
Cruz Real Maior,SC,Santa Catarina,Sul,38098,1348.88,670296.0,17593.99
Coração Verde Central,RS,Rio Grande do Sul,Sul,2776,2183.21,105362.34,37954.73
Porto Azul do Cerrado,BA,Bahia,Nordeste,12719,853.21,123931.19,9743.78
Campo Claro das Palmeiras,TO,Tocantins,Norte,18925,877.49,201108.4,10626.6
Serra Aurora Maior,ES,Espírito Santo,Sudeste,9967,1587.71,197850.4,19850.55
Alto Preto Menor,PI,Piauí,Nordeste,11828,655.59,89873.25,7598.35
Ipê Feliz da Mata,MG,Minas Gerais,Sudeste,20482,1188.16,446257.38,21787.78
Vale dos Campos do Oeste,ES,Espírito Santo,Sudeste,3465,1103.16,66980.99,19330.73
Vila do Norte Menor,SE,Sergipe,Nordeste,9052,1297.28,224549.06,24806.57
Nova do Sul de Minas,MA,Maranhão,Nordeste,11708,894.88,126358.42,10792.49
Monte União Colonial,BA,Bahia,Nordeste,56585,1204.03,1095790.62,19365.39
Campo do Norte Maior,AM,Amazonas,Norte,63566,1176.78,927977.3,14598.64
Pinheiro do Sul do Oeste,MG,Minas Gerais,Sudeste,2574,1761.18,84438.39,32804.35
Ipê Aurora,MG,Minas Gerais,Sudeste,20659,1307.56,409439.31,19818.93
Ipê Claro do Cerrado,SC,Santa Catarina,Sul,13322,2499.97,524003.44,39333.69
Santo Real das Palmeiras,TO,Tocantins,Norte,1809,1352.17,41091.38,22714.97
Santa Preto Maior,RS,Rio Grande do Sul,Sul,3171,2483.43,93881.26,29606.2
Jaboti Bonita das Palmeiras,RJ,Rio de Janeiro,Sudeste,16434,1318.47,376263.54,22895.43
Bela Grande Central,MG,Minas Gerais,Sudeste,16476,1154.36,285985.37,17357.69
Santo Grande Maior,MS,Mato Grosso do Sul,Centro-Oeste,4125,1333.65,87030.47,21098.3
Campo Belo do Oeste,MG,Minas Gerais,Sudeste,6465,1873.59,138462.71,21417.28
Coração Vitória do Leste,MG,Minas Gerais,Sudeste,8305,1984.23,226557.64,27279.67
Vale Azul Paulista,ES,Espírito Santo,Sudeste,55847,1687.23,1092256.85,19558.02
Cruz Bonito Central,RS,Rio Grande do Sul,Sul,294504,1751.02,6939072.04,23561.89
Serra Redonda Paulista,GO,Goiás,Centro-Oeste,17931,2299.16,617257.63,34424.05
Monte Horizonte Paulista,MA,Maranhão,Nordeste,9859,935.74,165604.16,16797.26
Vila das Flores Central,MG,Minas Gerais,Sudeste,1858,1612.24,36208.94,19488.13
São Novo do Campo,MG,Minas Gerais,Sudeste,3201,1209.3,56767.01,17734.15
Porto Aurora Maior,PI,Piauí,Nordeste,20467,630.61,190125.85,9289.39
Serra Branco do Cerrado,PA,Pará,Norte,57462,805.39,530474.3,9231.74
Santa dos Campos do Campo,TO,Tocantins,Norte,82374,1131.53,1108161.53,13452.81
Jaboti Azul da Mata,BA,Bahia,Nordeste,188287,789.14,1870872.52,9936.28
Monte Horizonte do Cerrado,SP,São Paulo,Sudeste,5116,1383.29,79033.0,15448.2
Jaboti Grande Colonial,SP,São Paulo,Sudeste,51052,1240.41,720560.71,14114.25
Lagoa Vista,RS,Rio Grande do Sul,Sul,4002,1357.07,66612.83,16644.89
Cachoeira Redonda do Oeste,TO,Tocantins,Norte,21089,915.5,308146.81,14611.73
Jaboti Dourado do Campo,SC,Santa Catarina,Sul,69637,2356.17,2667669.03,38308.21
Pinheiro Feliz do Leste,PE,Pernambuco,Nordeste,65102,1005.02,863640.13,13265.95
Vila Branco do Leste,MG,Minas Gerais,Sudeste,5426,1603.89,108867.11,20063.97
Jaboti União das Palmeiras,MG,Minas Gerais,Sudeste,3149,1335.83,66245.16,21036.89
Cachoeira Formosa das Palmeiras,ES,Espírito Santo,Sudeste,2853,2116.39,88597.75,31054.24
Ribeirão da Serra do Leste,MT,Mato Grosso,Centro-Oeste,160423,2332.54,4848128.73,30220.91
Serra dos Campos do Campo,ES,Espírito Santo,Sudeste,21257,2340.98,627786.24,29533.15
Vale Grande do Campo,SC,Santa Catarina,Sul,3986,2380.05,139901.86,35098.31
Monte Real da Mata,SP,São Paulo,Sudeste,3619,1640.96,92543.62,25571.6
Boa Branco do Oeste,SP,São Paulo,Sudeste,4515,1961.92,160484.42,35544.72
Cruz Grande do Campo,PB,Paraíba,Nordeste,17437,670.87,160427.73,9200.42
Boa Belo de Minas,RO,Rondônia,Norte,21515,707.53,172751.87,8029.37
Aracê Bonito Maior,PA,Pará,Norte,10945,1207.88,238596.53,21799.59
Porto Claro de Minas,SP,São Paulo,Sudeste,21144,2439.68,929032.48,43938.35
São Bonita Colonial,MG,Minas Gerais,Sudeste,23177,1157.11,311210.14,13427.54
Coração Real do Campo,MA,Maranhão,Nordeste,10214,1085.84,133463.49,13066.72
Aracê Bonita Maior,RN,Rio Grande do Norte,Nordeste,1850,1229.35,33582.64,18152.78
Ribeirão Redonda das Palmeiras,MA,Maranhão,Nordeste,16921,1195.4,375035.24,22163.89
Lagoa do Sul Central,MT,Mato Grosso,Centro-Oeste,25966,1323.97,522954.89,20139.99
Jaboti Horizonte da Mata,RN,Rio Grande do Norte,Nordeste,20034,1131.62,338866.29,16914.56
Novo Bonita da Mata,SP,São Paulo,Sudeste,18931,1341.79,340070.69,17963.69
Campo Redonda Maior,PR,Paraná,Sul,6181,2205.4,240375.05,38889.35
Cruz do Vale,MG,Minas Gerais,Sudeste,12347,1194.45,196604.65,15923.27
Nova Verde das Palmeiras,BA,Bahia,Nordeste,6968,852.97,105174.44,15093.92
Coração Dourado de Minas,RN,Rio Grande do Norte,Nordeste,1487,779.94,13987.55,9406.56
Nova dos Campos do Leste,SC,Santa Catarina,Sul,17637,1093.93,216904.61,12298.27
São do Vale Colonial,CE,Ceará,Nordeste,3638,656.55,28859.28,7932.73
Bela Claro do Cerrado,MG,Minas Gerais,Sudeste,3917,1534.04,79713.98,20350.77
Boa Real das Palmeiras,TO,Tocantins,Norte,2611,1409.39,49371.6,18909.08
Ribeirão Aurora Menor,GO,Goiás,Centro-Oeste,5353,1809.33,139563.88,26072.09
São Esperança do Campo,MG,Minas Gerais,Sudeste,38967,1176.09,858961.9,22043.32
Barra Bonito Menor,PB,Paraíba,Nordeste,17048,949.73,275062.03,16134.56
Monte Alegre Central,MT,Mato Grosso,Centro-Oeste,104912,1487.39,2575272.54,24546.98
Jaboti dos Campos Maior,MT,Mato Grosso,Centro-Oeste,1283,1881.41,40122.52,31272.42
Santa Belo de Minas,CE,Ceará,Nordeste,780,711.85,8029.19,10293.83
Ipê Grande do Cerrado,MS,Mato Grosso do Sul,Centro-Oeste,8174,2026.48,297069.52,36343.22
Aracê União do Campo,MT,Mato Grosso,Centro-Oeste,8718,1377.64,168339.09,19309.37
Rio Bonita da Mata,RN,Rio Grande do Norte,Nordeste,29145,692.36,339238.8,11639.69
Aracê Formosa do Cerrado,GO,Goiás,Centro-Oeste,85891,1608.81,1780896.08,20734.37
Cachoeira Esperança da Mata,BA,Bahia,Nordeste,7000,1070.02,98565.15,14080.74
Campo Vista Paulista,PR,Paraná,Sul,4323,2160.81,163333.38,37782.41
São Bonito Menor,TO,Tocantins,Norte,11928,1121.49,181177.17,15189.23
Bela Branco do Cerrado,PR,Paraná,Sul,6039,1667.98,161169.32,26688.08
Vale Belo Colonial,PR,Paraná,Sul,3399,2025.96,79753.08,23463.69
Boa Horizonte das Palmeiras,MG,Minas Gerais,Sudeste,36122,1699.29,1027113.76,28434.58
Porto Bonito das Palmeiras,CE,Ceará,Nordeste,14718,766.77,168675.17,11460.47
Nova Esperança de Minas,RS,Rio Grande do Sul,Sul,11242,1792.27,308692.63,27458.87
Rio da Serra das Palmeiras,MA,Maranhão,Nordeste,3568,646.94,28682.85,8038.92
Alto do Vale de Minas,PE,Pernambuco,Nordeste,7307,1233.05,109725.41,15016.48
Santo Bonita da Mata,PR,Paraná,Sul,16912,1277.77,376871.55,22284.27
Aracê Aurora Maior,RS,Rio Grande do Sul,Sul,30463,1504.93,750637.51,24640.96
Jaboti Dourado Central,PE,Pernambuco,Nordeste,14885,821.31,182024.72,12228.73
Nova Belo do Leste,SE,Sergipe,Nordeste,1491,903.76,15813.63,10606.06
São Horizonte da Mata,MG,Minas Gerais,Sudeste,9647,2443.56,315120.27,32665.11
Coração Formosa Menor,PB,Paraíba,Nordeste,34119,1294.13,602872.68,17669.71
Campo Bonita Paulista,RS,Rio Grande do Sul,Sul,17222,2343.71,693872.46,40289.89
Aracê das Flores Paulista,SC,Santa Catarina,Sul,13161,1634.62,412815.16,31366.55
Lagoa Redonda Maior,MG,Minas Gerais,Sudeste,12764,1332.72,292290.05,22899.57
Ribeirão dos Campos do Oeste,GO,Goiás,Centro-Oeste,24418,1388.62,426147.73,17452.2
Rio das Flores do Cerrado,SC,Santa Catarina,Sul,2604,1400.66,69867.72,26830.92
Ribeirão do Norte do Campo,MT,Mato Grosso,Centro-Oeste,48903,1072.67,593714.52,12140.66
Coração Preto do Campo,PE,Pernambuco,Nordeste,4693,609.05,43290.05,9224.39
Novo Verde Central,BA,Bahia,Nordeste,41373,1234.89,637742.61,15414.46
Barra Preto do Oeste,TO,Tocantins,Norte,8449,1264.61,155176.84,18366.3
Palmeira Alegre do Oeste,SC,Santa Catarina,Sul,7900,1473.91,217315.12,27508.24
Campo Belo do Leste,PI,Piauí,Nordeste,10466,853.51,118624.5,11334.27
Aracê Dourado,RS,Rio Grande do Sul,Sul,26872,1762.93,593015.51,22068.16
Aracê Preto Paulista,SP,São Paulo,Sudeste,7157,2201.18,293136.9,40958.07
Pinheiro Real,RS,Rio Grande do Sul,Sul,207520,2372.69,5339057.01,25727.92
Alto Branco do Leste,SP,São Paulo,Sudeste,49889,2376.65,1449711.71,29058.74
Aracê União Menor,SP,São Paulo,Sudeste,39576,2110.64,1534759.92,38780.07
Pinheiro Alegre da Mata,SP,São Paulo,Sudeste,4523,1369.3,117120.31,25894.39
Lagoa Vista do Oeste,MG,Minas Gerais,Sudeste,30012,1832.23,594208.34,19799.03
Barra das Flores da Mata,CE,Ceará,Nordeste,7410,784.55,103256.02,13934.69
Novo do Norte da Mata,SP,São Paulo,Sudeste,780,1822.18,26887.82,34471.56
Cruz Esperança de Minas,SP,São Paulo,Sudeste,14279,2405.73,420035.96,29416.34
Campo dos Campos Colonial,AL,Alagoas,Nordeste,4750,556.31,39102.68,8232.14
Cruz da Serra do Leste,RS,Rio Grande do Sul,Sul,5360,1351.45,118503.37,22108.84
Barra Preto de Minas,RS,Rio Grande do Sul,Sul,22162,2338.28,884392.59,39905.81
Santo do Sul do Oeste,SE,Sergipe,Nordeste,1003,1177.75,14143.48,14101.18
Pinheiro Grande do Cerrado,SC,Santa Catarina,Sul,13914,1239.64,226001.07,16242.71
Ribeirão Grande Menor,PI,Piauí,Nordeste,5995,953.58,98255.54,16389.58
Aracê Belo do Oeste,PR,Paraná,Sul,75575,1247.68,1396503.44,18478.38
Ipê Novo do Oeste,BA,Bahia,Nordeste,17468,1129.6,316868.0,18139.91
Aracê Real do Campo,SP,São Paulo,Sudeste,3078,1377.13,60260.57,19577.83
Cruz Alegre,SP,São Paulo,Sudeste,41054,2171.42,1606446.15,39130.08
Barra Bonita Central,SC,Santa Catarina,Sul,15510,1263.89,290868.29,18753.6
Alto do Vale da Mata,RS,Rio Grande do Sul,Sul,3541,1269.6,73064.87,20633.96
São Alegre Colonial,MT,Mato Grosso,Centro-Oeste,20555,1123.02,398222.5,19373.51
Santa do Sul da Mata,SC,Santa Catarina,Sul,9948,1917.95,213858.22,21497.61
Barra Azul do Oeste,PB,Paraíba,Nordeste,20891,750.6,242049.32,11586.3
Serra Aurora,SP,São Paulo,Sudeste,4042,1265.31,74540.62,18441.52
Coração União,PR,Paraná,Sul,780,2520.56,28300.65,36282.88
Novo Feliz do Cerrado,PI,Piauí,Nordeste,16606,1125.8,281286.37,16938.84
Ribeirão Esperança,TO,Tocantins,Norte,10791,1124.32,186041.16,17240.4
Ribeirão Azul das Palmeiras,SP,São Paulo,Sudeste,65740,1524.46,1232310.67,18745.22
Ipê Bonito Maior,SP,São Paulo,Sudeste,4141,2281.02,136665.1,33002.92
Lagoa Redonda da Mata,BA,Bahia,Nordeste,10487,1294.42,166028.04,15831.8
Lagoa da Serra,MT,Mato Grosso,Centro-Oeste,6037,1083.21,105017.47,17395.64
Pinheiro Grande Central,MA,Maranhão,Nordeste,19530,1195.99,331669.09,16982.54
Santa Claro Paulista,TO,Tocantins,Norte,4504,1090.0,91004.01,20205.15
Santa Vista do Cerrado,AP,Amapá,Norte,4904,1196.84,104537.11,21316.7
São Branco do Oeste,MG,Minas Gerais,Sudeste,53102,1827.54,1154870.87,21748.16
Santo Horizonte de Minas,GO,Goiás,Centro-Oeste,2163,2046.49,48554.34,22447.68
Palmeira Aurora da Mata,RS,Rio Grande do Sul,Sul,47000,1636.01,896250.84,19069.17
Vale Horizonte Menor,PE,Pernambuco,Nordeste,57003,839.87,521973.32,9156.94
Boa do Vale Central,BA,Bahia,Nordeste,11474,749.57,115781.61,10090.78
Lagoa Horizonte Paulista,RS,Rio Grande do Sul,Sul,31858,1463.83,512038.16,16072.51
Cruz da Serra Menor,MG,Minas Gerais,Sudeste,74435,1743.32,1757604.93,23612.61
Santa Azul da Mata,CE,Ceará,Nordeste,51401,1092.97,1044934.46,20329.07
Vale do Vale Central,PA,Pará,Norte,19603,665.42,160982.5,8212.14
Campo Feliz de Minas,GO,Goiás,Centro-Oeste,4777,1169.52,83143.84,17405.03
Jaboti Claro Colonial,MG,Minas Gerais,Sudeste,1010,2114.7,25661.97,25407.89
Campo Dourado do Oeste,RS,Rio Grande do Sul,Sul,27155,1141.61,412242.57,15181.09
Nova Horizonte do Campo,BA,Bahia,Nordeste,5621,814.54,82821.89,14734.37
Alto Aurora Central,BA,Bahia,Nordeste,55677,726.52,654725.6,11759.35
Lagoa Bonita Central,MT,Mato Grosso,Centro-Oeste,188348,965.34,3204578.98,17014.14
Alto do Vale Paulista,GO,Goiás,Centro-Oeste,4987,2154.26,128258.26,25718.52
Aracê Real,SP,São Paulo,Sudeste,2485,1791.98,49368.77,19866.71
Monte Real Menor,MT,Mato Grosso,Centro-Oeste,4024,1446.37,93732.04,23293.25
Santo das Flores do Campo,SP,São Paulo,Sudeste,25641,1495.11,543796.42,21208.08
Palmeira Formosa do Cerrado,GO,Goiás,Centro-Oeste,2857,2150.85,95072.27,33276.96
Boa União Central,MG,Minas Gerais,Sudeste,14461,1954.26,500174.11,34587.8
Bela dos Campos Paulista,AM,Amazonas,Norte,6467,900.12,90837.2,14046.27
Ipê Verde,PE,Pernambuco,Nordeste,32687,691.56,352630.08,10788.08
Cruz Bonita do Campo,TO,Tocantins,Norte,47811,916.28,560163.09,11716.2
Ipê Vista,MT,Mato Grosso,Centro-Oeste,25089,1421.57,432503.38,17238.77
Nova Vitória,PE,Pernambuco,Nordeste,7767,942.73,82386.27,10607.22
Campo Verde Maior,MG,Minas Gerais,Sudeste,5468,2181.6,218442.33,39949.22
Pinheiro das Flores do Leste,PI,Piauí,Nordeste,2773,1233.15,61999.03,22358.11
Alto Vista Menor,BA,Bahia,Nordeste,4716,1164.53,91813.96,19468.61
Boa Feliz Maior,RS,Rio Grande do Sul,Sul,8401,2259.23,293220.3,34903.02
Nova Belo Paulista,BA,Bahia,Nordeste,19411,904.87,218084.57,11235.1
Barra Branco Central,TO,Tocantins,Norte,17659,740.46,233641.13,13230.71
Ribeirão Preto das Palmeiras,BA,Bahia,Nordeste,8448,867.51,119100.42,14098.06
Ipê Branco Paulista,SP,São Paulo,Sudeste,16694,1002.6,239130.79,14324.36
Santo Esperança,PI,Piauí,Nordeste,938,676.79,8143.74,8682.03
Palmeira Dourado do Oeste,RS,Rio Grande do Sul,Sul,17573,1174.51,327035.09,18610.09
Boa Branco do Leste,MG,Minas Gerais,Sudeste,3209,2036.01,107023.56,33351.06
Cruz Verde do Cerrado,SE,Sergipe,Nordeste,10197,1046.02,165577.26,16237.84
Bela Belo da Mata,MG,Minas Gerais,Sudeste,31348,2408.11,1407946.11,44913.43
Vila do Vale Paulista,BA,Bahia,Nordeste,5416,937.38,97421.31,17987.69
Pinheiro Formosa Menor,CE,Ceará,Nordeste,34371,633.39,251856.47,7327.59
Coração Real Colonial,SP,São Paulo,Sudeste,26371,1751.98,610269.85,23141.7
Campo Horizonte de Minas,AM,Amazonas,Norte,3335,1079.58,51398.34,15411.8
Nova Preto,TO,Tocantins,Norte,22084,942.71,239797.57,10858.43
Barra Vista do Oeste,SP,São Paulo,Sudeste,7384,2019.65,169060.92,22895.57
Cachoeira Real Maior,CE,Ceará,Nordeste,19628,538.03,176650.07,8999.9
São Preto do Oeste,AM,Amazonas,Norte,16358,896.57,190776.8,11662.6
Vila do Norte Maior,BA,Bahia,Nordeste,13107,661.7,160978.5,12281.87
Porto União do Campo,GO,Goiás,Centro-Oeste,12393,1001.42,165660.0,13367.22
Bela Vitória Colonial,MT,Mato Grosso,Centro-Oeste,13356,1717.46,279927.36,20958.92
Serra dos Campos Central,MG,Minas Gerais,Sudeste,136572,2396.38,5737695.67,42012.24
Alto Formosa Maior,MG,Minas Gerais,Sudeste,5547,1886.26,155298.38,27996.82
Monte do Norte,MS,Mato Grosso do Sul,Centro-Oeste,123211,2325.76,4257778.53,34556.81
Cachoeira Branco Colonial,RS,Rio Grande do Sul,Sul,42300,1641.6,1215852.51,28743.56
Pinheiro da Serra Colonial,SC,Santa Catarina,Sul,17017,1760.9,392698.89,23076.86
Cruz Vitória do Leste,BA,Bahia,Nordeste,11360,1057.07,192443.46,16940.45
Alto Real da Mata,SC,Santa Catarina,Sul,126160,1571.8,3499797.22,27740.94
Nova União do Campo,RN,Rio Grande do Norte,Nordeste,4991,1255.02,102503.11,20537.59
Coração Alegre Maior,BA,Bahia,Nordeste,2470,1184.87,47696.46,19310.31
Santa Belo,SC,Santa Catarina,Sul,3624,1268.2,71115.46,19623.47
Santo Feliz da Mata,BA,Bahia,Nordeste,1523,733.89,12509.26,8213.57
Rio Belo Central,RS,Rio Grande do Sul,Sul,5231,1181.35,96318.0,18412.92
Alto Formosa Central,TO,Tocantins,Norte,5884,1143.92,115648.03,19654.66
São do Norte da Mata,PR,Paraná,Sul,94772,1146.99,1939333.95,20463.15
Alto Claro do Campo,MG,Minas Gerais,Sudeste,27266,1671.79,807395.63,29611.81
Ribeirão Belo Maior,RS,Rio Grande do Sul,Sul,7904,2163.51,209794.71,26542.85
Vale Feliz Paulista,CE,Ceará,Nordeste,1788,631.94,20424.44,11423.06
Novo Bonito Menor,SP,São Paulo,Sudeste,3108,1751.9,70420.03,22657.67
Santo Claro do Oeste,PI,Piauí,Nordeste,8652,562.49,67334.39,7782.52
Pinheiro Alegre do Campo,BA,Bahia,Nordeste,19043,737.29,267484.72,14046.35
Cruz Horizonte Central,PI,Piauí,Nordeste,4905,643.99,48667.09,9921.93
Rio Bonita do Leste,TO,Tocantins,Norte,22003,731.73,229311.23,10421.82
Ribeirão Bonita Menor,MG,Minas Gerais,Sudeste,9314,1679.79,187352.76,20115.18
Barra Preto,PE,Pernambuco,Nordeste,8105,929.29,119351.18,14725.62
Barra Horizonte das Palmeiras,SP,São Paulo,Sudeste,4784,2366.85,139552.29,29170.63
Ipê Real do Cerrado,MG,Minas Gerais,Sudeste,44593,1395.56,779764.27,17486.25
Novo Vista Central,SC,Santa Catarina,Sul,31560,1842.1,954163.46,30233.32
Cachoeira do Vale de Minas,RN,Rio Grande do Norte,Nordeste,63650,600.43,493550.28,7754.13
Lagoa do Sul de Minas,RS,Rio Grande do Sul,Sul,3962,1548.41,87617.21,22114.39
Ribeirão das Flores do Oeste,GO,Goiás,Centro-Oeste,31899,1281.26,466906.93,14637.04
Porto Redonda de Minas,SE,Sergipe,Nordeste,74431,893.32,1260993.81,16941.78
Bela Azul de Minas,SE,Sergipe,Nordeste,6777,1079.43,111860.57,16505.91
Porto Vitória Colonial,BA,Bahia,Nordeste,16436,1014.45,268833.57,16356.39
Bela Vitória de Minas,MT,Mato Grosso,Centro-Oeste,11098,1008.27,213998.91,19282.66
Pinheiro Dourado da Mata,PA,Pará,Norte,9151,1300.5,220930.48,24142.77
Coração do Norte de Minas,MT,Mato Grosso,Centro-Oeste,3460,2092.61,133676.61,38634.86
Palmeira Redonda Paulista,AL,Alagoas,Nordeste,12271,1233.96,232973.24,18985.68
Pinheiro Dourado das Palmeiras,RJ,Rio de Janeiro,Sudeste,88813,1988.79,2049891.89,23080.99
Campo Belo Maior,RS,Rio Grande do Sul,Sul,20985,2443.33,671014.49,31975.91
Coração Branco do Campo,RS,Rio Grande do Sul,Sul,2363,1861.09,69969.57,29610.48
Novo Bonito Central,SP,São Paulo,Sudeste,10382,2391.69,288685.33,27806.33
Boa Bonita Colonial,PB,Paraíba,Nordeste,8797,1288.4,207370.33,23572.85
Coração do Vale Colonial,RJ,Rio de Janeiro,Sudeste,13658,2199.48,513112.39,37568.63
Vale Branco de Minas,GO,Goiás,Centro-Oeste,3384,2141.58,111709.35,33011.04
Bela Real Maior,GO,Goiás,Centro-Oeste,15321,1398.16,283414.39,18498.43
Santo União Paulista,PE,Pernambuco,Nordeste,5341,1105.08,77168.0,14448.23
Campo Azul Colonial,MT,Mato Grosso,Centro-Oeste,13251,1312.05,237875.11,17951.48
Lagoa do Vale de Minas,BA,Bahia,Nordeste,20347,1246.17,385967.99,18969.28
Bela Preto de Minas,SP,São Paulo,Sudeste,16669,1400.71,260109.83,15604.41
São das Flores Colonial,MT,Mato Grosso,Centro-Oeste,21455,2261.99,767824.75,35787.68
Porto Formosa Paulista,MG,Minas Gerais,Sudeste,29176,1696.15,673857.7,23096.3
Rio Claro Paulista,MA,Maranhão,Nordeste,4623,1275.35,112328.65,24297.78
Alto Dourado Colonial,PB,Paraíba,Nordeste,1533,999.75,20303.73,13244.44
Cruz Grande Colonial,SP,São Paulo,Sudeste,9674,1370.32,217811.84,22515.18
Rio Claro das Palmeiras,PA,Pará,Norte,3618,1248.71,79404.73,21947.13
São da Serra das Palmeiras,MA,Maranhão,Nordeste,26722,900.53,384843.97,14401.77
Monte das Flores Paulista,SP,São Paulo,Sudeste,15094,1518.39,342397.48,22684.34
Cachoeira Novo do Oeste,SP,São Paulo,Sudeste,7544,2083.62,185499.34,24588.99
Bela Novo da Mata,SC,Santa Catarina,Sul,229188,2061.6,5121322.59,22345.51
Vale Bonito do Oeste,MG,Minas Gerais,Sudeste,27727,2367.99,898703.46,32412.57
Porto Bonito Central,MG,Minas Gerais,Sudeste,4246,1653.59,128854.01,30347.15
Vila Novo do Leste,SP,São Paulo,Sudeste,37265,1924.41,1288412.41,34574.33
Alto Grande Menor,PB,Paraíba,Nordeste,8890,846.41,100710.12,11328.47
Novo Grande Menor,TO,Tocantins,Norte,780,871.17,10976.83,14072.86
Pinheiro Real do Cerrado,MG,Minas Gerais,Sudeste,28405,1294.85,398949.04,14045.03
Palmeira Dourado do Cerrado,PE,Pernambuco,Nordeste,3157,902.47,45449.25,14396.34
Pinheiro do Sul Central,RJ,Rio de Janeiro,Sudeste,18686,1791.8,601617.61,32196.17
Palmeira das Flores do Campo,CE,Ceará,Nordeste,6304,851.85,60787.77,9642.73
Santa Bonita do Campo,RS,Rio Grande do Sul,Sul,23919,2037.12,649204.02,27141.77
Jaboti Dourado do Leste,MG,Minas Gerais,Sudeste,7541,1520.59,151547.93,20096.53
Coração Bonita do Leste,SP,São Paulo,Sudeste,3124,1447.75,69625.36,22287.25
Boa dos Campos da Mata,MG,Minas Gerais,Sudeste,11905,2229.84,356389.19,29936.09
Vila do Vale Colonial,MS,Mato Grosso do Sul,Centro-Oeste,9204,1717.5,242944.21,26395.5
Ribeirão do Sul da Mata,PB,Paraíba,Nordeste,9719,1302.98,188227.18,19366.93
Santa Azul Central,MG,Minas Gerais,Sudeste,5124,1872.14,146048.96,28502.92
Novo Claro da Mata,RS,Rio Grande do Sul,Sul,19568,2128.58,595861.66,30450.82
Alto Vista do Campo,AC,Acre,Norte,4653,795.7,53546.01,11507.85
Pinheiro Azul do Oeste,PI,Piauí,Nordeste,826,1171.26,16635.07,20139.31
Santa Novo do Leste,RS,Rio Grande do Sul,Sul,34480,2075.88,1041879.51,30216.92
Cachoeira Azul do Leste,CE,Ceará,Nordeste,26801,1019.12,440202.96,16424.87
Vale Vitória Maior,PB,Paraíba,Nordeste,90008,824.97,1040673.39,11562.01
Jaboti Preto Maior,MG,Minas Gerais,Sudeste,2369,2076.09,56785.56,23970.27
Vale Claro do Campo,MG,Minas Gerais,Sudeste,3772,1512.27,78327.3,20765.46
São do Norte do Campo,SC,Santa Catarina,Sul,4366,2185.67,126883.35,29061.69
Bela Branco Colonial,BA,Bahia,Nordeste,69763,1044.34,1043898.9,14963.5
Coração Vitória do Campo,CE,Ceará,Nordeste,32182,854.71,482209.67,14983.83
Jaboti Horizonte das Palmeiras,BA,Bahia,Nordeste,138608,1020.4,1855017.11,13383.19
Barra Branco da Mata,SP,São Paulo,Sudeste,3742,2178.67,136479.1,36472.23
Nova Azul Maior,RJ,Rio de Janeiro,Sudeste,5023,1579.82,144604.38,28788.45
Cruz Vista do Leste,MA,Maranhão,Nordeste,11505,1173.88,205269.45,17841.76
Cachoeira das Flores do Campo,AC,Acre,Norte,15892,1422.61,282736.58,17791.13
Monte Alegre do Cerrado,MG,Minas Gerais,Sudeste,26112,2234.04,695094.06,26619.72
São Vista do Oeste,BA,Bahia,Nordeste,9175,1121.94,137022.39,14934.32
Ipê Horizonte do Cerrado,MG,Minas Gerais,Sudeste,22152,1509.69,496391.07,22408.41
Vila Esperança do Oeste,SP,São Paulo,Sudeste,47913,1734.46,1339239.71,27951.49
Alto Formosa do Oeste,GO,Goiás,Centro-Oeste,3715,1422.48,66841.29,17992.27
Pinheiro Azul Paulista,SP,São Paulo,Sudeste,6199,1474.12,151477.12,24435.73
Rio do Norte Maior,SP,São Paulo,Sudeste,8315,2291.75,351855.4,42315.74
Vale do Norte Menor,SC,Santa Catarina,Sul,5614,1521.06,129203.93,23014.59
Cachoeira Redonda do Campo,AM,Amazonas,Norte,120759,1200.53,2345767.0,19425.19
Rio Preto do Campo,RS,Rio Grande do Sul,Sul,10262,1370.19,198444.73,19337.82
Palmeira da Serra,SP,São Paulo,Sudeste,14513,1510.75,368536.81,25393.57
Ipê Redonda Menor,ES,Espírito Santo,Sudeste,2594,2026.27,82032.41,31623.91
Vila União Central,GO,Goiás,Centro-Oeste,2579,2011.25,98456.93,38176.4
Vila União do Leste,MG,Minas Gerais,Sudeste,1607,1671.9,46166.11,28728.13
Ribeirão Novo Menor,AP,Amapá,Norte,1427,616.56,9695.96,6794.65
Vale das Flores do Campo,GO,Goiás,Centro-Oeste,11344,2102.27,438157.27,38624.58
Vila do Norte do Cerrado,MG,Minas Gerais,Sudeste,46255,1613.9,1022511.23,22105.96
Monte Novo Paulista,MG,Minas Gerais,Sudeste,6243,2232.17,163779.28,26234.07
Boa Real do Leste,RS,Rio Grande do Sul,Sul,16958,1081.62,281647.81,16608.55
Nova Grande das Palmeiras,MG,Minas Gerais,Sudeste,31410,1098.62,377119.05,12006.34
São Azul do Leste,SP,São Paulo,Sudeste,4709,1566.93,98356.22,20886.86
São Aurora do Leste,PB,Paraíba,Nordeste,5872,885.61,93596.02,15939.38
Ribeirão Bonito do Campo,MT,Mato Grosso,Centro-Oeste,10590,1951.47,338338.36,31948.85
Rio Feliz do Oeste,GO,Goiás,Centro-Oeste,20741,1342.45,356266.29,17176.91
Porto Vista do Campo,MG,Minas Gerais,Sudeste,17799,1532.6,471304.99,26479.3
Lagoa Vitória da Mata,GO,Goiás,Centro-Oeste,36247,1423.06,939401.49,25916.67
Alto Vitória de Minas,RS,Rio Grande do Sul,Sul,27415,1113.6,472828.62,17247.08
Aracê das Flores do Oeste,BA,Bahia,Nordeste,13995,815.01,175104.79,12511.95
Palmeira das Flores Paulista,RS,Rio Grande do Sul,Sul,8572,1989.39,255849.58,29847.13
Novo Horizonte do Cerrado,AC,Acre,Norte,78419,1378.99,1743286.04,22230.4
Serra dos Campos Paulista,MG,Minas Gerais,Sudeste,12505,2238.81,423018.83,33827.98
Serra Vista do Campo,PI,Piauí,Nordeste,2628,565.14,19804.58,7535.99
Novo Verde da Mata,RN,Rio Grande do Norte,Nordeste,121419,927.63,1612733.75,13282.38
Pinheiro Real do Campo,SC,Santa Catarina,Sul,35930,1512.97,842849.41,23458.1
Santa União do Oeste,MG,Minas Gerais,Sudeste,35053,2356.8,1188292.44,33899.88
Vila Feliz das Palmeiras,RS,Rio Grande do Sul,Sul,17999,1280.56,296684.45,16483.39
Campo Novo das Palmeiras,TO,Tocantins,Norte,19415,648.7,203114.75,10461.74
Cachoeira Preto Central,SC,Santa Catarina,Sul,2137,1798.5,48678.98,22779.12
São Alegre de Minas,GO,Goiás,Centro-Oeste,2331,2001.79,75239.23,32277.66
Cachoeira Real Menor,RO,Rondônia,Norte,5699,1051.09,99198.86,17406.36
Santo Formosa Colonial,PA,Pará,Norte,1675,1110.61,34401.04,20537.93
Cachoeira dos Campos de Minas,MG,Minas Gerais,Sudeste,13968,2308.94,569814.32,40794.27
Ipê Novo de Minas,AM,Amazonas,Norte,18938,679.92,246696.6,13026.54
Cruz Azul do Campo,RS,Rio Grande do Sul,Sul,3105,1881.35,78191.17,25182.34
Ipê Bonita Colonial,PR,Paraná,Sul,3570,2186.76,88777.9,24867.76
Monte da Serra da Mata,RS,Rio Grande do Sul,Sul,7261,2538.21,268447.8,36971.19
Cachoeira Horizonte das Palmeiras,SP,São Paulo,Sudeste,18127,1003.1,311157.59,17165.42
Porto Branco das Palmeiras,PR,Paraná,Sul,26140,1757.62,545687.4,20875.57
Bela Redonda do Oeste,PR,Paraná,Sul,1685,1441.92,28000.73,16617.64
São do Vale do Campo,SP,São Paulo,Sudeste,2765,2367.5,115037.39,41604.84
Nova Azul das Palmeiras,MA,Maranhão,Nordeste,12494,735.72,174392.88,13958.13
Ipê do Sul,MG,Minas Gerais,Sudeste,21180,2347.47,771243.46,36413.76
Palmeira Vitória da Mata,MS,Mato Grosso do Sul,Centro-Oeste,780,944.82,8034.62,10300.79
Serra Bonita Menor,PR,Paraná,Sul,24219,2234.56,920956.13,38026.18
Aracê dos Campos do Leste,PR,Paraná,Sul,21581,2423.76,720851.81,33402.15
Bela Feliz das Palmeiras,SP,São Paulo,Sudeste,3109,1551.03,73138.28,23524.7
São das Flores de Minas,MG,Minas Gerais,Sudeste,10206,2441.47,313674.5,30734.32
Vila Novo Menor,MA,Maranhão,Nordeste,3343,1261.53,75245.51,22508.38
Serra Alegre do Oeste,BA,Bahia,Nordeste,11048,1011.29,192401.94,17415.09
Nova Belo do Oeste,PB,Paraíba,Nordeste,1006,1290.99,23016.35,22879.08
Santo Novo Maior,PR,Paraná,Sul,22466,1601.06,521110.97,23195.54
Lagoa Esperança Paulista,SP,São Paulo,Sudeste,29541,1289.48,575298.02,19474.56
Nova Branco Menor,SP,São Paulo,Sudeste,20951,1746.75,514352.11,24550.24
Santa Claro do Campo,AM,Amazonas,Norte,12799,1237.8,227149.1,17747.41
Serra Dourado do Oeste,MG,Minas Gerais,Sudeste,30181,1078.68,456261.79,15117.52
Vila Grande Central,SC,Santa Catarina,Sul,17335,2147.56,553596.71,31935.2
Vila do Vale de Minas,MG,Minas Gerais,Sudeste,30954,1623.22,725277.5,23430.82
Lagoa Grande do Leste,PR,Paraná,Sul,60076,1188.66,1354663.85,22549.17
Ribeirão Horizonte de Minas,PR,Paraná,Sul,7005,1619.89,165158.49,23577.23
Pinheiro Bonito,PI,Piauí,Nordeste,36988,721.96,400328.43,10823.2
São Horizonte do Oeste,AC,Acre,Norte,22415,709.81,185771.28,8287.81
Campo das Flores do Cerrado,MG,Minas Gerais,Sudeste,15361,2238.43,506482.54,32971.98
Pinheiro Esperança Colonial,SE,Sergipe,Nordeste,19502,821.08,232613.48,11927.67
Serra Grande Maior,PB,Paraíba,Nordeste,64130,751.08,860978.95,13425.53
Jaboti da Serra do Leste,RO,Rondônia,Norte,99773,1011.13,1924494.35,19288.73
Boa da Serra Maior,PR,Paraná,Sul,108686,1509.17,2796689.06,25731.82
Ipê Horizonte do Leste,CE,Ceará,Nordeste,2479,646.38,20792.86,8387.6
Ipê Claro Menor,BA,Bahia,Nordeste,4159,1244.35,61592.26,14809.39
Coração Vista Central,BA,Bahia,Nordeste,33959,1053.41,580421.94,17091.84
Serra Verde da Mata,PI,Piauí,Nordeste,5201,595.84,36322.06,6983.67
Novo Feliz do Campo,SP,São Paulo,Sudeste,12459,2345.49,546518.22,43865.34
Monte Vista,RS,Rio Grande do Sul,Sul,10973,2005.93,342723.67,31233.36
Santo Branco Central,MG,Minas Gerais,Sudeste,15591,1876.37,501053.97,32137.39
Rio dos Campos de Minas,MA,Maranhão,Nordeste,4680,934.76,77126.09,16479.93
Barra Belo do Oeste,RS,Rio Grande do Sul,Sul,131476,2467.73,4770151.37,36281.54
Cachoeira Horizonte do Oeste,BA,Bahia,Nordeste,10368,1078.88,123249.42,11887.48
Jaboti Dourado Menor,GO,Goiás,Centro-Oeste,2864,1930.31,86335.57,30145.1
Jaboti Azul de Minas,PI,Piauí,Nordeste,9957,604.15,66254.95,6654.11
Vila Dourado Colonial,MG,Minas Gerais,Sudeste,5116,2430.58,164685.65,32190.31
Porto Dourado do Leste,SP,São Paulo,Sudeste,10690,1795.61,240425.56,22490.7
Cachoeira dos Campos do Cerrado,SC,Santa Catarina,Sul,44376,1227.04,901196.57,20308.2
Vale Redonda Menor,MA,Maranhão,Nordeste,47492,1060.41,804721.18,16944.35
Cruz Azul do Leste,GO,Goiás,Centro-Oeste,2960,1719.91,55141.99,18629.05
Aracê Horizonte do Oeste,BA,Bahia,Nordeste,10800,897.93,166991.01,15462.13
Novo Verde de Minas,MT,Mato Grosso,Centro-Oeste,15421,2029.6,553143.47,35869.49
Rio Branco da Mata,PI,Piauí,Nordeste,12362,768.26,173243.01,14014.16
Campo Bonito Central,SP,São Paulo,Sudeste,30015,2407.52,946802.95,31544.33
Boa Claro do Cerrado,SP,São Paulo,Sudeste,4100,2379.14,140955.33,34379.35
Jaboti Belo do Cerrado,PB,Paraíba,Nordeste,23692,1133.62,501929.73,21185.62
Palmeira Formosa das Palmeiras,GO,Goiás,Centro-Oeste,115027,2010.71,2789115.44,24247.48
Cruz Horizonte Menor,MG,Minas Gerais,Sudeste,1062,1425.94,19603.86,18459.38
Nova Real Maior,MG,Minas Gerais,Sudeste,5530,1641.68,157310.62,28446.77
Rio das Flores do Campo,MG,Minas Gerais,Sudeste,44577,1738.66,1127505.33,25293.43
Cachoeira Claro do Oeste,PR,Paraná,Sul,4839,1512.46,110193.79,22772.02
Barra Esperança Central,RN,Rio Grande do Norte,Nordeste,5738,1088.2,102032.91,17781.96
Nova Bonita de Minas,SP,São Paulo,Sudeste,4164,1558.54,83630.35,20084.14
Novo Claro das Palmeiras,ES,Espírito Santo,Sudeste,19795,1610.43,368002.89,18590.7
Barra Claro de Minas,MG,Minas Gerais,Sudeste,6192,1846.12,180809.23,29200.46
Coração Formosa do Leste,RR,Roraima,Norte,34200,1300.22,633672.9,18528.45
Nova Claro do Campo,MA,Maranhão,Nordeste,20763,576.42,164142.15,7905.51
Coração Vista das Palmeiras,SP,São Paulo,Sudeste,69715,1959.52,1912501.63,27433.14
Santo Esperança do Oeste,MS,Mato Grosso do Sul,Centro-Oeste,75409,1331.97,1602448.75,21250.1
Aracê Azul Maior,MG,Minas Gerais,Sudeste,17285,2058.15,675449.75,39077.22
Rio Dourado do Leste,SC,Santa Catarina,Sul,40607,1304.58,639017.63,15736.64
Vale Azul do Campo,PR,Paraná,Sul,43284,2192.56,1568988.8,36248.7
Cruz Novo do Oeste,MA,Maranhão,Nordeste,11917,768.67,167380.7,14045.54
Vale Grande de Minas,PB,Paraíba,Nordeste,15467,1064.58,314448.5,20330.28
Serra Branco Paulista,RJ,Rio de Janeiro,Sudeste,6870,1191.82,142052.54,20677.23
Ipê Novo do Cerrado,MG,Minas Gerais,Sudeste,8735,1355.91,223019.84,25531.75
Palmeira do Vale de Minas,RN,Rio Grande do Norte,Nordeste,4747,724.41,61510.48,12957.76
Santo Alegre de Minas,TO,Tocantins,Norte,35227,926.3,539074.49,15302.88
Lagoa Vista Menor,MG,Minas Gerais,Sudeste,8866,1462.9,172224.26,19425.25
Novo Formosa Central,GO,Goiás,Centro-Oeste,2008,1097.5,23959.49,11932.02
Nova União do Oeste,PB,Paraíba,Nordeste,1782,590.94,15667.27,8791.96
Bela União do Campo,SC,Santa Catarina,Sul,25812,2038.47,756355.62,29302.48
Barra Aurora de Minas,RS,Rio Grande do Sul,Sul,1516,2080.31,35372.72,23332.93
Boa Belo Central,PI,Piauí,Nordeste,46691,902.6,597800.69,12803.34
Santa Aurora da Mata,AL,Alagoas,Nordeste,1697,868.22,24189.05,14254.01
Jaboti Branco do Leste,MG,Minas Gerais,Sudeste,13965,1341.55,285051.89,20411.88
Nova Bonito Central,SP,São Paulo,Sudeste,14124,1536.75,343384.9,24312.16
Nova do Vale Paulista,PE,Pernambuco,Nordeste,2344,555.28,23729.55,10123.53
Jaboti Bonita do Cerrado,AL,Alagoas,Nordeste,79939,683.32,875330.54,10949.98
Vila do Sul Paulista,PR,Paraná,Sul,13953,2519.12,606159.62,43442.96
Coração Bonito,RO,Rondônia,Norte,21208,776.37,281872.92,13290.88
Bela Feliz de Minas,PR,Paraná,Sul,6438,2027.22,230882.58,35862.47
Cachoeira Grande,RN,Rio Grande do Norte,Nordeste,7124,795.54,65423.14,9183.48
Serra Branco Central,BA,Bahia,Nordeste,2443,662.59,27144.44,11111.11
Ribeirão Real Paulista,BA,Bahia,Nordeste,14728,974.5,161708.52,10979.67
Jaboti Formosa Maior,ES,Espírito Santo,Sudeste,4120,1676.87,89459.26,21713.41
Palmeira Grande Menor,PB,Paraíba,Nordeste,2999,902.31,36900.82,12304.37
Vale Azul do Leste,SP,São Paulo,Sudeste,1887,2381.27,50361.43,26688.62
São do Vale do Leste,MA,Maranhão,Nordeste,11323,560.21,101642.45,8976.64
Barra Verde de Minas,SP,São Paulo,Sudeste,78756,1317.37,1801511.52,22874.59
Porto Azul de Minas,RN,Rio Grande do Norte,Nordeste,322578,840.75,3234217.78,10026.16
Cachoeira Aurora do Leste,ES,Espírito Santo,Sudeste,5442,1775.71,127170.36,23368.31
Boa Feliz da Mata,PA,Pará,Norte,3156,653.61,29811.38,9445.94
Novo Esperança das Palmeiras,MA,Maranhão,Nordeste,4770,828.6,44531.9,9335.83
Cachoeira Preto Menor,RS,Rio Grande do Sul,Sul,21894,1535.24,446185.17,20379.34
Lagoa Novo do Oeste,PB,Paraíba,Nordeste,22156,1181.43,454431.72,20510.55
Palmeira Feliz de Minas,GO,Goiás,Centro-Oeste,14240,1463.94,375703.96,26383.71
Rio Belo Menor,RO,Rondônia,Norte,20663,745.17,289097.69,13991.08
Serra Vitória do Oeste,PR,Paraná,Sul,3662,1261.19,82824.78,22617.36
Cachoeira do Norte do Campo,MA,Maranhão,Nordeste,1316,736.0,13760.82,10456.55
Barra Dourado do Campo,RJ,Rio de Janeiro,Sudeste,37757,2408.65,1382396.83,36612.99
Santo dos Campos do Oeste,AM,Amazonas,Norte,7115,730.57,75963.85,10676.58
Coração Feliz Paulista,PI,Piauí,Nordeste,16961,923.26,284542.15,16776.26
Vila dos Campos Maior,RN,Rio Grande do Norte,Nordeste,2166,1040.75,36837.55,17007.18
Bela Alegre Colonial,RS,Rio Grande do Sul,Sul,2973,1455.57,78488.12,26400.31
Campo Vista Colonial,MG,Minas Gerais,Sudeste,12109,1695.98,348781.72,28803.51
Novo do Vale,MG,Minas Gerais,Sudeste,66630,2100.14,1804341.31,27080.01
Santa Belo Menor,ES,Espírito Santo,Sudeste,11736,1443.28,320305.56,27292.57
Santa União,PI,Piauí,Nordeste,1214,1026.01,18517.99,15253.7
Ipê Horizonte das Palmeiras,MG,Minas Gerais,Sudeste,46699,2090.91,1619114.13,34671.28
Santa Alegre da Mata,ES,Espírito Santo,Sudeste,11453,1355.48,292893.44,25573.51
Novo Vista de Minas,RS,Rio Grande do Sul,Sul,8530,1085.0,122088.45,14312.83
Bela Azul das Palmeiras,BA,Bahia,Nordeste,7017,915.05,84673.02,12066.84
Boa Redonda Colonial,AL,Alagoas,Nordeste,5243,1050.45,67313.58,12838.75
Campo Real de Minas,PI,Piauí,Nordeste,6925,1153.53,145455.33,21004.38
Nova Alegre Central,SP,São Paulo,Sudeste,5582,1963.55,125042.98,22401.11
Cruz do Sul do Campo,BA,Bahia,Nordeste,3751,1163.97,59033.83,15738.16
Boa Feliz de Minas,PR,Paraná,Sul,2574,1261.74,55062.26,21391.71
Pinheiro União da Mata,BA,Bahia,Nordeste,23771,813.43,314420.21,13227.05
Vale Bonito Central,PE,Pernambuco,Nordeste,23859,1127.06,356599.14,14946.11
Monte Alegre do Leste,SP,São Paulo,Sudeste,51097,1841.43,1781335.76,34861.85
Monte Bonita do Leste,RN,Rio Grande do Norte,Nordeste,6289,786.16,93728.74,14903.6
Barra dos Campos do Campo,MT,Mato Grosso,Centro-Oeste,3276,1967.22,101200.86,30891.59
Cruz Feliz Central,MG,Minas Gerais,Sudeste,199622,2228.49,7277973.41,36458.77
Vale Alegre Maior,RS,Rio Grande do Sul,Sul,19188,2031.59,710962.09,37052.43
Rio Redonda Central,RS,Rio Grande do Sul,Sul,20923,2371.55,836585.52,39984.01
Jaboti Azul do Oeste,RJ,Rio de Janeiro,Sudeste,9485,1168.66,204900.26,21602.56
Nova Dourado do Leste,CE,Ceará,Nordeste,7788,1268.47,117439.61,15079.56
Santa Claro do Oeste,SP,São Paulo,Sudeste,4787,2061.44,163514.13,34157.95
Palmeira Esperança das Palmeiras,MG,Minas Gerais,Sudeste,92841,1149.07,1562437.41,16829.17
Boa do Vale da Mata,CE,Ceará,Nordeste,8240,865.27,112022.7,13594.99
Barra Real Paulista,MG,Minas Gerais,Sudeste,5012,2228.13,201906.02,40284.52
Ipê Vitória do Leste,MG,Minas Gerais,Sudeste,8228,2345.18,341622.07,41519.45
Palmeira Horizonte do Cerrado,PR,Paraná,Sul,6688,2036.78,213701.79,31953.02
Ipê Branco do Oeste,MG,Minas Gerais,Sudeste,23567,1172.04,519824.71,22057.31
Serra União de Minas,RS,Rio Grande do Sul,Sul,12958,1227.87,238312.3,18391.13
Aracê Feliz,MG,Minas Gerais,Sudeste,7302,1277.17,153196.83,20980.12
Campo Alegre Central,SC,Santa Catarina,Sul,19703,2343.28,752897.33,38212.32
São das Flores Central,MA,Maranhão,Nordeste,1706,659.07,18272.52,10710.74
São Vista Central,PR,Paraná,Sul,3501,2019.18,79027.79,22572.92
Novo Real da Mata,SC,Santa Catarina,Sul,18864,2404.67,840284.63,44544.35
Palmeira Vista do Cerrado,RS,Rio Grande do Sul,Sul,28988,2040.72,762826.26,26315.24
Boa das Flores de Minas,SP,São Paulo,Sudeste,11994,1266.36,207445.29,17295.76
Ribeirão Horizonte do Cerrado,SE,Sergipe,Nordeste,49347,860.21,693619.0,14055.95
Ipê Claro Paulista,CE,Ceará,Nordeste,32216,1311.5,601854.86,18681.86
Lagoa Vista Colonial,BA,Bahia,Nordeste,1037,984.34,14629.58,14107.6
Ribeirão Branco de Minas,MS,Mato Grosso do Sul,Centro-Oeste,4425,1587.79,92086.8,20810.58
Palmeira da Serra Menor,RJ,Rio de Janeiro,Sudeste,9192,1692.86,229576.24,24975.66
Coração Redonda Paulista,MG,Minas Gerais,Sudeste,9211,1338.83,172246.87,18700.13
Santa Formosa do Oeste,SP,São Paulo,Sudeste,29305,1765.56,818891.11,27943.73
Serra do Vale do Leste,CE,Ceará,Nordeste,34000,889.42,491691.82,14461.52
Jaboti da Serra do Campo,RS,Rio Grande do Sul,Sul,3771,1559.67,89708.24,23788.98
Vale Azul Central,PR,Paraná,Sul,815,1145.58,14244.49,17477.9
Santo Horizonte Maior,PI,Piauí,Nordeste,8452,682.32,97549.18,11541.55
Aracê das Flores Maior,MT,Mato Grosso,Centro-Oeste,3237,1230.02,48256.51,14907.79
Santa Verde Colonial,RS,Rio Grande do Sul,Sul,30376,2309.83,1310628.68,43146.85
Pinheiro Aurora do Oeste,MG,Minas Gerais,Sudeste,17617,2446.56,554240.59,31460.55
Nova Novo de Minas,TO,Tocantins,Norte,56537,1003.8,621802.03,10998.14
Ribeirão Alegre Paulista,RJ,Rio de Janeiro,Sudeste,46471,1348.51,1131182.21,24341.68
Rio dos Campos do Leste,PA,Pará,Norte,35994,1210.1,800001.22,22225.96
Cruz Redonda Colonial,SP,São Paulo,Sudeste,2376,2100.65,86595.57,36445.95
Alto do Vale Colonial,SC,Santa Catarina,Sul,47529,1471.92,959007.31,20177.31
Palmeira Preto Central,MG,Minas Gerais,Sudeste,23814,1095.82,292013.75,12262.27
Pinheiro Aurora do Cerrado,MG,Minas Gerais,Sudeste,17350,1492.58,409887.0,23624.61
Cachoeira Vitória do Cerrado,CE,Ceará,Nordeste,6539,1023.7,81722.27,12497.67
Palmeira Aurora Paulista,RS,Rio Grande do Sul,Sul,12693,2405.76,387566.93,30533.91
Cruz Verde das Palmeiras,SP,São Paulo,Sudeste,13817,1698.04,435436.24,31514.53
São das Flores do Leste,SP,São Paulo,Sudeste,1991,2205.32,48767.27,24493.86
Barra Novo Menor,PE,Pernambuco,Nordeste,2441,853.06,32387.04,13267.94
Campo União do Oeste,PR,Paraná,Sul,5440,1549.64,130254.4,23943.82
Santa Branco do Cerrado,RS,Rio Grande do Sul,Sul,13783,1724.46,346684.23,25153.03
Boa Alegre do Cerrado,MG,Minas Gerais,Sudeste,20384,2014.28,782571.15,38391.44
Rio do Vale Menor,AM,Amazonas,Norte,1954,681.54,25337.3,12966.89
Campo Verde do Cerrado,SC,Santa Catarina,Sul,1818,1290.46,41665.6,22918.37
Santa União da Mata,PE,Pernambuco,Nordeste,5222,892.21,85500.66,16373.16
Santo Alegre Paulista,AL,Alagoas,Nordeste,13842,857.48,174121.88,12579.24
Bela Novo Maior,SP,São Paulo,Sudeste,13298,1801.81,323843.33,24352.78
Aracê do Vale do Leste,PR,Paraná,Sul,13974,1369.78,215755.03,15439.75
Monte Feliz Colonial,PR,Paraná,Sul,52303,1872.49,1084248.65,20730.14
Novo Novo Central,MG,Minas Gerais,Sudeste,9155,2314.93,281687.62,30768.72
Monte Novo do Oeste,SP,São Paulo,Sudeste,6420,1952.32,189018.17,29442.08
Vila Feliz Central,SP,São Paulo,Sudeste,39727,1903.71,1337304.41,33662.36
Serra Belo das Palmeiras,SP,São Paulo,Sudeste,70615,1203.38,1117915.5,15831.13
Porto Alegre do Leste,PR,Paraná,Sul,14650,1720.97,299142.9,20419.31
Palmeira Verde do Campo,RS,Rio Grande do Sul,Sul,5532,1044.49,83398.25,15075.61
Ipê Horizonte da Mata,SC,Santa Catarina,Sul,4841,2162.32,148589.89,30694.05
Monte Horizonte,GO,Goiás,Centro-Oeste,7414,1594.06,137538.32,18551.16
Rio Bonito do Campo,BA,Bahia,Nordeste,3744,796.94,45256.24,12087.67
Jaboti Horizonte do Oeste,MS,Mato Grosso do Sul,Centro-Oeste,3771,1635.87,99954.74,26506.16
Nova Grande da Mata,SP,São Paulo,Sudeste,8187,1725.65,256151.96,31287.65
Boa Belo do Campo,PI,Piauí,Nordeste,59102,569.97,405199.23,6855.93
Ribeirão Alegre Colonial,BA,Bahia,Nordeste,10407,1234.31,206705.6,19862.17
Aracê Belo das Palmeiras,RJ,Rio de Janeiro,Sudeste,164153,2158.45,5931352.87,36133.08
Serra Preto do Cerrado,SP,São Paulo,Sudeste,25315,2306.51,1004075.39,39663.26
Vale Preto do Oeste,SC,Santa Catarina,Sul,2796,1447.51,71019.26,25400.31
Palmeira Esperança do Oeste,MG,Minas Gerais,Sudeste,5271,2195.31,177954.39,33761.03
Alto do Sul Colonial,PB,Paraíba,Nordeste,780,895.68,9401.13,12052.73
Santa Belo do Cerrado,SP,São Paulo,Sudeste,11488,1467.38,205512.01,17889.28
Cruz Aurora Central,BA,Bahia,Nordeste,71763,1244.99,1255018.24,17488.37
Vila União da Mata,RO,Rondônia,Norte,13758,796.04,191938.84,13951.07
Rio Esperança do Campo,PR,Paraná,Sul,13686,1236.05,259045.14,18927.75
Cachoeira Formosa Menor,GO,Goiás,Centro-Oeste,22506,1046.47,291776.9,12964.41
Lagoa Vitória de Minas,PR,Paraná,Sul,5024,2293.05,205643.51,40932.23
Rio do Sul,PR,Paraná,Sul,16086,1037.76,289357.05,17988.13
Pinheiro Aurora Colonial,SE,Sergipe,Nordeste,4357,1041.84,53698.56,12324.66
Campo Redonda do Cerrado,RJ,Rio de Janeiro,Sudeste,11292,1742.41,284614.76,25204.99
Pinheiro Verde do Campo,RS,Rio Grande do Sul,Sul,998,1684.15,31730.43,31794.02
Palmeira Real Menor,PR,Paraná,Sul,8692,1663.6,265059.54,30494.65
Santa Novo da Mata,PA,Pará,Norte,2211,1201.99,42197.3,19085.17
Porto das Flores da Mata,MA,Maranhão,Nordeste,31236,690.56,325043.56,10406.06
Santa Bonita Colonial,RS,Rio Grande do Sul,Sul,44468,2072.07,1090857.89,24531.3
Alto Aurora Menor,GO,Goiás,Centro-Oeste,6672,1274.04,143065.65,21442.69
Serra Branco,BA,Bahia,Nordeste,14296,569.15,136420.56,9542.57
Vale Vista do Oeste,BA,Bahia,Nordeste,11854,924.05,130742.33,11029.39
Porto Verde do Oeste,PE,Pernambuco,Nordeste,29458,668.99,269203.87,9138.57
Cruz Alegre do Campo,RS,Rio Grande do Sul,Sul,3034,1244.69,67305.91,22183.89
Boa Formosa do Cerrado,MG,Minas Gerais,Sudeste,25610,2451.99,1198641.11,46803.64
Nova dos Campos Maior,MT,Mato Grosso,Centro-Oeste,5804,1734.01,127352.6,21942.21
Coração Branco de Minas,BA,Bahia,Nordeste,152739,788.77,1706088.19,11169.96
Nova Grande Menor,PA,Pará,Norte,8706,616.4,89319.0,10259.48
Nova Verde Colonial,RN,Rio Grande do Norte,Nordeste,33161,752.14,381315.49,11498.91
São Belo,MG,Minas Gerais,Sudeste,23887,2180.96,960143.09,40195.21
Cruz do Sul do Cerrado,SP,São Paulo,Sudeste,43803,1700.56,1176632.21,26861.91
Barra Vitória Central,MG,Minas Gerais,Sudeste,3756,2239.08,141741.9,37737.46
Monte Preto do Oeste,CE,Ceará,Nordeste,20918,1130.56,354955.46,16968.9
Novo do Sul Maior,BA,Bahia,Nordeste,27531,687.61,261131.44,9485.0
Alto Vitória do Cerrado,PI,Piauí,Nordeste,11324,863.88,120060.84,10602.33
Aracê Novo,PR,Paraná,Sul,7410,1441.45,203841.91,27509.03
Vila Novo do Campo,PE,Pernambuco,Nordeste,110364,605.28,1185086.22,10737.98
Boa Vitória do Oeste,MG,Minas Gerais,Sudeste,85239,1152.92,1705764.64,20011.55
Boa Feliz do Oeste,GO,Goiás,Centro-Oeste,12270,1454.08,301667.02,24585.74
Santa Formosa do Campo,BA,Bahia,Nordeste,8460,1285.1,141854.73,16767.7
Rio Bonita Menor,MA,Maranhão,Nordeste,22471,773.17,282465.89,12570.24
Coração dos Campos do Leste,MG,Minas Gerais,Sudeste,41329,1789.4,1316882.33,31863.4
Aracê Belo Central,SE,Sergipe,Nordeste,21312,733.54,183293.54,8600.49
Bela Branco de Minas,RS,Rio Grande do Sul,Sul,10146,1231.86,152545.98,15035.09
Barra do Vale Menor,BA,Bahia,Nordeste,29427,922.36,310304.79,10544.9
Santa União do Campo,MG,Minas Gerais,Sudeste,9225,1626.14,189707.51,20564.5
Lagoa Vitória Central,PA,Pará,Norte,17832,735.48,175241.8,9827.38
Alto da Serra do Campo,GO,Goiás,Centro-Oeste,66120,1339.66,1122019.73,16969.45
Ribeirão Azul do Cerrado,PA,Pará,Norte,7606,1090.08,131992.5,17353.73
Palmeira dos Campos de Minas,RS,Rio Grande do Sul,Sul,1780,1854.52,62242.09,34967.47
Barra Vista do Leste,MG,Minas Gerais,Sudeste,31858,1242.2,621284.84,19501.69
Coração das Flores Central,SP,São Paulo,Sudeste,16041,1587.81,455727.07,28410.14
Coração Claro do Cerrado,RS,Rio Grande do Sul,Sul,22338,1109.86,322372.85,14431.59
Santa Novo Colonial,RN,Rio Grande do Norte,Nordeste,6202,732.62,79996.17,12898.45
Vila Bonita do Cerrado,AC,Acre,Norte,10050,869.47,103487.43,10297.26
Ipê União das Palmeiras,ES,Espírito Santo,Sudeste,12634,1441.25,211468.7,16738.06
Monte Claro Maior,PR,Paraná,Sul,6149,1560.39,139341.9,22660.9
Boa Azul Central,RN,Rio Grande do Norte,Nordeste,6201,922.61,75550.36,12183.58
Lagoa Real do Leste,MG,Minas Gerais,Sudeste,4237,2149.28,157809.76,37245.64
Santo Formosa das Palmeiras,PB,Paraíba,Nordeste,5856,779.33,55735.73,9517.71
Monte Grande Paulista,PI,Piauí,Nordeste,8632,661.06,105261.99,12194.39
Porto Grande da Mata,SC,Santa Catarina,Sul,42451,1409.7,892687.0,21028.64
Campo do Norte das Palmeiras,BA,Bahia,Nordeste,10707,922.5,111660.91,10428.78
São Grande,PA,Pará,Norte,4023,840.56,46086.13,11455.66
Santa Esperança Maior,MA,Maranhão,Nordeste,14632,892.19,245046.48,16747.3
Vila do Vale das Palmeiras,RO,Rondônia,Norte,26524,1424.63,698026.53,26316.79
Monte Branco do Cerrado,GO,Goiás,Centro-Oeste,1847,1489.72,45399.78,24580.28
Vale Grande das Palmeiras,GO,Goiás,Centro-Oeste,5403,2140.62,147729.82,27342.18
Palmeira Branco Menor,RS,Rio Grande do Sul,Sul,13520,1023.33,175717.25,12996.84
Boa Esperança Menor,BA,Bahia,Nordeste,20124,1115.46,403887.4,20069.94
Ipê Grande Colonial,BA,Bahia,Nordeste,12567,1216.22,237105.5,18867.31
Santo Grande Menor,MG,Minas Gerais,Sudeste,3269,1400.27,60269.68,18436.73
Aracê Alegre do Campo,PI,Piauí,Nordeste,5273,1203.07,94126.23,17850.6
Novo Feliz Paulista,CE,Ceará,Nordeste,55359,720.1,476635.54,8609.9
Santa Vitória do Campo,MG,Minas Gerais,Sudeste,23195,1853.34,554259.79,23895.66
Vila Azul de Minas,GO,Goiás,Centro-Oeste,3442,1403.22,85249.09,24767.31
Porto Vitória do Campo,RN,Rio Grande do Norte,Nordeste,19777,1283.8,381148.61,19272.32
Serra Alegre Central,RS,Rio Grande do Sul,Sul,26259,1732.25,574112.21,21863.45
Vila Real do Leste,PR,Paraná,Sul,42758,2344.32,1165878.2,27266.9
Vale Vitória Paulista,MG,Minas Gerais,Sudeste,20243,1881.5,534312.11,26394.91
Campo Aurora Menor,MG,Minas Gerais,Sudeste,35349,1492.78,845242.9,23911.37
Vila Verde Maior,BA,Bahia,Nordeste,31828,1091.26,514246.25,16157.04
Ribeirão do Norte do Oeste,PA,Pará,Norte,2566,660.34,23886.15,9308.71
Santa Branco do Campo,RN,Rio Grande do Norte,Nordeste,19215,1091.95,295629.55,15385.35
Boa do Sul do Cerrado,SE,Sergipe,Nordeste,55541,723.48,652919.71,11755.63
Palmeira Branco do Leste,BA,Bahia,Nordeste,19410,622.64,133304.65,6867.83
Novo Horizonte do Oeste,MG,Minas Gerais,Sudeste,2148,1028.88,30506.51,14202.29
Campo do Vale Maior,MG,Minas Gerais,Sudeste,14458,1350.93,247771.26,17137.31
Campo Claro Maior,PR,Paraná,Sul,29270,2026.89,757110.45,25866.43
Campo Aurora Central,AM,Amazonas,Norte,30675,1115.03,535807.58,17467.24
Boa Dourado de Minas,AL,Alagoas,Nordeste,4655,1040.93,58041.46,12468.63
Porto Claro do Leste,TO,Tocantins,Norte,62499,706.69,495812.19,7933.12
Santa Feliz Maior,PB,Paraíba,Nordeste,11919,875.77,190567.63,15988.56
Cachoeira Esperança das Palmeiras,RN,Rio Grande do Norte,Nordeste,16457,947.68,258064.13,15681.12
Lagoa Redonda do Leste,RJ,Rio de Janeiro,Sudeste,122301,2381.2,3774054.16,30858.74
Cruz Formosa das Palmeiras,RS,Rio Grande do Sul,Sul,5503,1172.71,70675.43,12843.07
São da Serra Colonial,MG,Minas Gerais,Sudeste,9459,2423.39,391080.12,41344.76
Alto Vitória do Oeste,RS,Rio Grande do Sul,Sul,11767,1779.83,322016.22,27366.04
Rio Horizonte Menor,GO,Goiás,Centro-Oeste,9998,1686.01,218173.83,21821.75
Cruz Dourado da Mata,PE,Pernambuco,Nordeste,4377,668.26,33963.47,7759.53
Rio do Sul Colonial,RN,Rio Grande do Norte,Nordeste,3463,663.9,25386.42,7330.76
Cruz Horizonte Colonial,PE,Pernambuco,Nordeste,13140,1217.77,181828.44,13837.78
Vale Alegre Colonial,RS,Rio Grande do Sul,Sul,5722,2203.0,200227.64,34992.6
Ipê Dourado da Mata,SP,São Paulo,Sudeste,3043,2259.93,113566.18,37320.47
Jaboti Preto do Oeste,RO,Rondônia,Norte,198660,982.68,2577174.31,12972.79
Alto Esperança do Leste,AP,Amapá,Norte,15676,840.15,145437.44,9277.71
Campo Azul do Leste,SP,São Paulo,Sudeste,35045,2039.1,1357653.95,38740.3
Serra Verde Maior,MA,Maranhão,Nordeste,30784,589.65,322218.51,10467.08
Cachoeira Claro Maior,RS,Rio Grande do Sul,Sul,2535,2244.64,67039.09,26445.4
Vale Preto Maior,SE,Sergipe,Nordeste,6525,1070.26,86366.14,13236.19
Lagoa Feliz Paulista,RN,Rio Grande do Norte,Nordeste,8467,1101.45,141349.61,16694.18
Vila Branco Menor,PE,Pernambuco,Nordeste,5758,966.99,83644.66,14526.69
Lagoa Real de Minas,MG,Minas Gerais,Sudeste,18533,1801.66,380343.18,20522.48
Serra Novo do Cerrado,RS,Rio Grande do Sul,Sul,68508,1309.49,1281489.68,18705.69
Vale Feliz do Cerrado,PI,Piauí,Nordeste,2189,663.08,18486.23,8445.06
Cruz Verde,MG,Minas Gerais,Sudeste,57756,2229.93,2332756.11,40389.85
Palmeira do Norte da Mata,MG,Minas Gerais,Sudeste,59434,1286.1,1423487.88,23950.73
Vale União Paulista,PB,Paraíba,Nordeste,35828,1271.06,777006.25,21687.12
Rio Belo da Mata,AM,Amazonas,Norte,11014,1392.06,190557.13,17301.36
Ribeirão Esperança Maior,SP,São Paulo,Sudeste,20077,1032.19,322718.43,16074.04
Cruz Bonito do Campo,PE,Pernambuco,Nordeste,15894,902.59,224782.55,14142.6
Vila Dourado de Minas,RS,Rio Grande do Sul,Sul,55347,2525.07,1804383.72,32601.29
Monte do Norte das Palmeiras,MG,Minas Gerais,Sudeste,7083,1118.1,99796.15,14089.53
Bela do Vale de Minas,MG,Minas Gerais,Sudeste,71174,1394.49,1581615.59,22221.82
Lagoa Horizonte de Minas,SC,Santa Catarina,Sul,10533,1393.74,200037.37,18991.49
Ipê Vista do Leste,MG,Minas Gerais,Sudeste,20230,1985.54,508362.07,25129.12
Palmeira dos Campos do Oeste,TO,Tocantins,Norte,4148,1140.97,67948.85,16381.11
Ribeirão União de Minas,RS,Rio Grande do Sul,Sul,17225,1496.96,284722.21,16529.59
Barra da Serra Colonial,SP,São Paulo,Sudeste,35994,998.69,602070.27,16726.96
Santa Preto do Oeste,SP,São Paulo,Sudeste,151786,1640.18,4322152.47,28475.3
Santo Bonita do Cerrado,MG,Minas Gerais,Sudeste,21830,1353.69,320846.69,14697.51
Porto Aurora de Minas,SC,Santa Catarina,Sul,2902,2264.75,124113.75,42768.35
Vale Vitória Menor,BA,Bahia,Nordeste,5773,576.73,56933.51,9862.03
Santa da Serra do Oeste,BA,Bahia,Nordeste,32215,892.46,351486.19,10910.64
Alto Preto Paulista,MG,Minas Gerais,Sudeste,1107,1883.21,26556.18,23989.32
Serra Redonda do Leste,PE,Pernambuco,Nordeste,10402,1099.57,183862.78,17675.71
Nova Belo Maior,TO,Tocantins,Norte,26256,779.91,245594.37,9353.84
Rio Aurora Paulista,MG,Minas Gerais,Sudeste,4183,2467.16,117403.47,28066.81
Santo Vista Central,CE,Ceará,Nordeste,79042,1249.42,1873625.71,23704.18
Barra Dourado da Mata,ES,Espírito Santo,Sudeste,10428,1997.44,357307.82,34264.27
Coração Bonita de Minas,BA,Bahia,Nordeste,34277,884.84,462704.56,13498.98
Cruz Horizonte das Palmeiras,SP,São Paulo,Sudeste,2695,1580.71,54389.09,20181.48
Serra Vitória das Palmeiras,CE,Ceará,Nordeste,15368,741.54,194114.24,12631.07
Serra Real das Palmeiras,RN,Rio Grande do Norte,Nordeste,8975,785.02,106820.84,11902.04
São Preto do Cerrado,SP,São Paulo,Sudeste,17486,1499.98,320726.05,18341.88
Alto Horizonte do Cerrado,GO,Goiás,Centro-Oeste,5160,1919.3,178873.62,34665.43
Coração Esperança,RN,Rio Grande do Norte,Nordeste,32460,834.88,388878.45,11980.24
São Dourado do Oeste,MG,Minas Gerais,Sudeste,5141,1675.51,140591.4,27347.09
Ipê Vista Menor,RR,Roraima,Norte,17238,699.88,213399.13,12379.58
Pinheiro Branco das Palmeiras,PI,Piauí,Nordeste,258302,920.67,3129867.85,12117.09
Santa Formosa Colonial,MG,Minas Gerais,Sudeste,13428,1524.19,378686.26,28201.24
Barra Bonito do Cerrado,AC,Acre,Norte,5187,1171.16,95146.13,18343.19
Alto Belo da Mata,MA,Maranhão,Nordeste,11802,559.15,89406.74,7575.56
Rio do Norte do Campo,PR,Paraná,Sul,26016,1976.8,863187.58,33179.1
Nova Real,PR,Paraná,Sul,3562,1905.02,117590.09,33012.38
Barra do Norte Central,PA,Pará,Norte,14186,776.95,163707.95,11540.11
Palmeira Dourado das Palmeiras,SC,Santa Catarina,Sul,5803,1657.27,130635.29,22511.68
Jaboti Esperança Central,MT,Mato Grosso,Centro-Oeste,3331,1018.61,52650.57,15806.24
Jaboti dos Campos do Cerrado,MG,Minas Gerais,Sudeste,1314,1696.09,41520.82,31598.8
Ribeirão Novo Colonial,MG,Minas Gerais,Sudeste,7727,2072.28,304370.0,39390.45
São Preto da Mata,PR,Paraná,Sul,5230,1739.65,145850.4,27887.27
Cachoeira dos Campos das Palmeiras,SP,São Paulo,Sudeste,23337,1923.34,796245.74,34119.46
Cruz Vitória Paulista,MG,Minas Gerais,Sudeste,13630,1200.63,182906.09,13419.38
Barra do Sul,SC,Santa Catarina,Sul,15852,2518.67,735907.41,46423.63
Aracê Branco do Oeste,PI,Piauí,Nordeste,41690,1313.83,852787.14,20455.44
Vale Branco do Leste,PB,Paraíba,Nordeste,10099,1128.45,213538.75,21144.54
Jaboti Esperança das Palmeiras,PI,Piauí,Nordeste,27755,1064.58,431686.71,15553.48
Alto Aurora Maior,BA,Bahia,Nordeste,14788,782.62,209449.15,14163.45
Monte do Sul do Campo,PR,Paraná,Sul,93125,1596.98,2466733.89,26488.42
Rio Azul da Mata,SP,São Paulo,Sudeste,66085,1363.26,1046773.25,15839.8
Jaboti Vitória do Oeste,PI,Piauí,Nordeste,2615,543.73,20544.38,7856.36
Rio das Flores da Mata,MG,Minas Gerais,Sudeste,6332,2116.32,200925.89,31731.82
Santa das Flores Paulista,RO,Rondônia,Norte,8180,979.71,110376.73,13493.49
Ipê do Sul do Oeste,SC,Santa Catarina,Sul,10114,2451.08,278853.2,27571.01
Lagoa Real Central,PI,Piauí,Nordeste,10759,883.21,166954.82,15517.69
Palmeira Claro Colonial,MT,Mato Grosso,Centro-Oeste,4740,1721.01,152540.58,32181.56
Alto Novo Central,MG,Minas Gerais,Sudeste,15109,1590.6,432237.17,28607.93
São da Serra de Minas,SP,São Paulo,Sudeste,6563,1240.92,100005.31,15237.74
Boa dos Campos Central,GO,Goiás,Centro-Oeste,29006,1430.75,745752.71,25710.29
Barra Alegre Colonial,PE,Pernambuco,Nordeste,1884,616.21,17264.5,9163.75
Santa Aurora Menor,AL,Alagoas,Nordeste,27695,1267.91,544227.22,19650.74
Serra Real Colonial,SP,São Paulo,Sudeste,25797,1279.68,383433.66,14863.5
Vale Vista Paulista,SP,São Paulo,Sudeste,7753,1485.29,192688.81,24853.45
São Redonda Colonial,MG,Minas Gerais,Sudeste,30241,2234.55,824475.56,27263.5
São do Vale de Minas,TO,Tocantins,Norte,24341,1235.48,385019.45,15817.73
Palmeira Azul Menor,CE,Ceará,Nordeste,16852,787.47,243945.44,14475.76
Serra Feliz do Oeste,SP,São Paulo,Sudeste,73189,1267.84,1722333.83,23532.69
Vila das Flores do Leste,PR,Paraná,Sul,3206,1803.35,101474.14,31651.32
Santa Aurora Maior,PR,Paraná,Sul,2633,1642.13,61565.32,23382.2
Ipê Esperança Central,SP,São Paulo,Sudeste,58722,2352.16,1590294.44,27081.75
Santo Feliz do Oeste,SP,São Paulo,Sudeste,12130,1590.44,220080.59,18143.49
Ipê Vitória de Minas,MA,Maranhão,Nordeste,114317,875.81,1566619.9,13704.17
Rio das Flores Maior,PE,Pernambuco,Nordeste,51483,1212.54,992094.17,19270.33
Vila Esperança Menor,GO,Goiás,Centro-Oeste,34748,1673.86,1069511.86,30779.09
Vale dos Campos das Palmeiras,PB,Paraíba,Nordeste,43994,966.41,521309.99,11849.57
Vale Feliz Menor,MG,Minas Gerais,Sudeste,19161,1739.54,377052.75,19678.14
Nova Preto da Mata,PE,Pernambuco,Nordeste,18658,1212.94,256996.54,13774.07
São Preto de Minas,ES,Espírito Santo,Sudeste,2081,2048.4,50274.14,24158.64
Nova da Serra,PI,Piauí,Nordeste,15208,833.87,141422.01,9299.19
Barra Real das Palmeiras,SC,Santa Catarina,Sul,24787,1704.44,470192.65,18969.32
Coração do Sul do Oeste,PI,Piauí,Nordeste,7593,1022.29,86925.9,11448.16
Nova Preto do Leste,SP,São Paulo,Sudeste,2696,1355.2,50874.77,18870.46
Cruz Grande Maior,RO,Rondônia,Norte,3836,1071.21,75810.25,19762.84
Vale Bonita do Leste,GO,Goiás,Centro-Oeste,6737,2076.49,170669.53,25333.16
Vila do Sul do Campo,SC,Santa Catarina,Sul,10219,1425.73,166443.97,16287.7
Porto Bonita das Palmeiras,RN,Rio Grande do Norte,Nordeste,9149,528.47,85665.48,9363.37
Nova das Flores do Leste,MG,Minas Gerais,Sudeste,16263,1418.87,279851.6,17207.87
Boa Preto de Minas,RS,Rio Grande do Sul,Sul,10731,1915.77,280248.12,26115.75
Coração Grande Paulista,SP,São Paulo,Sudeste,39145,1597.59,869401.09,22209.76
Novo Redonda Central,MA,Maranhão,Nordeste,21043,1168.37,429501.79,20410.67
Palmeira Branco da Mata,MA,Maranhão,Nordeste,15305,1252.51,323534.49,21139.14
Nova Bonito Maior,PI,Piauí,Nordeste,3260,620.45,27452.89,8421.13
Coração Grande Central,PI,Piauí,Nordeste,19103,1011.49,367513.74,19238.54
Cachoeira Branco de Minas,BA,Bahia,Nordeste,2522,961.0,33538.64,13298.43
Vale Dourado do Cerrado,MG,Minas Gerais,Sudeste,7586,1141.81,115536.53,15230.23
Nova do Sul Colonial,RS,Rio Grande do Sul,Sul,15498,1088.13,238477.32,15387.62
Santo Real do Cerrado,SP,São Paulo,Sudeste,15687,1460.42,290698.19,18531.15
Cruz Preto do Cerrado,RS,Rio Grande do Sul,Sul,10549,2453.38,360874.45,34209.35
Palmeira Preto do Leste,BA,Bahia,Nordeste,7584,1287.14,136096.56,17945.22
Palmeira Branco Maior,PB,Paraíba,Nordeste,12081,1195.56,219790.94,18193.11
Barra Real de Minas,SP,São Paulo,Sudeste,7605,2178.81,311842.95,41004.99
Cachoeira do Norte Menor,BA,Bahia,Nordeste,12067,859.76,168890.63,13996.07
Coração Preto das Palmeiras,MT,Mato Grosso,Centro-Oeste,23724,1420.16,497309.55,20962.3
Barra Redonda das Palmeiras,BA,Bahia,Nordeste,6919,1049.5,79113.23,11434.2
Bela Bonito do Oeste,PR,Paraná,Sul,1218,1554.75,24107.26,19792.5
Novo da Serra Menor,MA,Maranhão,Nordeste,47887,916.63,557472.78,11641.42
Boa do Sul de Minas,RN,Rio Grande do Norte,Nordeste,11752,679.04,118687.18,10099.32
Coração Aurora do Campo,PR,Paraná,Sul,22235,1577.53,574394.45,25832.9
Aracê Esperança de Minas,SC,Santa Catarina,Sul,39585,1801.19,1044371.69,26383.02
Cachoeira Novo Paulista,SP,São Paulo,Sudeste,67327,2098.55,1981624.38,29432.83
Cachoeira das Flores do Oeste,MG,Minas Gerais,Sudeste,14710,2131.7,366952.46,24945.78
Ribeirão Dourado Maior,PI,Piauí,Nordeste,18095,693.46,158579.01,8763.69
Serra Novo Colonial,PA,Pará,Norte,23302,1272.08,540380.83,23190.32
Pinheiro do Vale do Oeste,SE,Sergipe,Nordeste,9907,1163.14,208801.86,21076.19
Alto da Serra,CE,Ceará,Nordeste,11599,1104.43,190202.27,16398.16
Vale Preto de Minas,BA,Bahia,Nordeste,8857,1008.19,158021.21,17841.39
Pinheiro da Serra Paulista,BA,Bahia,Nordeste,8801,860.44,92298.92,10487.32
Jaboti da Serra de Minas,RS,Rio Grande do Sul,Sul,1082,2263.57,36972.12,34170.17
Novo do Norte Menor,SP,São Paulo,Sudeste,17578,1391.09,408659.51,23248.35
Santo do Vale do Oeste,MG,Minas Gerais,Sudeste,1943,1296.3,34319.66,17663.23
Aracê Redonda de Minas,CE,Ceará,Nordeste,12030,691.4,101719.69,8455.5
São Preto Paulista,MA,Maranhão,Nordeste,2362,1001.02,30734.43,13012.04
Campo Verde das Palmeiras,RS,Rio Grande do Sul,Sul,7096,1928.27,166178.84,23418.66
Ipê Vitória do Cerrado,PA,Pará,Norte,24979,850.06,311183.82,12457.82
Cachoeira Feliz do Campo,TO,Tocantins,Norte,5916,806.63,53896.63,9110.32
Lagoa Horizonte Colonial,PR,Paraná,Sul,3936,1768.09,83944.38,21327.33
Santa Feliz da Mata,CE,Ceará,Nordeste,1043,819.9,13022.28,12485.41
Santa Bonita das Palmeiras,CE,Ceará,Nordeste,5475,629.53,59313.73,10833.56
Novo Dourado Maior,SP,São Paulo,Sudeste,17796,1118.41,381251.32,21423.43
Boa do Sul Central,MG,Minas Gerais,Sudeste,11884,1379.99,263128.49,22141.41
Ipê Redonda Paulista,SP,São Paulo,Sudeste,10519,1807.4,282624.69,26868.02
Novo Grande do Cerrado,RS,Rio Grande do Sul,Sul,3157,2257.97,107695.72,34113.31
Novo Novo Paulista,CE,Ceará,Nordeste,94424,1126.53,1780652.85,18858.05
Coração Bonito da Mata,MG,Minas Gerais,Sudeste,122731,1037.95,1643617.3,13392.03
Cruz Alegre de Minas,SC,Santa Catarina,Sul,21557,1504.13,357280.96,16573.78
Jaboti Novo Paulista,MA,Maranhão,Nordeste,51638,1018.57,913578.36,17691.98
Vila Bonita do Oeste,BA,Bahia,Nordeste,19607,1179.37,383743.79,19571.77
Ipê da Serra das Palmeiras,RO,Rondônia,Norte,4151,856.35,56111.3,13517.54
Boa Bonito Colonial,PE,Pernambuco,Nordeste,2327,1147.81,43640.36,18753.91
Cruz do Vale do Cerrado,GO,Goiás,Centro-Oeste,13373,1780.61,301239.11,22525.92
Aracê Bonito de Minas,SP,São Paulo,Sudeste,4459,2298.33,138623.3,31088.43
Cachoeira Horizonte do Cerrado,RS,Rio Grande do Sul,Sul,3781,1618.0,74190.08,19621.81
Pinheiro Preto Maior,SC,Santa Catarina,Sul,172043,2507.12,6559464.92,38126.89
Serra das Flores de Minas,MG,Minas Gerais,Sudeste,30094,2449.38,1366450.27,45406.07
Barra das Flores Menor,SP,São Paulo,Sudeste,3122,1044.86,55061.71,17636.68
Cachoeira União das Palmeiras,SP,São Paulo,Sudeste,42995,1730.31,1177071.19,27376.93
Coração Formosa Maior,PR,Paraná,Sul,8278,1190.85,145874.52,17621.95
Santo Aurora das Palmeiras,BA,Bahia,Nordeste,6663,837.66,102387.0,15366.5
Vale União do Campo,PE,Pernambuco,Nordeste,33188,582.89,217042.98,6539.8
Coração Redonda Menor,SC,Santa Catarina,Sul,8723,2434.48,378980.27,43446.09
Barra dos Campos Menor,MS,Mato Grosso do Sul,Centro-Oeste,25523,1648.8,652680.87,25572.26
Jaboti Feliz Maior,SC,Santa Catarina,Sul,4479,2237.85,173648.7,38769.52
Ipê Vitória da Mata,PB,Paraíba,Nordeste,35630,837.96,348490.64,9780.82
Boa Dourado Central,RS,Rio Grande do Sul,Sul,42079,2411.69,1291933.17,30702.56
Jaboti Aurora da Mata,MS,Mato Grosso do Sul,Centro-Oeste,10222,1443.37,168024.32,16437.52
Ribeirão Vitória do Campo,PE,Pernambuco,Nordeste,2398,635.89,23853.52,9947.26
Vila Preto Menor,SP,São Paulo,Sudeste,2650,1838.63,56113.49,21174.9
Vale Bonito do Leste,PA,Pará,Norte,7293,888.28,105117.86,14413.53
Aracê Verde da Mata,MG,Minas Gerais,Sudeste,5104,2367.62,173703.23,34032.76
Lagoa Preto da Mata,RJ,Rio de Janeiro,Sudeste,5459,1134.38,114976.02,21061.74
Coração do Sul da Mata,PE,Pernambuco,Nordeste,11811,1083.46,168549.18,14270.53
Porto Vitória das Palmeiras,PE,Pernambuco,Nordeste,4734,1234.94,95853.91,20247.97
Porto Branco do Cerrado,ES,Espírito Santo,Sudeste,3711,1584.9,79706.35,21478.4
Cruz das Flores do Leste,PE,Pernambuco,Nordeste,10160,608.17,86151.96,8479.52
Novo União Paulista,MG,Minas Gerais,Sudeste,40642,1318.42,743292.56,18288.78
Porto Dourado Colonial,PR,Paraná,Sul,50767,2417.1,2142783.49,42208.2
Santa Vitória do Oeste,MG,Minas Gerais,Sudeste,104293,1943.07,3644673.33,34946.48
Jaboti do Norte Maior,CE,Ceará,Nordeste,9840,1248.99,164972.75,16765.52
Jaboti Alegre Central,BA,Bahia,Nordeste,1538,618.25,14321.86,9312.0
Santo Redonda do Leste,MG,Minas Gerais,Sudeste,33115,1664.67,727906.07,21981.16
Cachoeira Novo do Leste,SC,Santa Catarina,Sul,5578,1321.59,97928.63,17556.23
Pinheiro Horizonte do Oeste,RS,Rio Grande do Sul,Sul,5513,1653.19,174026.88,31566.64
Lagoa Aurora Colonial,TO,Tocantins,Norte,2813,1030.88,33904.11,12052.65
Boa dos Campos Paulista,CE,Ceará,Nordeste,27721,763.49,387125.65,13965.07
Alto Aurora do Leste,MG,Minas Gerais,Sudeste,4582,2153.0,125692.94,27431.89
Coração Azul da Mata,PB,Paraíba,Nordeste,91619,678.46,937851.24,10236.43
Monte Claro da Mata,PE,Pernambuco,Nordeste,39020,682.42,410533.34,10521.1
Boa Novo de Minas,PR,Paraná,Sul,60951,1348.84,1424129.47,23365.15
Ribeirão Verde,RS,Rio Grande do Sul,Sul,42999,1926.87,1392817.92,32391.87
Bela Horizonte Colonial,MG,Minas Gerais,Sudeste,22301,1073.86,364928.59,16363.78
Ribeirão Belo Colonial,CE,Ceará,Nordeste,2821,1286.41,67657.27,23983.43
Lagoa Bonito Central,MG,Minas Gerais,Sudeste,9119,2275.57,245207.36,26889.72
Barra Grande do Cerrado,SC,Santa Catarina,Sul,21669,1330.78,441915.21,20393.89
Campo do Vale Paulista,SP,São Paulo,Sudeste,1936,2300.92,64883.25,33514.08
Palmeira Novo Maior,BA,Bahia,Nordeste,1394,832.92,14205.81,10190.68
Alto Dourado do Cerrado,BA,Bahia,Nordeste,11704,961.18,209564.06,17905.34
Rio Verde,PI,Piauí,Nordeste,8696,1231.64,128258.94,14749.19
Ribeirão Horizonte Central,CE,Ceará,Nordeste,21304,1128.75,425540.42,19974.67
Cruz Branco Menor,SC,Santa Catarina,Sul,780,2141.84,18599.35,23845.32
Boa das Flores do Campo,BA,Bahia,Nordeste,15313,1211.78,234707.51,15327.34
Barra Vitória,MG,Minas Gerais,Sudeste,24522,1928.39,688212.0,28065.08
Santo Aurora Maior,PB,Paraíba,Nordeste,72183,745.21,1019526.73,14124.19
Vale Formosa Paulista,PR,Paraná,Sul,1980,2255.86,76574.54,38674.01
Pinheiro Feliz do Cerrado,MG,Minas Gerais,Sudeste,19861,1072.44,312697.38,15744.29
Barra Vitória do Leste,PB,Paraíba,Nordeste,53796,767.71,764227.35,14206.03
Novo dos Campos do Campo,MT,Mato Grosso,Centro-Oeste,278425,2198.0,7796761.53,28003.09
Porto Claro do Oeste,BA,Bahia,Nordeste,13699,1231.51,278433.89,20325.13
Santa Grande do Leste,MT,Mato Grosso,Centro-Oeste,27350,2206.72,750963.52,27457.53
Nova dos Campos do Cerrado,ES,Espírito Santo,Sudeste,43459,1048.21,619531.1,14255.53
Vale Vitória do Leste,BA,Bahia,Nordeste,1920,834.44,30330.89,15797.34
Ribeirão Formosa Central,MA,Maranhão,Nordeste,3458,918.11,50265.88,14536.11
Ribeirão Vista Paulista,MG,Minas Gerais,Sudeste,46560,2265.47,1432775.09,30772.66
Vale Claro das Palmeiras,SP,São Paulo,Sudeste,4945,2289.83,193441.22,39118.55
Rio Novo do Cerrado,RS,Rio Grande do Sul,Sul,2438,1531.5,64282.56,26366.92
Cachoeira Claro de Minas,BA,Bahia,Nordeste,32607,1284.27,742501.09,22771.22
Santo Esperança Central,SP,São Paulo,Sudeste,1542,2184.01,50149.91,32522.64
Santa Bonito Paulista,PE,Pernambuco,Nordeste,19002,1259.64,291363.43,15333.3
Campo Belo de Minas,SE,Sergipe,Nordeste,3613,1104.97,61236.96,16949.06
Campo Novo do Oeste,PR,Paraná,Sul,8769,2529.29,375618.69,42834.84
Rio das Flores do Oeste,MA,Maranhão,Nordeste,15218,787.71,198866.71,13067.86
Alto Branco Paulista,SP,São Paulo,Sudeste,1983,2334.79,86585.46,43663.87
Ipê Branco Colonial,GO,Goiás,Centro-Oeste,16837,2270.08,702753.52,41738.64
Porto das Flores de Minas,RN,Rio Grande do Norte,Nordeste,9468,742.67,89390.56,9441.34
Bela Grande do Leste,SP,São Paulo,Sudeste,6136,1369.0,98563.83,16063.21
Palmeira do Vale Central,SC,Santa Catarina,Sul,36430,1077.18,737346.55,20240.09
Ribeirão Real Maior,RS,Rio Grande do Sul,Sul,4414,1289.64,104052.67,23573.33
Jaboti Formosa do Oeste,GO,Goiás,Centro-Oeste,14284,2047.29,318829.47,22320.74
Novo União da Mata,RO,Rondônia,Norte,1678,905.18,19622.17,11693.78
Palmeira da Serra do Oeste,ES,Espírito Santo,Sudeste,19806,1604.6,606599.21,30627.04
Alto Novo Maior,MT,Mato Grosso,Centro-Oeste,44429,1763.12,1106321.71,24900.89
Serra Azul Maior,MG,Minas Gerais,Sudeste,11867,1253.81,232783.96,19616.07
Vale Aurora Colonial,PR,Paraná,Sul,8196,1250.86,133979.81,16346.98
Aracê do Norte Central,PB,Paraíba,Nordeste,10827,960.27,178565.89,16492.65
Serra Horizonte Colonial,RS,Rio Grande do Sul,Sul,1952,1214.65,32411.63,16604.32
Porto Redonda Menor,MG,Minas Gerais,Sudeste,72456,1033.73,1207386.33,16663.72
Coração Esperança do Campo,MA,Maranhão,Nordeste,17316,929.2,227824.18,13156.86
Campo do Sul do Leste,SP,São Paulo,Sudeste,11635,1139.06,243219.92,20904.16
Jaboti Aurora Maior,PR,Paraná,Sul,3243,1271.86,64574.05,19911.83
Ipê Real Maior,MG,Minas Gerais,Sudeste,12521,1816.51,270588.91,21610.81
Santa Horizonte Central,SC,Santa Catarina,Sul,21652,1337.53,357051.04,16490.44
Rio Claro de Minas,SP,São Paulo,Sudeste,13815,2111.45,407945.47,29529.17
Ipê Dourado do Leste,TO,Tocantins,Norte,9637,985.32,144040.05,14946.57
Pinheiro Feliz Central,BA,Bahia,Nordeste,6322,1208.37,103596.56,16386.68
Palmeira dos Campos da Mata,PB,Paraíba,Nordeste,28669,875.03,293266.72,10229.4
Coração Verde,MA,Maranhão,Nordeste,32818,1089.68,414716.04,12636.85
Jaboti Redonda do Cerrado,SP,São Paulo,Sudeste,19581,1014.05,235534.31,12028.72
Cachoeira Vista Maior,MG,Minas Gerais,Sudeste,108122,1516.97,2016925.64,18654.17
Ipê Feliz Maior,BA,Bahia,Nordeste,7930,1204.49,166834.27,21038.37
Ribeirão Novo Maior,RS,Rio Grande do Sul,Sul,13489,1306.19,204180.53,15136.82
Campo Vitória Colonial,MG,Minas Gerais,Sudeste,13597,2024.81,499249.63,36717.63
Santa Real Maior,SP,São Paulo,Sudeste,15249,2377.23,417681.07,27390.72
Santa Feliz do Oeste,PA,Pará,Norte,7452,732.19,81819.62,10979.55
São Novo Central,MA,Maranhão,Nordeste,47678,1147.23,939862.61,19712.71
São Claro do Cerrado,TO,Tocantins,Norte,7545,775.66,79915.42,10591.84
Palmeira Formosa de Minas,SP,São Paulo,Sudeste,49410,1081.37,922184.71,18663.93
Nova Bonito Colonial,SC,Santa Catarina,Sul,5314,2242.6,159839.89,30079.02
Jaboti Grande Central,BA,Bahia,Nordeste,12139,1015.91,157493.65,12974.19
Ribeirão Branco das Palmeiras,SP,São Paulo,Sudeste,7846,1107.97,165380.27,21078.29
Jaboti Dourado das Palmeiras,SP,São Paulo,Sudeste,9099,1187.26,178015.56,19564.3
Rio Alegre do Cerrado,TO,Tocantins,Norte,11875,579.12,86070.35,7248.03
Nova Vitória do Campo,PA,Pará,Norte,60574,1065.65,970413.83,16020.3
Monte Vitória Colonial,CE,Ceará,Nordeste,3162,613.88,21487.23,6795.46
Rio Branco Central,MG,Minas Gerais,Sudeste,15765,1278.62,323206.93,20501.55
Coração Bonita Menor,ES,Espírito Santo,Sudeste,10101,1792.99,253424.03,25089.0
Rio da Serra do Cerrado,RO,Rondônia,Norte,2329,1280.52,56893.43,24428.27
Novo Vista,MG,Minas Gerais,Sudeste,7927,2343.89,222992.3,28130.73
Coração da Serra,MG,Minas Gerais,Sudeste,29427,1443.57,549641.34,18678.13
Jaboti Redonda Menor,MG,Minas Gerais,Sudeste,14197,1819.02,312444.05,22007.75
Bela dos Campos das Palmeiras,RN,Rio Grande do Norte,Nordeste,3392,585.07,29872.36,8806.71
Alto Azul do Oeste,MG,Minas Gerais,Sudeste,23787,1340.35,410991.3,17277.98
Santo Formosa Paulista,SP,São Paulo,Sudeste,2216,2289.51,84328.48,38054.37
Pinheiro Grande da Mata,PI,Piauí,Nordeste,12733,1049.52,148741.11,11681.54
Porto Preto do Cerrado,RO,Rondônia,Norte,2418,1256.57,43128.97,17836.63
Vale Bonita Maior,RS,Rio Grande do Sul,Sul,7892,1278.66,160595.23,20349.12
Pinheiro Azul do Campo,SP,São Paulo,Sudeste,16255,1457.74,428033.98,26332.45
Jaboti Grande do Leste,PI,Piauí,Nordeste,3853,640.78,28008.9,7269.37
Barra Bonito Central,MS,Mato Grosso do Sul,Centro-Oeste,29861,1524.1,691013.55,23141.0
São das Flores do Campo,RN,Rio Grande do Norte,Nordeste,49691,882.77,834134.83,16786.44
Vila Redonda Menor,ES,Espírito Santo,Sudeste,1115,1119.91,22178.99,19891.47
São Belo do Oeste,PR,Paraná,Sul,10466,1045.22,134683.73,12868.69
Ipê Vista do Cerrado,MG,Minas Gerais,Sudeste,9061,1870.59,227302.16,25085.77
Alto Aurora do Oeste,PR,Paraná,Sul,2751,2056.06,69882.5,25402.58
Vila Grande Colonial,BA,Bahia,Nordeste,2216,800.74,27631.75,12469.2
Pinheiro União Central,PR,Paraná,Sul,181217,1757.4,5207138.33,28734.27
Novo Preto,RS,Rio Grande do Sul,Sul,21944,1793.98,575164.48,26210.56
Nova da Serra Maior,RN,Rio Grande do Norte,Nordeste,8333,1139.04,116273.17,13953.34
Nova Horizonte Paulista,PA,Pará,Norte,17404,1253.38,260890.12,14990.24
Jaboti Feliz do Cerrado,PR,Paraná,Sul,49877,1504.13,1349189.16,27050.33
Ribeirão Redonda da Mata,CE,Ceará,Nordeste,8224,1173.02,129559.01,15753.77
Novo Dourado Paulista,PE,Pernambuco,Nordeste,5072,1318.65,83121.82,16388.37
Barra Redonda Central,TO,Tocantins,Norte,91688,1183.12,1952677.36,21296.98
Palmeira Aurora das Palmeiras,PI,Piauí,Nordeste,1535,976.33,21448.07,13972.68
Vila das Flores do Oeste,MG,Minas Gerais,Sudeste,14265,1492.41,372191.58,26091.24
Ribeirão Real das Palmeiras,RS,Rio Grande do Sul,Sul,82777,2422.79,3326766.96,40189.51
Alto do Norte Menor,PR,Paraná,Sul,7042,2029.82,262501.66,37276.58
Pinheiro Dourado do Cerrado,RN,Rio Grande do Norte,Nordeste,96964,773.03,959635.71,9896.82
São Dourado Paulista,PR,Paraná,Sul,10939,1921.5,318279.63,29095.86
Aracê Azul Colonial,CE,Ceará,Nordeste,45980,1063.69,778932.33,16940.68
Ipê do Norte das Palmeiras,RS,Rio Grande do Sul,Sul,4395,1137.02,90300.1,20546.1
Palmeira União Central,SP,São Paulo,Sudeste,6604,1399.74,149221.99,22595.7
Novo Feliz Central,BA,Bahia,Nordeste,7485,976.53,97488.8,13024.56
Novo da Serra da Mata,RS,Rio Grande do Sul,Sul,20019,1201.13,336112.52,16789.68
Alto Grande,PE,Pernambuco,Nordeste,11852,1166.42,176063.26,14855.15
Campo dos Campos de Minas,PR,Paraná,Sul,7107,1308.36,145749.68,20507.9
Serra Novo,BA,Bahia,Nordeste,22068,1225.94,515031.65,23338.39
Aracê das Flores de Minas,GO,Goiás,Centro-Oeste,2941,1180.69,44245.1,15044.24
Cachoeira dos Campos Menor,SP,São Paulo,Sudeste,5934,2181.21,206046.63,34723.06
Pinheiro Preto das Palmeiras,CE,Ceará,Nordeste,30475,534.76,280727.61,9211.73
Nova Feliz Maior,MG,Minas Gerais,Sudeste,40913,1640.65,1133343.49,27701.3
Palmeira Preto do Oeste,CE,Ceará,Nordeste,17243,871.47,215773.57,12513.69
Campo Verde do Leste,BA,Bahia,Nordeste,33319,913.83,428140.1,12849.73
Aracê do Sul das Palmeiras,MG,Minas Gerais,Sudeste,5575,2262.95,198434.49,35593.63
Bela do Vale do Oeste,BA,Bahia,Nordeste,14626,549.51,96246.33,6580.5
Vila Dourado Menor,PB,Paraíba,Nordeste,24619,1066.67,472760.73,19203.08
Palmeira Aurora do Cerrado,BA,Bahia,Nordeste,23464,1031.42,283717.73,12091.62
Ribeirão Bonito das Palmeiras,RS,Rio Grande do Sul,Sul,8486,2188.77,231407.94,27269.38
Bela do Sul das Palmeiras,PR,Paraná,Sul,25465,1067.57,337890.09,13268.8
Cachoeira do Vale Maior,CE,Ceará,Nordeste,17118,1149.43,282385.55,16496.41
Lagoa Esperança do Leste,AM,Amazonas,Norte,17288,993.4,203591.62,11776.47
Ipê Redonda do Cerrado,PR,Paraná,Sul,5272,2416.89,172186.95,32660.65
Bela Preto da Mata,RJ,Rio de Janeiro,Sudeste,33824,1922.62,1214202.46,35897.66
Ipê Vista de Minas,GO,Goiás,Centro-Oeste,8813,1197.24,131844.41,14960.22
Vila Alegre Paulista,RJ,Rio de Janeiro,Sudeste,10347,2423.01,331483.42,32036.67
Ipê Bonito Paulista,RS,Rio Grande do Sul,Sul,14217,1122.63,267009.07,18780.97
Ipê Aurora da Mata,PE,Pernambuco,Nordeste,8647,1054.88,161427.62,18668.63
Rio Aurora do Cerrado,RJ,Rio de Janeiro,Sudeste,844,1357.14,12703.74,15051.82
Nova Real do Oeste,GO,Goiás,Centro-Oeste,36437,2106.15,1183603.75,32483.57
Alto Alegre do Oeste,MG,Minas Gerais,Sudeste,66036,1308.1,1063314.38,16102.04
Nova Claro do Cerrado,CE,Ceará,Nordeste,85934,569.75,580351.77,6753.46
Aracê Belo Menor,RJ,Rio de Janeiro,Sudeste,7646,1353.45,114815.86,15016.46
Campo Branco Paulista,PI,Piauí,Nordeste,2442,1035.01,37120.94,15201.04
Coração do Norte do Oeste,MS,Mato Grosso do Sul,Centro-Oeste,27605,1158.18,526195.48,19061.6
Santa Formosa do Leste,RS,Rio Grande do Sul,Sul,1003,1930.45,29484.78,29396.59
Santa Grande Menor,MG,Minas Gerais,Sudeste,3740,1751.36,117098.69,31309.81
Boa Azul Menor,PB,Paraíba,Nordeste,14298,856.73,184209.18,12883.56
Palmeira do Sul da Mata,PB,Paraíba,Nordeste,5432,1067.69,88402.06,16274.31
Campo das Flores Maior,TO,Tocantins,Norte,99304,1392.32,2124090.15,21389.77
Nova da Serra do Leste,MG,Minas Gerais,Sudeste,7641,1413.98,128441.44,16809.51
Santa Real de Minas,MS,Mato Grosso do Sul,Centro-Oeste,28214,1213.49,638549.38,22632.36
Rio Horizonte das Palmeiras,PA,Pará,Norte,120744,742.26,1465075.53,12133.73
Jaboti Esperança Menor,BA,Bahia,Nordeste,29670,572.59,240055.22,8090.84
Aracê Dourado da Mata,PB,Paraíba,Nordeste,18575,642.44,172010.47,9260.32
Ribeirão das Flores da Mata,AL,Alagoas,Nordeste,18594,802.26,209726.43,11279.25
Cachoeira Azul,RS,Rio Grande do Sul,Sul,40694,1509.89,801601.48,19698.27
Barra Verde Central,PI,Piauí,Nordeste,2448,1078.02,31193.23,12742.33
Aracê do Norte da Mata,BA,Bahia,Nordeste,34042,1289.21,573268.84,16840.05
Cachoeira Preto do Campo,ES,Espírito Santo,Sudeste,7044,1440.87,138751.4,19697.81
Barra Horizonte Maior,RJ,Rio de Janeiro,Sudeste,4355,2151.25,134049.73,30780.65
Cruz Real do Campo,PE,Pernambuco,Nordeste,21742,1174.86,342111.27,15735.04
Jaboti das Flores das Palmeiras,BA,Bahia,Nordeste,35297,763.19,485973.07,13768.11
Novo do Norte,PR,Paraná,Sul,27080,2128.72,845572.24,31224.97
Ipê das Flores Paulista,SP,São Paulo,Sudeste,19257,1146.86,392626.8,20388.78
Aracê Feliz do Campo,AL,Alagoas,Nordeste,11006,1209.38,230086.53,20905.55
Vila Grande Menor,AL,Alagoas,Nordeste,1453,595.47,11184.13,7697.27
Cruz Verde do Campo,PA,Pará,Norte,16342,1132.45,242506.36,14839.45
Nova União da Mata,MA,Maranhão,Nordeste,96162,1232.5,1815878.53,18883.54
Pinheiro Horizonte Menor,SC,Santa Catarina,Sul,2718,1798.23,76901.81,28293.53
Vila Alegre do Leste,MA,Maranhão,Nordeste,3316,634.11,26086.99,7867.01
Cachoeira Vista Paulista,PB,Paraíba,Nordeste,6494,1220.94,91143.15,14034.98
Vale Bonito do Cerrado,GO,Goiás,Centro-Oeste,6047,1523.43,154604.33,25567.11
Ipê do Sul do Campo,ES,Espírito Santo,Sudeste,22381,2365.13,834391.71,37281.25
Aracê Claro Central,RS,Rio Grande do Sul,Sul,100653,1829.25,3262701.22,32415.34
Cachoeira Grande Colonial,MG,Minas Gerais,Sudeste,6915,2131.0,234753.27,33948.41
Monte Azul das Palmeiras,RN,Rio Grande do Norte,Nordeste,9597,938.29,151330.15,15768.48
Rio da Serra Maior,MT,Mato Grosso,Centro-Oeste,11967,968.32,185244.69,15479.63
Novo Formosa do Campo,MG,Minas Gerais,Sudeste,91113,1625.8,2385217.09,26178.67
Serra Aurora do Campo,MG,Minas Gerais,Sudeste,344819,1408.38,7934842.7,23011.62
Ribeirão Grande do Oeste,MG,Minas Gerais,Sudeste,6567,1716.09,205811.05,31340.19
Nova do Sul da Mata,PB,Paraíba,Nordeste,7174,1253.32,146586.19,20432.98
São da Serra do Cerrado,GO,Goiás,Centro-Oeste,100458,1822.92,2895656.37,28824.55
Ipê dos Campos de Minas,RN,Rio Grande do Norte,Nordeste,40994,813.67,639492.47,15599.66
Barra Novo Central,GO,Goiás,Centro-Oeste,2304,1660.69,51956.98,22550.77
Campo Aurora Colonial,SP,São Paulo,Sudeste,413256,1817.2,11881477.02,28750.89
Boa Real Central,PR,Paraná,Sul,90690,2269.78,2417913.96,26661.31
Santo Dourado do Cerrado,RN,Rio Grande do Norte,Nordeste,1747,1194.7,25588.75,14647.25
São Redonda do Oeste,SP,São Paulo,Sudeste,41389,1786.08,1082021.85,26142.74
Santo da Serra Menor,PA,Pará,Norte,13528,1235.98,201886.07,14923.57
Lagoa Formosa Maior,MG,Minas Gerais,Sudeste,3095,1403.9,69005.82,22295.9
Rio Novo Paulista,CE,Ceará,Nordeste,1240,1212.09,21482.33,17324.46
Coração Vista,MG,Minas Gerais,Sudeste,15313,2392.24,653681.22,42687.99
Jaboti Branco de Minas,SC,Santa Catarina,Sul,13789,1131.9,237612.87,17232.06
Coração do Vale do Leste,DF,Distrito Federal,Centro-Oeste,18728,1686.3,565946.95,30219.29
Santo Formosa Menor,SP,São Paulo,Sudeste,2197,1492.44,35812.58,16300.67
Serra Bonita do Oeste,SC,Santa Catarina,Sul,6788,2354.74,278012.58,40956.48
Nova do Norte do Leste,BA,Bahia,Nordeste,2032,882.84,34198.53,16829.99
Cachoeira Esperança Colonial,CE,Ceará,Nordeste,11944,598.69,103108.51,8632.66
Vale Branco da Mata,MG,Minas Gerais,Sudeste,2781,1573.1,63928.64,22987.64
Monte Claro Menor,MG,Minas Gerais,Sudeste,3292,1705.59,73068.13,22195.67
Ribeirão Redonda do Leste,RS,Rio Grande do Sul,Sul,4061,1796.33,119488.54,29423.43
Monte Bonita Paulista,MG,Minas Gerais,Sudeste,14006,1559.12,394203.28,28145.31
Monte dos Campos Colonial,CE,Ceará,Nordeste,26586,1109.51,371336.35,13967.36
Ipê Redonda de Minas,MG,Minas Gerais,Sudeste,24827,1511.42,576999.17,23240.79
Porto do Sul Paulista,PA,Pará,Norte,31252,1252.96,660918.77,21148.05
Pinheiro das Flores Colonial,BA,Bahia,Nordeste,21605,579.64,191515.42,8864.4
Campo Horizonte do Campo,ES,Espírito Santo,Sudeste,26782,2275.91,670438.87,25033.19
Palmeira Novo Menor,MG,Minas Gerais,Sudeste,39293,1022.61,567987.39,14455.18
Porto do Norte do Cerrado,PR,Paraná,Sul,17016,1606.66,316729.53,18613.63
São do Norte Paulista,PB,Paraíba,Nordeste,4169,1016.85,68601.1,16455.05
Bela Azul do Campo,TO,Tocantins,Norte,155189,1386.65,2831421.1,18244.99
Boa Dourado do Leste,BA,Bahia,Nordeste,16119,860.71,169832.26,10536.15
Ribeirão Bonito da Mata,SP,São Paulo,Sudeste,65190,1782.76,2124135.12,32583.76
Serra Azul Colonial,MG,Minas Gerais,Sudeste,20187,997.26,312057.67,15458.35
Ribeirão Vitória de Minas,PE,Pernambuco,Nordeste,4221,705.68,40087.59,9497.18
Vale Branco,PR,Paraná,Sul,15452,1810.7,320459.89,20739.06
Aracê do Norte Menor,RN,Rio Grande do Norte,Nordeste,6544,673.13,54158.68,8276.08
Rio Branco Maior,BA,Bahia,Nordeste,1430,1242.0,22959.77,16055.78
Cachoeira do Vale do Campo,SC,Santa Catarina,Sul,35515,2097.87,1288466.94,36279.51
Vila Real do Oeste,RS,Rio Grande do Sul,Sul,11692,1467.45,297382.93,25434.74
Cruz Vitória do Cerrado,RR,Roraima,Norte,6042,658.16,45826.51,7584.66
Cruz Feliz de Minas,SC,Santa Catarina,Sul,117527,1702.23,3591548.18,30559.35
Jaboti Real do Cerrado,MA,Maranhão,Nordeste,51366,761.6,521919.42,10160.8
São Aurora das Palmeiras,PB,Paraíba,Nordeste,7193,1198.72,115668.27,16080.67
Nova União do Cerrado,MT,Mato Grosso,Centro-Oeste,7258,1121.52,113889.81,15691.62
Nova do Norte Colonial,RS,Rio Grande do Sul,Sul,11469,2004.25,276511.76,24109.49
Lagoa Preto,RS,Rio Grande do Sul,Sul,19611,2335.81,638572.0,32561.93
Alto União Menor,BA,Bahia,Nordeste,20444,1139.29,258902.34,12663.98
Bela Feliz Paulista,SP,São Paulo,Sudeste,32403,2065.21,1198044.82,36973.27
Pinheiro Verde Paulista,CE,Ceará,Nordeste,16990,657.41,204661.47,12046.0
Vila Horizonte Paulista,AL,Alagoas,Nordeste,26945,1032.12,316163.02,11733.64
Alto dos Campos das Palmeiras,SC,Santa Catarina,Sul,22269,1966.06,631878.24,28374.79
Boa dos Campos Colonial,RS,Rio Grande do Sul,Sul,3518,2048.43,86319.73,24536.59
Aracê União do Oeste,RJ,Rio de Janeiro,Sudeste,19375,2104.96,770407.82,39762.98
Alto Redonda do Oeste,RS,Rio Grande do Sul,Sul,2704,1115.52,41800.48,15458.76
Jaboti Horizonte Maior,SP,São Paulo,Sudeste,9455,1934.37,223506.54,23638.98
Ipê Claro das Palmeiras,SP,São Paulo,Sudeste,75232,1841.27,1596589.69,21222.22
Ribeirão Formosa do Cerrado,MT,Mato Grosso,Centro-Oeste,27442,2265.14,920929.56,33559.13
Jaboti Bonito Colonial,MG,Minas Gerais,Sudeste,37903,1646.3,829809.76,21892.98
Ribeirão Belo do Cerrado,RN,Rio Grande do Norte,Nordeste,2563,586.16,16896.56,6592.49
Nova do Norte,TO,Tocantins,Norte,5960,1253.97,137850.86,23129.34
Lagoa do Vale do Leste,GO,Goiás,Centro-Oeste,5289,1034.69,85745.55,16212.05
São Vista Colonial,SP,São Paulo,Sudeste,43892,2421.52,1212373.5,27621.74
Alto União Central,RN,Rio Grande do Norte,Nordeste,15018,968.09,216918.17,14443.88
Serra do Vale do Oeste,AL,Alagoas,Nordeste,6752,600.02,54594.12,8085.62
Vila Esperança,MG,Minas Gerais,Sudeste,26249,1190.75,558867.13,21290.99
Monte das Flores Maior,SC,Santa Catarina,Sul,11513,1560.52,313925.87,27267.08
Rio Branco Paulista,MG,Minas Gerais,Sudeste,46049,1542.88,982226.92,21330.04
Bela Aurora Paulista,SP,São Paulo,Sudeste,7039,1657.91,131404.41,18668.05
Serra do Vale do Campo,RS,Rio Grande do Sul,Sul,22455,1999.32,822253.12,36617.82
Serra do Vale Paulista,GO,Goiás,Centro-Oeste,10738,2240.26,450398.03,41944.31
Palmeira Dourado de Minas,RS,Rio Grande do Sul,Sul,1210,2389.58,49640.89,41025.53
Palmeira União do Cerrado,MA,Maranhão,Nordeste,7076,807.32,93263.38,13180.24
Palmeira do Norte Maior,SP,São Paulo,Sudeste,12986,1852.72,442011.66,34037.55
Jaboti do Vale,SP,São Paulo,Sudeste,21195,1309.58,383140.45,18076.93
Pinheiro Esperança de Minas,TO,Tocantins,Norte,15153,1235.56,208046.42,13729.72
Barra Branco do Leste,BA,Bahia,Nordeste,3709,1005.69,55811.34,15047.54
Novo do Vale Maior,TO,Tocantins,Norte,71926,750.6,748459.83,10405.97
Porto Horizonte do Leste,SP,São Paulo,Sudeste,71800,1789.57,1416786.58,19732.4
Bela Redonda,PI,Piauí,Nordeste,5886,716.41,66943.54,11373.35
Cachoeira Novo de Minas,RS,Rio Grande do Sul,Sul,55188,1250.09,1274321.07,23090.55
Monte Preto do Campo,MG,Minas Gerais,Sudeste,2660,1316.23,46275.54,17396.82
Monte Horizonte do Oeste,PR,Paraná,Sul,8564,1371.89,131079.08,15305.82
Barra das Flores Central,ES,Espírito Santo,Sudeste,5384,1338.86,88242.94,16389.85
São dos Campos de Minas,CE,Ceará,Nordeste,29012,1053.09,446055.71,15374.87
Santa Alegre de Minas,BA,Bahia,Nordeste,2600,564.81,22734.19,8743.92
Vila Belo Menor,SP,São Paulo,Sudeste,476493,2219.47,19052250.15,39984.32
Boa do Norte Central,PR,Paraná,Sul,498248,1852.45,10531571.13,21137.21
Campo Aurora das Palmeiras,SP,São Paulo,Sudeste,29490,1769.6,991439.4,33619.51
Alto Alegre das Palmeiras,BA,Bahia,Nordeste,3699,949.5,56703.66,15329.46
Porto Branco Paulista,BA,Bahia,Nordeste,40042,1282.32,601503.22,15021.81
Novo Esperança do Leste,MG,Minas Gerais,Sudeste,45587,1447.45,1128056.05,24745.13
Aracê da Serra do Oeste,RS,Rio Grande do Sul,Sul,37120,1202.72,577355.39,15553.76
Cruz Belo Paulista,TO,Tocantins,Norte,8948,1034.69,117992.48,13186.46
Nova das Flores das Palmeiras,MT,Mato Grosso,Centro-Oeste,2094,1092.67,24847.32,11865.96
Lagoa Aurora Maior,PI,Piauí,Nordeste,3488,765.73,32458.43,9305.74
Lagoa Horizonte,MS,Mato Grosso do Sul,Centro-Oeste,189516,1221.41,3455976.42,18235.8
Campo União,PR,Paraná,Sul,119346,1030.08,1937936.34,16237.97
Palmeira Verde Maior,AL,Alagoas,Nordeste,161033,1169.03,3563466.02,22128.79
Vila Bonito Central,RS,Rio Grande do Sul,Sul,24904,2510.49,748168.07,30042.08
Ipê Feliz do Cerrado,BA,Bahia,Nordeste,11117,1154.52,188796.43,16982.68
